Customer_ID,Age,Tenure_Months,Subscription_Plan,Billing_Frequency,Monthly_Charges,Login_Count_30D,Login_Count_7D,Usage_Minutes_30D,Usage_Minutes_7D,Avg_Session_Minutes_30D,Avg_Session_Minutes_7D,Support_Tickets,Open_Tickets,Avg_Resolution_Hours,Payment_Delays,Discount_Percent,NPS_Score,Days_Since_Last_Login,Churn
CUST10000,56.0,6,Basic,Monthly,449.04,17,11,262,237,8.7,8.2,3,1,22.4,0,10,35.0,12,1
CUST10001,46.0,15,Premium,Annual,1194.07,10,6,209,215,16.7,15.7,0,0,13.9,0,15,62.0,2,0
CUST10002,32.0,18,Standard,Monthly,736.96,19,18,209,168,17.9,18.0,4,2,19.0,0,10,63.0,7,0
CUST10003,60.0,32,Premium,Annual,1061.74,19,7,223,30,20.2,16.8,1,0,8.1,1,0,15.0,5,1
CUST10004,25.0,11,Standard,Monthly,550.54,14,7,233,87,14.9,9.6,1,1,16.0,0,0,38.0,10,1
CUST10005,38.0,20,Standard,Monthly,634.17,12,4,254,72,11.4,5.9,3,0,18.1,1,0,70.0,6,0
CUST10006,56.0,24,Basic,Monthly,407.2,10,6,259,253,21.9,22.1,5,2,16.0,1,15,34.0,8,0
CUST10007,36.0,15,Premium,Annual,1283.27,20,19,218,135,6.3,5.9,1,0,38.1,1,10,77.0,7,0
CUST10008,40.0,48,Basic,Monthly,337.05,14,3,230,115,20.3,9.7,3,1,22.4,2,0,59.0,6,0
CUST10009,28.0,7,Premium,Annual,1152.05,6,4,238,210,13.2,14.1,5,2,37.3,4,0,86.0,6,0
CUST10010,28.0,21,Premium,Annual,1203.87,10,4,222,50,19.5,15.7,1,0,15.9,2,5,34.0,9,1
CUST10011,41.0,42,Basic,Annual,371.92,11,8,232,191,25.0,25.7,1,0,27.7,1,10,60.0,5,0
CUST10012,53.0,26,Basic,Monthly,368.79,16,9,239,149,13.9,12.3,3,0,21.8,2,15,60.0,10,0
CUST10013,57.0,44,Standard,Quarterly,675.82,21,3,220,93,15.8,8.0,4,2,22.1,1,0,69.0,11,1
CUST10014,41.0,14,Basic,Quarterly,672.2049999999999,11,9,242,168,15.5,15.7,3,2,39.0,1,15,51.0,4,1
CUST10015,20.0,37,Premium,Monthly,1260.39,18,16,218,162,31.7,33.3,0,0,9.0,6,0,70.0,8,1
CUST10016,39.0,21,Basic,Quarterly,400.29,20,15,253,255,17.2,16.3,1,1,3.8,0,0,26.0,9,0
CUST10017,19.0,18,Basic,Monthly,490.0,12,9,245,180,17.0,14.5,4,3,23.1,3,0,41.0,3,1
CUST10018,41.0,5,Premium,Monthly,1227.0,11,7,204,166,17.5,18.4,4,1,20.1,0,0,5.0,8,0
CUST10019,61.0,3,Standard,Monthly,762.46,21,20,252,159,26.1,25.1,5,2,35.0,2,0,35.0,6,1
CUST10020,47.0,23,Premium,Monthly,1151.67,14,13,240,220,14.2,15.0,0,0,26.9,1,0,21.0,8,0
CUST10021,55.0,26,Basic,Monthly,363.05,17,12,242,201,22.8,23.8,1,1,25.8,0,15,50.0,6,1
CUST10022,19.0,37,Standard,Monthly,662.46,14,10,229,176,13.4,13.1,4,1,21.2,2,0,67.0,6,0
CUST10023,38.0,24,Standard,Quarterly,694.23,13,7,223,228,13.0,14.3,2,1,37.1,0,5,56.0,10,0
CUST10024,50.0,19,Standard,Monthly,702.3,22,13,234,233,20.2,19.5,2,0,43.0,0,5,62.0,11,0
CUST10025,29.0,25,Standard,Monthly,716.83,15,13,253,223,25.3,25.9,0,0,15.7,2,20,44.0,12,0
CUST10026,39.0,21,Standard,Monthly,807.52,15,12,213,215,15.7,16.0,1,1,20.9,0,0,38.0,4,1
CUST10027,61.0,12,Standard,Monthly,738.67,11,8,240,200,15.7,15.3,2,0,55.7,1,0,13.0,6,1
CUST10028,42.0,41,Basic,Quarterly,370.69,13,13,217,209,21.8,21.7,1,0,7.5,0,20,-6.0,3,0
CUST10029,44.0,33,Standard,Monthly,698.82,11,1,237,93,17.9,15.0,1,1,18.0,0,5,4.0,14,1
CUST10030,59.0,4,Basic,Quarterly,481.77,19,14,237,141,22.1,21.9,6,1,5.6,1,0,25.0,8,0
CUST10031,45.0,42,Standard,Monthly,742.0,14,9,225,236,8.2,7.9,0,0,24.4,0,0,65.0,7,0
CUST10032,33.0,7,Basic,Quarterly,481.05,12,12,262,166,11.8,11.9,1,0,11.4,1,0,11.0,9,1
CUST10033,32.0,22,Standard,Monthly,672.45,9,4,233,132,17.6,12.8,0,0,11.5,1,5,21.0,8,1
CUST10034,64.0,33,Standard,Monthly,659.86,16,5,208,99,20.7,10.1,0,0,5.9,1,10,30.0,7,0
CUST10035,61.0,17,Basic,Quarterly,360.66,13,11,223,160,17.2,15.2,3,3,18.6,1,5,43.0,1,0
CUST10036,20.0,24,Basic,Monthly,376.89,14,11,248,172,18.5,17.7,0,0,28.1,3,15,41.0,2,1
CUST10037,54.0,34,Basic,Quarterly,340.52,15,14,226,192,21.6,23.1,3,0,7.7,2,5,45.0,7,0
CUST10038,24.0,28,Standard,Quarterly,715.24,18,18,207,217,10.5,10.6,2,0,6.2,0,0,52.0,4,0
CUST10039,38.0,43,Premium,Monthly,1216.18,9,8,209,120,21.6,23.7,1,0,26.6,1,0,77.0,7,0
CUST10040,26.0,41,Basic,Monthly,472.63,15,14,220,207,24.3,20.9,2,1,3.2,0,0,44.0,5,0
CUST10041,56.0,39,Standard,Monthly,602.19,21,12,209,128,15.9,16.4,3,1,29.5,2,0,-2.0,9,0
CUST10042,35.0,22,Basic,Annual,347.07,16,13,226,127,12.8,11.9,2,1,31.7,0,20,45.0,11,0
CUST10043,21.0,17,Standard,Quarterly,743.31,21,19,229,199,23.3,20.0,4,2,14.3,0,0,78.0,5,0
CUST10044,42.0,34,Premium,Monthly,1209.09,18,14,216,213,28.3,29.9,1,0,12.6,1,5,58.0,11,0
CUST10045,31.0,6,Basic,Monthly,401.46,12,10,232,148,18.9,16.8,0,0,15.1,0,0,47.0,8,0
CUST10046,26.0,46,Standard,Monthly,768.51,11,2,218,49,12.7,6.2,1,1,9.2,2,0,51.0,4,1
CUST10047,43.0,6,Basic,Annual,343.45,13,6,202,102,18.0,10.1,1,1,12.3,0,5,-4.0,12,0
CUST10048,19.0,34,Basic,Monthly,358.92,9,5,217,218,13.0,13.6,1,0,23.0,0,5,-7.0,9,1
CUST10049,37.0,1,Basic,Monthly,352.44,12,11,222,152,22.3,22.4,0,0,26.2,4,0,64.0,10,0
CUST10050,45.0,10,Basic,Annual,288.29,18,17,211,163,17.7,16.2,1,0,11.7,2,15,74.0,8,0
CUST10051,64.0,21,Standard,Monthly,706.3,14,7,223,29,12.4,9.9,2,1,10.7,1,5,26.0,10,0
CUST10052,24.0,5,Standard,Monthly,670.24,10,9,241,199,19.2,16.8,2,0,15.7,0,0,47.0,7,0
CUST10053,61.0,2,Standard,Annual,658.69,10,10,220,224,14.1,12.5,3,0,9.5,2,10,58.0,7,1
CUST10054,25.0,22,Basic,Quarterly,348.76,8,7,219,222,10.1,10.8,4,3,22.2,1,0,84.0,9,0
CUST10055,42.0,48,Basic,Monthly,398.02,13,8,242,189,22.6,24.4,0,0,15.3,0,5,40.0,11,0
CUST10056,52.0,2,Standard,Monthly,655.08,14,13,222,187,19.8,21.6,1,0,9.4,0,5,60.0,7,0
CUST10057,31.0,10,Premium,Monthly,1211.19,16,10,232,154,15.2,16.1,1,0,8.1,0,10,92.0,10,0
CUST10058,34.0,34,Basic,Monthly,424.25,19,13,249,260,25.6,27.5,3,0,18.0,0,0,35.0,5,0
CUST10059,53.0,16,Premium,Annual,1182.8,19,7,225,80,13.5,9.0,0,0,23.0,1,15,44.0,6,1
CUST10060,57.0,48,Standard,Monthly,679.06,25,11,242,98,15.4,8.0,0,0,27.6,1,10,14.0,6,1
CUST10061,21.0,39,Standard,Quarterly,709.2,15,5,229,121,20.3,15.9,2,1,45.2,2,10,16.0,13,1
CUST10062,19.0,22,Standard,Annual,697.41,13,8,250,177,23.3,22.5,2,2,11.1,0,20,64.0,7,0
CUST10063,23.0,12,Basic,Monthly,472.16,11,3,248,92,20.3,17.2,1,1,15.4,0,15,72.0,7,1
CUST10064,59.0,24,Basic,Monthly,416.5,11,6,225,28,14.6,8.8,2,0,6.0,0,0,71.0,5,0
CUST10065,21.0,47,Standard,Monthly,759.26,22,3,253,114,16.6,9.2,3,1,40.6,0,5,16.0,5,1
CUST10066,46.0,40,Basic,Annual,432.58,16,6,243,52,14.1,11.4,5,2,7.8,1,15,37.0,9,1
CUST10067,35.0,38,Premium,Annual,1126.49,10,10,240,159,16.0,16.4,1,0,10.5,0,5,54.0,1,0
CUST10068,43.0,10,Standard,Monthly,668.3,16,4,252,56,16.5,12.2,3,2,30.7,0,10,-10.0,7,1
CUST10069,61.0,35,Basic,Quarterly,396.35,11,8,237,190,20.5,17.9,3,0,37.1,2,0,53.0,8,0
CUST10070,51.0,32,Standard,Monthly,746.76,14,13,243,181,13.9,12.8,1,0,53.4,0,10,89.0,6,0
CUST10071,27.0,7,Basic,Annual,505.03,12,4,200,65,23.7,19.4,0,0,49.4,0,10,70.0,7,1
CUST10072,53.0,21,Standard,Monthly,672.37,14,8,225,184,17.9,17.8,1,0,1.4,0,15,-10.0,5,0
CUST10073,31.0,20,Standard,Monthly,702.04,18,16,239,226,12.9,12.0,4,2,19.2,2,10,52.0,5,0
CUST10074,48.0,26,Premium,Annual,1243.0,18,16,242,203,20.3,21.6,2,2,25.0,1,15,47.0,9,0
CUST10075,65.0,4,Standard,Monthly,695.82,13,3,228,28,17.3,14.4,1,1,21.1,0,0,49.0,6,1
CUST10076,32.0,46,Standard,Monthly,789.43,13,11,244,146,15.2,14.5,2,1,35.3,1,10,45.0,5,0
CUST10077,25.0,22,Standard,Monthly,624.87,12,8,228,219,26.5,24.4,2,1,8.7,0,20,34.0,9,0
CUST10078,31.0,15,Premium,Monthly,1236.29,16,4,229,46,16.1,9.5,1,0,18.5,0,10,-10.0,7,1
CUST10079,40.0,40,Basic,Monthly,435.75,15,13,252,204,15.3,15.8,1,0,31.8,1,5,50.0,6,0
CUST10080,57.0,21,Basic,Annual,462.36,13,12,219,177,23.8,22.9,2,1,8.2,0,15,58.0,7,0
CUST10081,38.0,15,Basic,Monthly,402.41,13,12,220,157,21.0,22.8,6,2,10.6,0,0,28.0,11,0
CUST10082,33.0,22,Basic,Monthly,448.03,13,9,246,175,22.5,24.4,3,1,24.3,0,0,73.0,9,0
CUST10083,62.0,28,Standard,Quarterly,685.3,18,11,243,210,14.6,15.0,0,0,24.2,0,20,1.0,9,0
CUST10084,35.0,14,Standard,Monthly,654.92,10,3,204,70,19.3,11.0,1,1,55.1,0,10,-1.0,9,1
CUST10085,64.0,27,Standard,Monthly,646.9,12,7,225,190,9.7,10.0,1,1,15.6,0,0,44.0,10,0
CUST10086,41.0,41,Basic,Quarterly,319.72,14,9,221,202,6.5,6.5,3,0,14.6,2,0,25.0,8,0
CUST10087,43.0,40,Standard,Annual,674.73,15,12,223,162,14.5,13.8,2,1,36.5,4,10,66.0,3,0
CUST10088,42.0,28,Basic,Quarterly,416.13,13,13,236,155,18.3,16.8,0,0,13.3,1,10,43.0,9,0
CUST10089,62.0,26,Standard,Quarterly,672.2049999999999,16,16,246,162,32.4,28.0,1,0,26.7,0,0,76.0,17,0
CUST10090,58.0,2,Standard,Monthly,709.89,17,15,239,141,25.5,26.8,2,1,25.0,0,5,24.0,16,1
CUST10091,46.0,25,Basic,Annual,466.92,15,8,199,118,11.4,10.1,1,1,32.0,1,10,46.0,6,1
CUST10092,32.0,3,Basic,Monthly,370.54,16,12,245,155,23.3,22.2,2,1,30.4,1,20,-8.0,5,1
CUST10093,62.0,8,Basic,Quarterly,527.72,12,11,224,125,9.9,9.0,3,2,30.8,0,5,41.0,3,0
CUST10094,18.0,44,Premium,Monthly,1240.54,10,6,215,147,27.2,26.2,1,0,23.6,0,5,44.0,7,0
CUST10095,42.0,33,Premium,Annual,1188.17,20,19,219,154,15.0,13.9,1,0,30.7,1,5,72.0,10,0
CUST10096,24.0,42,Standard,Quarterly,686.92,11,11,212,222,14.6,15.4,4,0,14.8,0,5,4.0,10,0
CUST10097,26.0,35,Basic,Quarterly,343.55,16,12,240,251,24.1,26.4,1,1,14.1,2,0,35.0,11,0
CUST10098,41.0,6,Standard,Monthly,697.59,9,8,243,156,14.6,15.9,2,0,39.7,1,0,78.0,5,0
CUST10099,18.0,39,Standard,Monthly,580.11,8,5,238,156,28.5,28.6,3,2,38.1,1,5,82.0,11,0
CUST10100,61.0,23,Standard,Quarterly,768.07,15,13,275,219,14.6,16.0,1,0,21.8,0,0,21.0,5,0
CUST10101,25.0,25,Basic,Quarterly,244.09,20,11,207,129,23.3,22.2,6,0,20.8,2,0,25.0,16,1
CUST10102,41.0,43,Basic,Monthly,401.3,13,8,210,168,18.7,18.3,1,0,13.9,1,20,0.0,5,0
CUST10103,28.0,19,Standard,Annual,636.08,20,2,223,71,22.1,10.3,3,1,49.0,1,0,-10.0,11,1
CUST10104,34.0,5,Standard,Annual,660.44,16,14,253,180,12.0,12.8,1,0,2.6,0,0,32.0,8,0
CUST10105,25.0,11,Basic,Monthly,367.53,12,6,250,48,7.0,4.1,1,1,49.6,0,5,26.0,14,1
CUST10106,52.0,12,Basic,Annual,504.91,13,7,242,50,12.4,10.5,2,2,11.6,1,0,94.0,10,1
CUST10107,52.0,10,Standard,Monthly,638.32,13,12,227,237,15.6,16.4,6,1,26.4,0,10,51.0,13,1
CUST10108,50.0,8,Premium,Monthly,1249.28,14,13,258,171,16.8,16.8,0,0,20.6,3,0,37.0,7,0
CUST10109,22.0,24,Premium,Monthly,1262.82,26,20,233,232,15.1,13.1,0,0,23.3,3,5,58.0,10,0
CUST10110,59.0,28,Standard,Monthly,570.39,16,16,204,167,5.2,5.2,4,3,49.3,0,15,68.0,6,1
CUST10111,56.0,41,Standard,Quarterly,665.16,8,4,218,41,14.2,11.4,3,0,14.8,1,10,72.0,8,0
CUST10112,58.0,36,Basic,Monthly,480.65,19,17,209,209,18.2,16.4,3,1,11.7,3,0,48.0,8,0
CUST10113,45.0,37,Standard,Quarterly,626.69,8,7,206,210,16.5,17.1,4,1,17.1,0,10,41.0,8,0
CUST10114,24.0,21,Standard,Quarterly,764.91,18,7,218,43,15.8,7.5,1,1,11.5,0,0,46.0,5,0
CUST10115,26.0,8,Standard,Quarterly,698.02,16,10,235,170,15.2,16.7,3,0,22.2,2,5,41.0,4,1
CUST10116,25.0,9,Standard,Monthly,695.64,20,19,227,180,18.3,17.5,3,1,24.7,0,5,29.0,12,0
CUST10117,29.0,47,Basic,Annual,402.82,17,16,248,213,11.7,10.0,1,1,22.6,0,10,68.0,10,0
CUST10118,51.0,15,Basic,Monthly,417.84,24,20,224,216,16.5,15.8,4,1,50.3,1,5,37.0,11,1
CUST10119,50.0,48,Basic,Monthly,346.44,20,15,254,223,15.6,15.8,0,0,12.3,0,0,17.0,5,0
CUST10120,65.0,46,Basic,Monthly,384.68,10,6,252,185,10.5,11.3,1,0,78.1,0,5,43.0,11,1
CUST10121,40.0,40,Basic,Monthly,419.38,10,7,247,187,16.9,18.3,3,1,23.0,1,5,60.0,8,0
CUST10122,41.0,18,Premium,Annual,1208.73,15,8,253,62,6.1,3.5,4,1,5.1,0,10,6.0,5,1
CUST10123,54.0,42,Standard,Monthly,718.21,15,12,254,257,13.9,14.1,0,0,9.7,0,0,35.0,9,0
CUST10124,52.0,20,Standard,Quarterly,659.47,15,8,236,64,20.0,10.3,3,3,29.2,1,15,22.0,10,0
CUST10125,61.0,6,Premium,Monthly,1233.78,9,5,227,191,20.5,17.4,3,0,40.7,1,0,97.0,7,1
CUST10126,57.0,12,Premium,Monthly,1205.96,17,14,224,221,18.1,17.0,3,1,23.2,0,10,44.0,12,0
CUST10127,39.0,2,Standard,Annual,612.06,12,9,236,179,19.3,20.8,1,0,18.6,1,0,81.0,4,0
CUST10128,44.0,7,Premium,Quarterly,1169.77,11,3,237,76,21.7,12.7,1,0,7.8,3,10,48.0,4,1
CUST10129,52.0,16,Basic,Monthly,349.75,14,14,241,229,18.6,18.0,0,0,25.5,0,10,50.0,6,0
CUST10130,18.0,3,Basic,Monthly,349.04,9,2,201,101,25.1,11.7,1,1,10.4,1,5,40.0,8,0
CUST10131,52.0,45,Standard,Monthly,672.79,18,19,232,175,5.3,4.8,1,0,5.4,0,5,36.0,7,0
CUST10132,54.0,3,Standard,Monthly,732.74,20,16,223,200,22.9,22.7,2,2,27.8,1,10,40.0,6,0
CUST10133,64.0,27,Standard,Quarterly,664.53,21,13,220,167,5.0,5.3,2,0,13.3,0,10,26.0,9,0
CUST10134,31.0,43,Basic,Quarterly,411.38,23,2,238,44,14.2,10.8,2,0,18.8,1,10,42.0,3,1
CUST10135,20.0,40,Basic,Monthly,402.36,9,6,232,197,22.4,19.9,2,0,12.5,2,15,1.0,12,1
CUST10136,18.0,38,Standard,Annual,656.15,19,16,269,168,21.7,22.0,1,0,49.9,3,0,46.0,5,0
CUST10137,22.0,33,Basic,Monthly,380.04,19,19,234,177,12.2,11.2,1,0,8.0,0,0,12.0,14,0
CUST10138,43.0,28,Standard,Monthly,746.57,13,12,246,139,17.7,15.8,6,3,7.7,1,20,44.0,14,0
CUST10139,31.0,1,Standard,Monthly,707.24,14,6,234,71,14.4,7.9,5,3,36.1,1,15,50.0,10,1
CUST10140,56.0,8,Standard,Quarterly,729.19,13,9,226,182,23.1,22.5,4,2,1.8,0,5,77.0,8,0
CUST10141,44.0,37,Standard,Monthly,768.99,11,6,233,195,17.5,17.5,1,1,63.1,0,0,50.0,9,0
CUST10142,26.0,32,Premium,Monthly,1222.92,15,10,215,134,14.1,15.2,2,1,25.0,0,15,35.0,9,1
CUST10143,32.0,48,Standard,Monthly,593.36,16,10,229,212,20.3,19.9,3,1,33.7,2,10,26.0,10,0
CUST10144,32.0,43,Standard,Monthly,713.88,17,6,233,125,21.5,14.7,2,1,20.0,2,20,60.0,6,1
CUST10145,43.0,37,Standard,Annual,665.0,17,15,232,234,16.8,15.1,1,0,7.5,1,0,40.0,7,0
CUST10146,59.0,4,Basic,Monthly,498.57,12,5,224,119,21.9,11.2,1,0,26.8,2,0,23.0,6,1
CUST10147,30.0,30,Basic,Monthly,420.96,17,10,227,142,27.4,27.7,2,1,43.1,2,5,46.0,6,1
CUST10148,49.0,6,Basic,Quarterly,366.14,17,12,244,227,5.5,5.0,4,2,9.1,0,15,-4.0,8,0
CUST10149,56.0,46,Standard,Annual,730.16,11,8,201,168,25.2,25.7,2,0,17.0,2,20,44.0,12,0
CUST10150,49.0,19,Standard,Annual,703.99,17,10,225,167,26.6,24.0,2,0,10.3,1,0,22.0,9,1
CUST10151,21.0,32,Premium,Monthly,1104.51,11,4,204,37,20.7,16.4,4,2,29.0,0,0,34.0,11,0
CUST10152,47.0,9,Basic,Monthly,446.47,12,4,244,63,16.1,11.4,2,1,26.0,1,0,92.0,9,1
CUST10153,54.0,12,Basic,Monthly,376.7,14,2,253,149,8.6,6.7,3,3,57.6,1,15,30.0,5,1
CUST10154,40.0,11,Premium,Monthly,1277.13,14,2,228,65,18.3,10.8,3,0,11.2,2,5,62.0,12,1
CUST10155,56.0,46,Basic,Annual,392.16,18,14,246,197,15.6,16.9,2,1,31.8,1,15,68.0,7,0
CUST10156,62.0,16,Standard,Monthly,778.16,8,3,249,31,9.7,7.9,2,1,24.7,0,0,63.0,7,1
CUST10157,32.0,1,Standard,Monthly,722.37,20,12,240,227,14.1,15.0,3,0,32.9,0,0,51.0,12,0
CUST10158,60.0,45,Standard,Monthly,752.58,13,13,242,137,17.8,15.2,0,0,11.2,0,5,14.0,4,0
CUST10159,42.0,21,Basic,Monthly,371.95,10,6,244,242,19.6,18.5,1,0,3.9,1,0,26.0,12,0
CUST10160,53.0,30,Basic,Quarterly,418.42,10,6,224,174,11.9,10.2,1,1,17.3,0,5,13.0,12,1
CUST10161,30.0,13,Basic,Monthly,304.06,12,7,235,152,3.7,3.4,3,2,18.8,2,15,33.0,5,1
CUST10162,49.0,34,Standard,Monthly,692.01,14,3,191,89,16.5,11.5,1,1,55.1,0,5,33.0,11,1
CUST10163,24.0,4,Standard,Monthly,617.35,11,9,254,181,12.5,13.3,3,0,10.3,3,10,19.0,11,1
CUST10164,39.0,28,Basic,Monthly,336.14,6,6,269,182,15.4,15.0,1,1,28.0,0,0,56.0,6,0
CUST10165,45.0,38,Standard,Monthly,650.01,14,13,243,153,5.7,5.8,3,2,5.6,3,5,30.0,6,0
CUST10166,19.0,31,Premium,Quarterly,1235.32,13,2,253,55,16.1,13.4,1,1,13.3,0,5,33.0,8,0
CUST10167,59.0,27,Basic,Monthly,390.9,14,12,238,142,20.2,20.2,4,1,9.3,0,0,3.0,11,0
CUST10168,62.0,5,Standard,Quarterly,700.73,13,2,236,30,15.3,6.9,3,1,25.3,2,0,44.0,6,1
CUST10169,23.0,25,Standard,Annual,689.4,13,12,214,168,18.6,17.2,1,0,18.3,0,10,40.0,6,0
CUST10170,45.0,3,Basic,Annual,458.44,18,17,208,161,16.2,17.6,2,0,21.2,1,0,27.0,4,1
CUST10171,45.0,33,Basic,Annual,399.22,20,17,220,121,6.2,5.6,2,0,10.2,1,0,52.0,10,0
CUST10172,61.0,4,Standard,Monthly,712.69,17,15,232,222,18.5,20.0,2,1,3.5,1,0,45.0,13,0
CUST10173,61.0,25,Premium,Monthly,1167.64,15,14,236,188,13.3,11.4,4,1,11.7,1,15,57.0,12,0
CUST10174,37.0,20,Premium,Monthly,1262.22,17,10,220,169,10.1,9.9,3,1,27.8,1,10,58.0,11,0
CUST10175,47.0,34,Standard,Annual,766.34,16,9,237,40,22.1,16.1,4,2,30.5,1,10,60.0,10,1
CUST10176,28.0,26,Standard,Annual,696.97,17,15,225,131,19.6,19.7,4,3,21.9,2,0,84.0,5,0
CUST10177,45.0,5,Standard,Annual,666.86,13,13,240,176,14.3,14.2,2,2,30.0,0,0,45.0,7,0
CUST10178,42.0,35,Standard,Monthly,610.12,19,10,224,98,17.1,9.5,2,1,8.8,0,0,18.0,7,0
CUST10179,56.0,28,Standard,Annual,651.23,16,17,215,168,19.0,17.5,0,0,18.6,0,5,31.0,8,0
CUST10180,50.0,29,Basic,Monthly,279.81,15,10,230,147,7.8,6.7,0,0,35.2,0,10,32.0,7,1
CUST10181,18.0,9,Standard,Monthly,648.91,7,2,240,119,11.2,5.8,3,0,6.3,1,0,19.0,9,1
CUST10182,44.0,38,Standard,Monthly,718.63,14,10,234,164,11.4,10.2,1,0,12.4,0,5,-10.0,11,1
CUST10183,30.0,6,Standard,Monthly,696.23,18,18,226,236,21.0,22.7,3,1,13.8,0,0,48.0,8,0
CUST10184,58.0,19,Premium,Monthly,1326.78,4,3,226,161,27.4,29.1,2,1,9.0,0,0,43.0,4,0
CUST10185,20.0,44,Basic,Monthly,378.59,16,13,212,138,21.5,20.0,1,0,5.5,0,10,90.0,8,0
CUST10186,56.0,11,Basic,Monthly,374.3,14,9,246,236,18.7,19.8,3,2,41.2,2,10,88.0,9,1
CUST10187,23.0,2,Basic,Quarterly,457.45,19,4,243,66,11.8,8.7,3,2,27.2,2,0,59.0,7,1
CUST10188,25.0,47,Standard,Annual,593.02,12,12,248,191,22.4,20.2,5,0,17.1,1,15,56.0,9,0
CUST10189,44.0,44,Standard,Quarterly,617.5,16,11,249,205,15.8,16.5,1,0,10.7,1,0,21.0,4,0
CUST10190,26.0,44,Basic,Monthly,435.51,15,7,263,99,11.9,6.8,4,4,5.7,1,15,47.0,5,0
CUST10191,54.0,9,Standard,Annual,688.25,9,9,247,209,22.3,19.3,3,1,11.3,2,5,39.0,8,0
CUST10192,50.0,21,Standard,Annual,689.51,18,9,226,134,26.0,12.5,2,0,33.9,0,5,46.0,9,0
CUST10193,59.0,24,Standard,Monthly,647.46,21,19,231,222,22.4,24.6,5,1,47.1,1,5,23.0,4,0
CUST10194,61.0,34,Standard,Monthly,712.19,13,9,216,140,32.3,32.0,3,1,42.3,0,15,52.0,6,0
CUST10195,41.0,22,Standard,Monthly,654.56,14,2,209,31,13.4,10.2,2,1,11.3,0,0,8.0,11,0
CUST10196,32.0,3,Premium,Monthly,1203.0,13,11,225,143,15.2,14.3,2,0,6.9,0,5,100.0,12,0
CUST10197,49.0,12,Basic,Quarterly,335.28,14,13,222,207,12.7,12.9,5,3,14.7,0,0,78.0,4,0
CUST10198,49.0,28,Basic,Annual,388.97,19,14,223,188,12.7,13.0,1,1,19.1,0,15,75.0,6,0
CUST10199,41.0,30,Standard,Monthly,810.37,14,8,226,210,26.4,28.3,1,1,21.4,3,0,10.0,15,0
CUST10200,58.0,26,Premium,Annual,1175.63,15,8,217,88,11.4,7.4,1,1,14.2,1,10,1.0,1,0
CUST10201,29.0,48,Standard,Annual,691.75,11,10,212,128,14.7,15.7,5,0,9.3,0,0,49.0,7,0
CUST10202,56.0,21,Basic,Annual,387.86,26,18,222,156,25.6,25.9,3,1,40.7,0,10,34.0,10,1
CUST10203,19.0,28,Basic,Monthly,408.6,13,10,227,182,20.3,19.6,3,0,25.3,0,0,88.0,7,0
CUST10204,20.0,26,Standard,Annual,724.75,10,6,234,164,11.9,12.1,0,0,16.6,1,0,58.0,2,0
CUST10205,54.0,33,Basic,Monthly,413.15,18,13,260,170,17.5,17.8,3,2,12.0,0,0,41.0,7,0
CUST10206,34.0,21,Standard,Monthly,714.36,13,11,194,191,7.8,7.1,3,1,10.5,1,20,79.0,8,0
CUST10207,19.0,35,Premium,Monthly,1189.05,21,17,223,206,16.8,16.4,8,2,50.5,0,0,47.0,7,1
CUST10208,19.0,34,Standard,Monthly,704.52,20,13,235,170,18.5,16.7,4,1,2.4,1,20,48.0,9,0
CUST10209,45.0,41,Standard,Quarterly,687.23,15,14,236,220,18.8,20.3,3,1,17.5,0,0,68.0,6,0
CUST10210,40.0,47,Standard,Monthly,599.32,27,7,237,66,29.3,22.0,4,1,42.9,0,0,25.0,5,1
CUST10211,54.0,18,Basic,Monthly,543.68,11,9,214,118,22.5,23.6,4,2,21.7,1,0,67.0,3,1
CUST10212,49.0,11,Premium,Monthly,1239.05,16,11,212,157,11.0,10.4,4,0,34.1,1,5,56.0,4,1
CUST10213,50.0,23,Standard,Quarterly,645.14,14,11,214,149,18.7,19.4,3,0,32.1,0,5,19.0,2,0
CUST10214,18.0,48,Standard,Monthly,711.65,14,9,227,150,17.6,15.9,2,0,35.7,0,5,91.0,10,0
CUST10215,36.0,22,Standard,Annual,624.96,19,3,214,30,29.2,16.6,0,0,86.2,1,0,31.0,8,1
CUST10216,19.0,17,Standard,Monthly,671.82,13,10,203,207,15.4,13.7,2,1,32.6,0,0,1.0,9,0
CUST10217,61.0,5,Standard,Monthly,617.49,18,5,237,123,18.8,15.8,1,0,4.5,0,0,23.0,10,1
CUST10218,43.0,44,Basic,Monthly,396.18,14,8,238,232,19.6,17.2,3,1,58.3,0,10,16.0,8,0
CUST10219,49.0,11,Premium,Monthly,1112.03,14,11,264,173,11.6,11.4,6,2,29.0,1,0,47.0,7,0
CUST10220,23.0,30,Premium,Monthly,1220.36,14,9,228,145,8.9,9.3,2,1,32.8,1,5,83.0,5,0
CUST10221,49.0,15,Standard,Monthly,736.52,21,18,207,206,16.6,17.3,2,2,7.2,2,0,48.0,12,0
CUST10222,21.0,27,Premium,Annual,1153.52,15,11,222,177,22.0,19.0,4,2,17.0,3,10,82.0,5,0
CUST10223,28.0,35,Basic,Quarterly,407.85,15,13,216,215,10.1,9.8,2,0,46.1,2,0,69.0,16,1
CUST10224,34.0,33,Standard,Monthly,650.6,18,18,247,144,17.4,18.5,4,0,19.5,0,20,-10.0,6,0
CUST10225,55.0,20,Standard,Monthly,727.15,12,3,242,72,14.0,7.4,2,2,20.1,0,5,64.0,10,1
CUST10226,41.0,16,Standard,Annual,661.13,11,10,235,178,6.4,5.5,1,0,41.5,0,0,27.0,8,1
CUST10227,22.0,34,Standard,Monthly,742.39,14,13,241,151,19.4,18.1,0,0,2.8,1,10,55.0,13,0
CUST10228,51.0,2,Basic,Monthly,299.36,11,11,247,220,20.5,20.2,1,1,5.4,0,10,41.0,14,0
CUST10229,23.0,35,Basic,Quarterly,343.73,13,9,217,206,22.0,19.7,2,0,6.0,0,10,100.0,8,0
CUST10230,39.0,40,Standard,Quarterly,638.02,13,13,241,138,22.7,23.2,1,0,19.3,1,0,53.0,3,0
CUST10231,28.0,28,Basic,Monthly,410.18,14,2,211,67,17.4,13.1,2,1,16.9,1,20,57.0,8,1
CUST10232,65.0,47,Standard,Monthly,729.53,15,5,208,53,20.4,11.5,1,1,23.6,0,0,69.0,9,1
CUST10233,33.0,39,Basic,Monthly,414.44,10,7,223,158,19.1,18.9,0,0,4.7,1,0,5.0,12,0
CUST10234,50.0,6,Basic,Quarterly,371.01,12,4,250,59,3.0,2.3,2,1,16.1,0,0,69.0,6,0
CUST10235,26.0,9,Standard,Monthly,545.27,13,5,244,40,9.0,5.2,1,1,12.8,1,0,37.0,3,0
CUST10236,23.0,20,Standard,Monthly,701.13,16,12,226,149,13.6,12.4,2,0,41.5,1,0,25.0,6,0
CUST10237,33.0,1,Premium,Monthly,1242.34,12,11,227,181,18.3,18.8,1,0,8.4,0,5,63.0,5,0
CUST10238,42.0,8,Standard,Monthly,846.43,13,9,230,216,19.6,17.0,1,0,15.2,0,0,5.0,4,0
CUST10239,20.0,23,Basic,Annual,375.66,16,10,252,222,21.9,23.2,1,0,24.8,1,5,65.0,5,0
CUST10240,37.0,3,Premium,Annual,1162.41,17,14,241,185,22.0,23.9,4,2,11.9,1,0,38.0,9,0
CUST10241,53.0,4,Standard,Quarterly,716.61,10,8,241,147,19.1,20.9,3,0,60.0,1,0,39.0,3,0
CUST10242,36.0,25,Basic,Monthly,384.91,20,19,202,208,21.0,20.1,1,0,31.9,0,0,-10.0,11,0
CUST10243,43.0,47,Standard,Monthly,769.15,14,11,212,145,27.2,27.4,0,0,26.9,1,5,65.0,8,0
CUST10244,20.0,38,Premium,Monthly,1154.55,15,14,213,147,20.5,21.8,3,0,25.1,1,5,48.0,8,0
CUST10245,36.0,15,Standard,Monthly,685.31,8,6,233,203,17.8,16.1,2,1,12.8,0,10,30.0,7,0
CUST10246,37.0,21,Basic,Annual,447.19,19,16,202,189,20.7,17.8,3,1,2.3,0,15,19.0,10,0
CUST10247,49.0,35,Basic,Monthly,415.96,20,13,209,218,22.9,21.7,3,2,21.3,0,0,62.0,5,0
CUST10248,24.0,46,Basic,Monthly,462.87,14,10,244,252,27.3,29.2,0,0,19.0,1,0,51.0,10,0
CUST10249,58.0,14,Standard,Monthly,674.99,23,3,212,32,11.4,8.0,3,1,11.3,0,0,42.0,7,1
CUST10250,50.0,36,Standard,Quarterly,768.48,20,13,221,170,8.2,8.0,1,1,38.2,2,5,17.0,5,0
CUST10251,57.0,12,Basic,Monthly,307.49,15,14,229,145,19.2,19.7,2,0,23.3,0,0,50.0,3,0
CUST10252,56.0,17,Premium,Monthly,1109.69,12,8,221,186,9.3,9.3,7,2,2.5,0,5,48.0,9,0
CUST10253,35.0,39,Standard,Monthly,769.35,14,8,198,111,16.5,14.3,3,3,19.9,1,10,75.0,11,0
CUST10254,57.0,9,Standard,Annual,699.4,11,7,239,155,28.9,28.6,5,1,19.6,0,5,12.0,9,0
CUST10255,18.0,35,Premium,Monthly,1249.64,9,8,222,122,18.0,18.2,0,0,20.0,2,15,24.0,9,1
CUST10256,28.0,13,Basic,Annual,404.47,16,2,223,70,18.1,14.0,2,1,5.8,1,5,91.0,8,1
CUST10257,45.0,15,Standard,Annual,698.61,12,11,241,190,15.6,16.1,3,2,19.2,0,15,47.0,10,0
CUST10258,42.0,18,Standard,Monthly,625.96,12,11,239,178,27.0,26.5,2,0,13.2,3,15,48.0,11,0
CUST10259,40.0,33,Premium,Quarterly,1197.52,16,12,251,184,20.5,22.1,1,1,9.8,2,5,66.0,6,0
CUST10260,48.0,6,Standard,Monthly,773.89,17,13,221,213,15.2,14.7,5,1,5.6,2,10,87.0,10,0
CUST10261,47.0,27,Basic,Annual,402.12,19,14,231,205,26.9,26.3,4,3,35.4,0,5,13.0,9,0
CUST10262,59.0,23,Premium,Monthly,1236.51,17,17,243,247,19.1,20.0,3,0,65.7,1,10,97.0,8,0
CUST10263,52.0,27,Basic,Monthly,434.99,20,14,237,183,15.5,16.4,1,0,48.9,1,0,41.0,3,1
CUST10264,24.0,34,Premium,Monthly,1143.3,14,9,219,150,5.5,5.5,0,0,9.0,2,20,49.0,10,0
CUST10265,33.0,46,Premium,Monthly,1246.14,15,11,248,152,18.8,16.6,1,0,38.7,1,15,44.0,9,0
CUST10266,43.0,38,Basic,Annual,381.74,13,12,208,184,15.3,14.3,1,0,15.7,0,15,79.0,7,0
CUST10267,65.0,14,Standard,Monthly,684.72,20,18,230,223,16.1,13.8,3,1,2.5,2,0,66.0,9,0
CUST10268,19.0,36,Basic,Quarterly,514.37,15,2,193,92,15.8,7.7,2,1,13.6,1,0,38.0,9,0
CUST10269,18.0,8,Standard,Monthly,731.85,12,12,238,235,7.0,7.0,3,2,20.0,1,0,14.0,6,1
CUST10270,65.0,35,Standard,Annual,663.88,10,7,245,199,33.4,35.1,0,0,22.6,0,15,36.0,4,0
CUST10271,29.0,19,Standard,Monthly,702.55,18,14,211,131,13.8,13.8,1,0,22.2,0,15,9.0,3,0
CUST10272,22.0,30,Premium,Monthly,1201.01,17,16,234,204,22.0,18.9,1,1,7.4,1,0,64.0,10,0
CUST10273,54.0,14,Standard,Monthly,791.74,11,11,264,214,16.7,15.3,3,2,12.1,1,5,25.0,11,0
CUST10274,49.0,20,Standard,Quarterly,701.17,14,7,211,40,3.0,2.5,3,1,23.8,0,5,39.0,6,0
CUST10275,26.0,25,Premium,Monthly,1320.44,17,13,244,183,17.1,17.6,0,0,11.1,0,10,71.0,8,0
CUST10276,58.0,40,Premium,Monthly,1127.68,18,18,207,195,18.7,20.0,2,0,9.5,3,0,62.0,7,0
CUST10277,52.0,24,Basic,Monthly,397.22,16,12,230,190,14.7,16.1,2,0,9.0,1,0,52.0,5,0
CUST10278,36.0,14,Premium,Quarterly,1157.04,13,10,232,160,26.7,28.7,1,0,5.5,1,0,22.0,4,0
CUST10279,65.0,26,Basic,Monthly,371.78,16,16,218,221,28.8,27.8,2,1,8.5,0,0,54.0,6,0
CUST10280,33.0,38,Premium,Monthly,1172.98,15,4,224,122,19.7,16.7,1,1,25.7,1,15,22.0,4,1
CUST10281,20.0,23,Basic,Monthly,359.88,15,10,230,156,20.5,18.7,0,0,14.0,1,10,54.0,6,0
CUST10282,37.0,22,Basic,Annual,494.16,17,12,245,178,11.1,9.6,1,0,18.2,1,10,9.0,6,0
CUST10283,41.0,48,Standard,Annual,777.24,19,14,205,204,11.1,9.6,1,0,21.2,0,15,72.0,9,0
CUST10284,50.0,19,Standard,Monthly,721.15,17,17,238,191,14.1,12.8,1,0,8.3,3,0,47.0,12,0
CUST10285,41.0,46,Standard,Monthly,672.91,18,6,250,126,30.0,20.8,3,1,65.7,2,5,42.0,6,1
CUST10286,28.0,3,Basic,Monthly,361.42,15,14,217,225,14.7,15.6,5,1,12.7,0,0,52.0,9,0
CUST10287,25.0,42,Standard,Monthly,739.8,15,12,221,208,25.9,25.2,0,0,15.5,3,0,39.0,11,0
CUST10288,53.0,19,Premium,Monthly,1215.51,16,9,219,139,13.7,14.4,0,0,10.4,1,10,44.0,8,0
CUST10289,55.0,9,Standard,Quarterly,691.03,14,13,230,217,12.2,13.3,2,1,55.8,1,15,74.0,6,0
CUST10290,57.0,28,Basic,Monthly,428.77,20,15,217,201,15.0,16.5,2,0,50.9,0,10,68.0,8,0
CUST10291,37.0,20,Standard,Annual,748.01,19,16,221,147,14.8,16.1,3,0,2.3,1,0,60.0,8,0
CUST10292,52.0,45,Basic,Monthly,390.53,18,5,225,90,13.6,9.4,1,0,8.3,1,0,48.0,8,1
CUST10293,65.0,7,Premium,Quarterly,1155.7,20,16,233,211,27.4,26.3,4,2,13.5,0,5,34.0,8,0
CUST10294,42.0,14,Premium,Monthly,1126.34,11,11,238,159,17.7,17.7,3,0,33.4,0,0,69.0,11,0
CUST10295,52.0,9,Standard,Monthly,712.78,13,7,211,138,16.8,17.7,4,0,17.1,0,0,19.0,10,1
CUST10296,42.0,19,Standard,Monthly,818.2,11,10,251,226,18.2,19.5,4,4,35.7,0,5,87.0,8,0
CUST10297,46.0,47,Standard,Monthly,637.91,17,13,215,213,23.5,25.6,3,1,26.9,0,5,60.0,6,0
CUST10298,35.0,14,Standard,Monthly,759.47,13,12,261,153,18.2,18.7,5,2,11.9,0,10,72.0,9,0
CUST10299,63.0,38,Premium,Quarterly,1161.84,14,12,222,172,19.8,19.5,4,0,53.4,1,20,54.0,8,1
CUST10300,35.0,36,Standard,Annual,672.93,15,3,252,101,24.1,13.7,2,1,2.5,0,5,39.0,6,0
CUST10301,19.0,40,Standard,Monthly,749.32,15,2,231,53,11.6,8.0,1,0,65.5,2,0,66.0,11,1
CUST10302,52.0,17,Standard,Monthly,684.96,7,2,225,31,13.0,8.1,3,1,2.0,1,20,7.0,7,0
CUST10303,33.0,30,Standard,Monthly,712.65,7,4,217,193,18.7,18.9,3,1,26.7,1,5,27.0,7,0
CUST10304,58.0,9,Premium,Monthly,1211.6,13,5,231,33,13.8,9.3,4,3,24.8,0,5,37.0,7,0
CUST10305,53.0,33,Standard,Monthly,661.93,21,14,232,242,16.6,15.9,4,1,8.2,1,0,7.0,7,0
CUST10306,50.0,25,Standard,Quarterly,748.23,13,5,254,102,11.4,7.5,2,1,19.7,2,5,58.0,7,1
CUST10307,21.0,14,Basic,Annual,395.61,9,6,222,130,12.8,11.3,1,0,18.6,3,0,74.0,11,0
CUST10308,50.0,11,Standard,Annual,622.63,20,17,238,198,24.7,23.9,4,1,34.4,0,15,-1.0,13,0
CUST10309,31.0,35,Standard,Monthly,649.91,10,9,246,179,15.8,15.3,5,0,48.1,0,10,32.0,5,0
CUST10310,38.0,41,Basic,Annual,227.58,17,2,223,112,15.2,9.1,5,2,15.4,0,0,38.0,8,1
CUST10311,65.0,14,Basic,Quarterly,401.86,13,11,218,153,13.0,11.5,2,0,21.4,1,0,50.0,7,0
CUST10312,37.0,30,Standard,Monthly,770.72,16,15,263,233,12.7,11.1,1,0,18.6,1,0,63.0,9,0
CUST10313,25.0,41,Standard,Monthly,641.41,14,8,240,238,11.8,12.7,3,1,8.4,0,5,35.0,7,0
CUST10314,24.0,4,Standard,Annual,731.2,14,13,212,127,10.3,9.5,3,1,25.2,0,0,66.0,8,0
CUST10315,20.0,4,Basic,Monthly,422.68,16,11,219,180,13.8,12.8,1,0,69.0,0,0,44.0,6,0
CUST10316,34.0,28,Standard,Monthly,657.65,11,7,235,164,17.3,18.1,5,1,18.7,0,10,27.0,8,0
CUST10317,50.0,8,Basic,Monthly,483.51,15,7,245,87,21.8,12.3,2,1,2.4,0,0,48.0,7,0
CUST10318,65.0,2,Standard,Monthly,684.0,18,12,212,175,17.5,18.5,0,0,28.5,0,0,10.0,12,0
CUST10319,29.0,41,Basic,Monthly,509.56,16,15,219,222,12.0,11.4,2,0,15.0,0,10,36.0,12,0
CUST10320,39.0,46,Basic,Annual,309.04,20,5,267,155,14.8,10.1,2,1,38.7,1,5,38.0,8,1
CUST10321,39.0,22,Basic,Quarterly,384.2,14,8,244,192,14.4,14.1,3,2,19.4,1,10,27.0,9,0
CUST10322,63.0,41,Standard,Quarterly,690.74,13,11,226,146,14.0,15.2,1,1,15.2,0,0,100.0,8,0
CUST10323,47.0,16,Basic,Monthly,396.77,20,17,224,183,15.7,14.7,2,1,7.3,1,10,75.0,5,0
CUST10324,55.0,29,Standard,Quarterly,738.4,15,5,231,115,23.3,18.3,2,1,6.2,0,5,47.0,4,0
CUST10325,55.0,48,Standard,Monthly,885.9,18,12,236,237,22.0,24.1,3,0,17.3,1,0,53.0,7,0
CUST10326,62.0,30,Standard,Monthly,724.03,16,16,209,157,27.6,28.5,5,2,18.0,0,5,55.0,10,0
CUST10327,25.0,12,Standard,Monthly,700.33,18,10,233,107,12.6,7.5,3,0,15.8,0,5,58.0,9,0
CUST10328,44.0,35,Premium,Monthly,1138.71,15,3,226,96,11.3,7.8,1,1,8.3,0,5,81.0,11,0
CUST10329,44.0,11,Basic,Monthly,295.04,22,20,211,117,15.8,15.5,3,1,5.2,0,15,65.0,10,0
CUST10330,51.0,46,Standard,Monthly,763.36,13,11,233,228,25.0,23.2,3,2,15.9,0,0,-8.0,12,0
CUST10331,38.0,21,Basic,Monthly,368.93,17,10,213,130,5.4,4.9,3,2,41.2,0,5,63.0,7,1
CUST10332,47.0,21,Basic,Monthly,542.23,19,14,232,130,18.7,18.4,1,0,22.7,0,10,21.0,10,0
CUST10333,50.0,5,Standard,Annual,746.75,11,7,244,177,16.0,17.5,3,1,41.0,0,15,28.0,9,0
CUST10334,45.0,48,Standard,Monthly,717.79,10,10,231,171,21.7,19.6,0,0,11.4,2,5,67.0,4,0
CUST10335,64.0,20,Premium,Quarterly,1220.68,16,11,215,127,20.5,18.7,1,0,19.7,0,0,-5.0,7,0
CUST10336,50.0,37,Standard,Monthly,721.22,19,16,232,222,21.7,19.8,3,1,21.8,1,10,85.0,5,0
CUST10337,22.0,3,Premium,Monthly,1160.8,26,18,250,188,20.9,21.9,0,0,48.0,1,15,62.0,5,0
CUST10338,65.0,44,Basic,Annual,302.67,15,13,212,169,34.8,34.0,5,4,26.5,1,0,50.0,7,0
CUST10339,36.0,33,Basic,Monthly,368.71,12,4,237,79,28.7,15.2,1,1,58.6,0,0,63.0,10,1
CUST10340,21.0,9,Basic,Monthly,397.99,14,13,231,186,23.0,24.4,4,1,26.1,1,15,71.0,6,0
CUST10341,52.0,9,Basic,Quarterly,363.37,13,8,198,185,15.1,13.9,0,0,2.8,0,5,48.0,8,0
CUST10342,34.0,4,Standard,Monthly,628.27,15,15,228,229,15.7,14.9,1,0,26.9,2,0,61.0,9,1
CUST10343,61.0,35,Standard,Annual,657.85,12,12,196,203,24.9,21.6,1,1,41.3,0,5,18.0,8,0
CUST10344,45.0,17,Basic,Monthly,455.97,10,9,212,162,25.1,22.1,0,0,13.3,0,5,62.0,9,0
CUST10345,47.0,34,Premium,Monthly,1240.15,17,10,221,231,12.9,11.4,6,3,28.3,0,20,57.0,10,0
CUST10346,46.0,24,Premium,Monthly,1208.43,19,12,230,160,6.0,5.6,3,1,22.5,1,0,78.0,7,0
CUST10347,63.0,32,Basic,Monthly,431.29,15,15,227,126,7.0,6.9,2,2,17.5,0,0,46.0,6,0
CUST10348,23.0,1,Basic,Annual,336.74,14,3,228,94,25.0,19.2,3,2,13.4,3,0,50.0,12,0
CUST10349,52.0,8,Basic,Quarterly,355.25,14,9,244,156,26.2,23.5,2,1,10.7,0,0,19.0,8,0
CUST10350,58.0,45,Basic,Monthly,416.11,18,15,235,135,18.1,16.2,0,0,23.4,2,0,42.0,5,0
CUST10351,54.0,23,Basic,Monthly,343.75,13,9,249,252,19.9,18.2,4,2,12.3,1,10,57.0,14,0
CUST10352,41.0,47,Standard,Quarterly,704.96,13,9,241,228,28.7,25.6,2,1,49.1,0,0,60.0,6,0
CUST10353,46.0,40,Basic,Monthly,329.56,16,13,245,147,30.1,27.0,2,2,41.4,0,10,85.0,9,1
CUST10354,63.0,12,Standard,Monthly,608.27,18,13,218,205,22.1,24.2,2,0,3.2,0,5,54.0,12,0
CUST10355,48.0,12,Premium,Monthly,1239.48,14,2,239,76,17.9,12.5,1,0,11.4,0,5,40.0,10,1
CUST10356,52.0,46,Standard,Monthly,755.49,11,9,206,207,15.4,16.0,3,2,14.1,0,10,56.0,7,0
CUST10357,50.0,47,Premium,Quarterly,1164.3,20,7,242,84,16.3,13.8,1,0,4.3,0,5,28.0,3,1
CUST10358,38.0,15,Basic,Annual,315.37,17,16,254,229,13.4,13.6,2,1,17.3,0,0,75.0,4,1
CUST10359,49.0,41,Standard,Monthly,577.54,19,7,224,116,21.9,16.8,1,0,33.9,1,0,25.0,10,1
CUST10360,40.0,19,Standard,Monthly,800.31,16,14,225,201,17.2,17.4,3,1,23.1,2,5,32.0,8,1
CUST10361,50.0,26,Basic,Monthly,405.13,17,2,224,73,13.1,6.0,5,2,6.9,0,15,15.0,6,1
CUST10362,20.0,29,Basic,Monthly,365.56,14,11,227,187,24.8,26.8,1,0,8.1,0,0,44.0,7,0
CUST10363,35.0,22,Standard,Monthly,678.98,14,9,216,171,21.3,19.1,1,1,22.3,0,0,58.0,6,0
CUST10364,42.0,40,Standard,Annual,593.77,14,1,220,33,19.5,14.9,3,2,26.2,0,5,83.0,9,0
CUST10365,59.0,21,Standard,Monthly,733.09,16,16,236,170,17.0,14.9,4,2,20.7,0,0,41.0,8,0
CUST10366,48.0,38,Standard,Monthly,809.01,22,16,224,133,20.7,22.0,2,0,21.1,0,20,36.0,8,1
CUST10367,20.0,20,Standard,Monthly,655.95,11,10,220,205,15.9,15.3,1,1,32.7,1,0,-10.0,4,0
CUST10368,57.0,29,Basic,Monthly,530.09,15,15,236,155,34.6,37.3,4,1,59.2,1,0,48.0,10,1
CUST10369,63.0,4,Basic,Monthly,392.6,20,17,248,202,31.7,30.2,3,1,20.7,1,0,43.0,6,0
CUST10370,41.0,7,Basic,Quarterly,490.67,21,16,212,127,13.1,12.6,4,3,20.5,1,10,42.0,9,0
CUST10371,49.0,28,Basic,Monthly,415.9,15,10,216,186,16.4,15.8,1,0,3.2,1,5,80.0,8,0
CUST10372,64.0,28,Premium,Quarterly,1215.84,19,19,222,227,12.6,12.6,3,1,7.4,0,10,56.0,6,0
CUST10373,42.0,4,Standard,Monthly,800.42,8,7,255,232,6.7,7.0,4,2,34.0,0,5,32.0,4,0
CUST10374,40.0,22,Standard,Monthly,742.05,11,10,215,141,28.2,26.5,3,1,26.2,1,0,19.0,8,0
CUST10375,19.0,12,Basic,Monthly,419.62,14,11,239,248,17.1,17.2,2,1,13.9,1,0,13.0,8,0
CUST10376,44.0,45,Standard,Monthly,592.23,11,5,237,81,11.4,9.5,3,0,40.3,0,10,31.0,10,0
CUST10377,59.0,3,Basic,Monthly,316.1,11,10,210,161,7.6,7.5,2,1,7.3,1,0,51.0,8,1
CUST10378,19.0,22,Basic,Monthly,424.22,19,13,240,192,19.3,19.1,2,0,14.6,1,0,-10.0,7,0
CUST10379,43.0,44,Basic,Quarterly,479.73,15,13,228,238,20.1,21.6,2,0,16.5,0,0,39.0,11,0
CUST10380,34.0,2,Standard,Quarterly,706.06,8,4,200,102,20.5,16.3,4,1,38.6,2,0,62.0,8,1
CUST10381,57.0,24,Standard,Monthly,666.48,15,8,223,102,24.4,17.7,1,0,16.6,1,0,16.0,11,0
CUST10382,50.0,34,Standard,Monthly,597.85,16,15,227,166,23.4,20.0,5,2,51.2,1,10,38.0,11,1
CUST10383,26.0,27,Standard,Monthly,655.9,10,6,243,143,10.3,10.9,5,2,28.4,2,5,17.0,5,0
CUST10384,60.0,41,Premium,Monthly,1206.2,13,10,225,229,11.5,9.8,1,0,12.7,0,20,-10.0,8,0
CUST10385,65.0,1,Basic,Monthly,351.89,15,11,265,224,23.8,23.1,3,0,21.9,1,5,22.0,6,0
CUST10386,56.0,8,Basic,Annual,345.96,15,8,249,132,14.3,9.3,1,0,9.8,1,5,15.0,3,0
CUST10387,46.0,23,Basic,Monthly,396.19,14,11,265,178,9.2,8.6,2,0,12.3,1,0,61.0,6,0
CUST10388,59.0,38,Standard,Monthly,778.66,14,15,238,222,9.8,9.8,3,1,23.1,1,5,54.0,8,0
CUST10389,43.0,6,Premium,Monthly,1236.66,15,11,218,210,23.6,22.3,1,0,11.4,0,5,16.0,5,0
CUST10390,52.0,22,Basic,Monthly,414.72,13,8,225,172,23.5,25.4,2,1,10.1,0,0,74.0,8,0
CUST10391,42.0,25,Premium,Quarterly,1209.37,19,6,226,125,18.8,13.9,1,1,45.9,0,0,60.0,9,0
CUST10392,41.0,18,Premium,Monthly,1229.31,18,10,238,35,12.3,5.8,4,0,58.9,2,0,36.0,11,1
CUST10393,30.0,17,Basic,Monthly,392.94,11,7,247,240,17.6,16.6,1,0,23.4,0,0,50.0,7,1
CUST10394,24.0,12,Standard,Quarterly,676.39,13,7,225,174,17.0,14.6,1,1,15.5,0,5,18.0,11,0
CUST10395,53.0,6,Standard,Monthly,739.6,14,8,236,208,15.4,15.9,3,2,9.5,3,5,-10.0,3,1
CUST10396,62.0,26,Premium,Quarterly,1186.6,13,10,229,216,22.1,22.7,1,0,10.4,0,5,44.0,6,0
CUST10397,37.0,27,Basic,Monthly,333.63,13,5,251,137,15.1,12.4,3,2,4.4,4,5,8.0,10,1
CUST10398,18.0,8,Standard,Monthly,778.38,19,12,246,208,21.2,20.3,2,0,2.4,0,10,36.0,6,0
CUST10399,25.0,19,Basic,Quarterly,296.15,14,13,206,215,20.0,19.7,2,1,19.7,1,0,52.0,10,1
CUST10400,63.0,42,Standard,Monthly,782.51,9,6,208,213,9.4,9.7,1,0,24.5,1,10,-7.0,9,1
CUST10401,33.0,1,Standard,Monthly,726.86,18,18,228,220,30.0,30.8,2,2,18.7,0,5,47.0,5,0
CUST10402,31.0,29,Standard,Monthly,645.7,13,11,223,134,21.5,21.8,0,0,17.2,0,0,63.0,2,0
CUST10403,29.0,45,Premium,Monthly,1200.33,15,8,252,264,8.4,9.1,1,0,8.1,0,5,-10.0,5,0
CUST10404,40.0,35,Premium,Quarterly,1175.41,11,11,243,208,9.4,9.4,0,0,23.5,2,5,60.0,6,0
CUST10405,32.0,40,Premium,Annual,1243.42,16,11,225,149,27.5,23.5,1,0,16.2,1,5,89.0,10,0
CUST10406,45.0,14,Basic,Annual,442.34,11,9,221,196,19.1,19.2,2,1,9.0,0,0,36.0,6,0
CUST10407,51.0,35,Standard,Quarterly,724.37,18,12,209,204,21.4,21.4,1,1,8.2,1,10,61.0,11,1
CUST10408,19.0,48,Basic,Monthly,440.05,13,7,246,32,20.3,11.8,3,3,40.0,1,0,17.0,7,1
CUST10409,49.0,45,Standard,Monthly,692.68,14,11,241,243,24.5,23.5,3,2,16.7,0,5,65.0,4,0
CUST10410,40.0,20,Standard,Monthly,795.89,18,11,251,254,24.8,25.1,3,2,22.2,1,0,55.0,6,1
CUST10411,39.0,13,Standard,Monthly,766.3,16,10,214,119,12.7,13.1,2,2,18.5,1,5,47.0,8,0
CUST10412,42.0,38,Standard,Monthly,672.76,14,13,233,233,21.0,22.6,1,0,6.8,1,0,46.0,10,0
CUST10413,39.0,46,Premium,Annual,1243.6,17,11,228,233,9.6,10.1,3,0,40.7,1,0,52.0,6,0
CUST10414,39.0,8,Basic,Monthly,438.8,12,7,242,138,11.5,10.1,1,0,25.3,1,10,40.0,5,0
CUST10415,59.0,43,Standard,Monthly,684.71,18,14,215,150,16.2,16.2,3,1,14.2,2,15,18.0,7,1
CUST10416,23.0,20,Standard,Monthly,680.4,9,4,257,42,7.8,4.4,2,2,32.0,0,15,38.0,16,1
CUST10417,32.0,33,Basic,Annual,465.8,12,8,247,179,13.3,12.3,5,2,6.2,0,20,41.0,8,0
CUST10418,60.0,26,Basic,Quarterly,398.19,16,11,211,196,5.0,4.4,1,0,23.7,2,10,13.0,10,0
CUST10419,54.0,39,Premium,Quarterly,1213.31,11,5,221,57,17.9,8.1,2,1,23.1,0,5,39.0,12,0
CUST10420,50.0,21,Premium,Monthly,1276.06,15,9,245,252,27.9,24.9,2,2,28.8,1,0,40.0,6,0
CUST10421,25.0,42,Premium,Annual,1338.33,19,8,217,79,18.2,11.3,1,1,26.3,0,0,29.0,9,1
CUST10422,61.0,43,Premium,Monthly,1170.04,17,17,226,160,18.2,16.2,0,0,18.6,1,0,51.0,8,0
CUST10423,61.0,41,Basic,Annual,386.85,17,9,249,92,15.8,12.5,5,1,2.3,1,0,57.0,6,0
CUST10424,22.0,9,Standard,Monthly,703.07,19,11,263,218,23.9,21.6,3,1,10.3,0,0,25.0,8,0
CUST10425,56.0,24,Standard,Monthly,704.32,18,13,254,213,17.7,18.2,0,0,13.8,0,5,46.0,3,0
CUST10426,21.0,37,Standard,Monthly,719.7,20,12,213,157,11.4,10.1,5,1,21.1,2,5,65.0,4,0
CUST10427,23.0,41,Standard,Quarterly,672.04,17,2,240,55,19.0,14.6,3,0,13.5,0,5,17.0,10,0
CUST10428,62.0,17,Standard,Monthly,629.36,13,4,214,93,27.3,14.8,2,2,38.0,1,0,0.0,5,1
CUST10429,49.0,24,Standard,Annual,795.46,23,15,238,144,9.4,8.7,3,1,31.9,1,0,18.0,6,0
CUST10430,47.0,21,Standard,Monthly,732.66,21,19,215,215,12.4,11.7,4,1,15.6,0,20,55.0,5,0
CUST10431,64.0,39,Basic,Monthly,375.98,19,18,229,158,17.4,18.0,1,0,44.5,0,15,31.0,10,0
CUST10432,52.0,41,Standard,Monthly,723.04,15,7,220,72,15.9,12.2,0,0,50.4,0,0,11.0,6,0
CUST10433,57.0,39,Standard,Monthly,799.81,14,9,214,184,20.5,17.6,2,1,35.5,1,5,74.0,5,0
CUST10434,33.0,13,Standard,Monthly,655.66,17,7,213,90,12.1,8.6,1,0,47.4,0,0,12.0,5,1
CUST10435,30.0,11,Basic,Monthly,410.61,16,12,231,135,14.8,15.9,1,0,16.2,0,0,38.0,6,0
CUST10436,59.0,46,Standard,Quarterly,622.56,14,14,214,184,18.3,16.3,5,5,7.8,0,10,60.0,7,0
CUST10437,47.0,19,Basic,Monthly,392.49,15,15,248,210,18.5,20.4,0,0,104.6,0,10,59.0,7,0
CUST10438,36.0,11,Standard,Annual,732.91,18,11,228,130,33.6,35.3,3,1,20.0,0,0,52.0,9,1
CUST10439,34.0,13,Standard,Monthly,637.69,20,13,251,196,22.7,21.9,2,1,15.3,2,0,25.0,3,0
CUST10440,36.0,46,Standard,Annual,688.7,18,14,227,174,8.8,9.1,2,2,19.5,1,0,56.0,8,0
CUST10441,45.0,45,Basic,Monthly,443.0,17,16,224,184,11.9,11.7,1,1,7.8,2,5,42.0,6,1
CUST10442,43.0,1,Standard,Monthly,731.41,14,12,234,215,9.8,9.7,0,0,24.8,3,15,52.0,12,1
CUST10443,54.0,40,Standard,Monthly,635.33,10,8,252,174,27.7,27.6,4,1,23.7,1,10,76.0,7,0
CUST10444,43.0,44,Standard,Monthly,719.56,12,10,233,179,11.6,11.7,0,0,31.9,0,10,12.0,10,0
CUST10445,40.0,19,Standard,Annual,729.73,17,9,242,81,21.5,12.6,1,0,64.1,0,0,52.0,4,0
CUST10446,26.0,12,Standard,Monthly,704.94,16,9,215,41,20.9,13.7,1,0,14.9,1,10,46.0,9,0
CUST10447,29.0,8,Standard,Monthly,758.91,12,2,215,83,9.2,7.1,0,0,5.3,1,5,66.0,8,0
CUST10448,18.0,8,Basic,Annual,366.58,15,3,215,127,15.5,11.7,2,1,13.1,2,10,86.0,14,1
CUST10449,18.0,45,Basic,Monthly,421.69,13,5,246,122,16.4,9.6,3,2,23.2,3,0,86.0,12,0
CUST10450,64.0,12,Standard,Quarterly,634.91,14,10,240,195,8.5,7.5,1,0,34.4,1,5,63.0,5,0
CUST10451,51.0,48,Standard,Monthly,610.97,15,2,230,99,28.7,20.5,0,0,4.5,1,0,27.0,7,1
CUST10452,49.0,33,Standard,Annual,741.96,10,8,222,215,19.0,19.4,4,1,7.2,2,0,31.0,9,1
CUST10453,65.0,45,Basic,Monthly,400.13,10,8,238,168,27.6,28.0,5,4,2.7,0,15,60.0,5,0
CUST10454,42.0,26,Basic,Monthly,373.51,13,13,220,139,31.2,33.4,3,1,9.0,1,10,10.0,9,0
CUST10455,57.0,39,Standard,Monthly,640.42,17,5,237,29,19.0,15.3,1,0,5.3,1,10,36.0,9,0
CUST10456,62.0,28,Basic,Annual,444.49,14,4,244,108,20.2,14.6,3,0,17.3,1,0,24.0,9,1
CUST10457,18.0,5,Standard,Monthly,616.06,15,5,250,127,13.3,8.0,2,1,42.7,0,10,13.0,11,1
CUST10458,33.0,8,Basic,Monthly,453.61,16,15,222,152,26.0,22.4,1,0,38.4,1,5,48.0,11,1
CUST10459,56.0,25,Standard,Quarterly,723.8,7,5,237,152,17.7,17.1,5,0,8.5,1,5,62.0,3,1
CUST10460,42.0,27,Premium,Annual,1118.82,16,2,214,60,15.5,9.1,0,0,8.5,0,0,57.0,11,0
CUST10461,39.0,46,Basic,Annual,405.93,20,14,210,125,13.4,12.3,3,2,19.7,3,15,45.0,9,0
CUST10462,46.0,23,Standard,Annual,672.2049999999999,14,4,238,80,18.4,12.8,3,2,11.6,0,0,33.0,10,1
CUST10463,20.0,30,Basic,Monthly,464.42,19,12,237,182,21.7,21.6,3,0,44.3,1,10,29.0,7,0
CUST10464,29.0,45,Standard,Monthly,653.46,21,20,275,233,19.2,18.0,2,0,29.5,1,15,64.0,13,0
CUST10465,43.0,47,Standard,Quarterly,738.42,16,11,206,147,20.8,19.6,3,0,8.8,0,0,29.0,10,0
CUST10466,33.0,23,Standard,Annual,621.12,16,10,255,204,16.7,16.6,3,2,21.9,2,20,28.0,6,1
CUST10467,54.0,47,Standard,Monthly,623.58,12,3,258,128,21.0,11.8,3,0,9.4,0,20,52.0,4,0
CUST10468,39.0,20,Premium,Monthly,1195.3,15,11,207,173,20.8,20.0,4,0,3.6,0,5,17.0,7,1
CUST10469,46.0,18,Basic,Quarterly,429.34,13,7,222,167,25.3,24.7,2,0,27.5,0,0,44.0,7,0
CUST10470,31.0,18,Basic,Monthly,443.62,9,7,232,226,22.8,25.1,2,2,17.3,2,0,29.0,11,1
CUST10471,45.0,2,Premium,Monthly,1244.39,12,5,229,93,18.9,13.8,3,1,86.9,0,0,25.0,14,1
CUST10472,22.0,4,Standard,Monthly,726.21,19,15,244,188,20.5,21.0,8,2,29.8,1,0,36.0,9,0
CUST10473,64.0,30,Premium,Monthly,1110.23,14,9,245,207,11.1,9.9,0,0,37.9,0,10,61.0,0,0
CUST10474,47.0,33,Standard,Quarterly,695.65,10,8,222,136,25.7,24.1,2,1,5.4,1,5,46.0,7,0
CUST10475,63.0,36,Premium,Monthly,1252.28,11,6,254,85,16.5,8.6,2,1,4.0,0,5,49.0,5,0
CUST10476,22.0,18,Standard,Quarterly,723.38,17,10,208,197,17.3,16.5,4,0,48.3,2,0,61.0,2,1
CUST10477,29.0,37,Standard,Monthly,709.02,16,4,231,44,15.1,8.1,2,1,19.6,1,0,58.0,7,1
CUST10478,33.0,19,Premium,Monthly,1217.11,13,9,236,211,12.7,12.3,0,0,6.0,1,20,38.0,6,0
CUST10479,43.0,47,Standard,Quarterly,716.19,15,10,222,133,13.1,14.0,2,1,18.9,1,5,56.0,4,0
CUST10480,43.0,28,Basic,Monthly,290.93,15,13,229,220,11.5,9.9,4,0,5.8,2,10,38.0,6,0
CUST10481,65.0,40,Basic,Monthly,462.52,11,9,233,243,16.6,15.9,0,0,24.4,0,0,53.0,14,0
CUST10482,38.0,20,Basic,Monthly,392.92,11,10,233,172,23.0,23.6,2,2,42.2,0,15,68.0,3,0
CUST10483,56.0,33,Basic,Monthly,437.92,18,11,211,169,17.9,19.0,2,1,15.0,0,10,55.0,9,0
CUST10484,53.0,12,Basic,Monthly,272.19,13,4,253,106,22.0,17.0,4,2,13.9,1,0,11.0,6,1
CUST10485,50.0,15,Standard,Annual,790.35,17,11,215,214,20.9,18.7,5,2,25.2,1,10,30.0,13,0
CUST10486,47.0,41,Standard,Quarterly,635.4,12,10,259,144,15.3,16.4,0,0,37.7,0,15,58.0,5,0
CUST10487,54.0,39,Standard,Quarterly,838.77,8,1,228,77,25.4,14.8,3,0,3.2,2,0,-10.0,8,1
CUST10488,40.0,2,Standard,Monthly,815.56,11,8,219,192,24.0,21.0,5,2,55.8,0,5,50.0,9,1
CUST10489,27.0,29,Basic,Monthly,326.13,15,8,247,70,22.9,13.6,6,2,34.0,0,20,49.0,13,0
CUST10490,22.0,41,Basic,Monthly,443.94,17,10,214,141,20.5,21.0,1,1,28.7,0,10,100.0,7,0
CUST10491,53.0,10,Basic,Monthly,343.05,15,16,225,151,16.0,15.4,0,0,21.7,1,5,53.0,13,1
CUST10492,51.0,2,Standard,Monthly,663.83,8,5,267,254,15.9,17.0,2,0,30.0,1,0,39.0,7,0
CUST10493,48.0,11,Basic,Monthly,365.07,12,11,226,132,17.8,17.0,2,0,9.5,0,0,71.0,8,0
CUST10494,27.0,13,Basic,Annual,423.64,14,4,238,41,26.3,14.1,2,0,19.4,0,10,33.0,7,1
CUST10495,36.0,10,Standard,Monthly,716.86,21,20,232,163,24.7,22.3,5,1,11.1,0,0,43.0,8,0
CUST10496,49.0,14,Premium,Monthly,1132.91,15,8,263,157,9.3,4.3,1,0,15.5,2,20,44.0,9,1
CUST10497,18.0,18,Basic,Quarterly,423.2,15,11,207,166,19.6,17.7,1,0,18.7,0,10,57.0,8,0
CUST10498,22.0,9,Standard,Monthly,687.77,11,8,240,240,3.1,2.8,3,0,24.4,1,0,19.0,3,0
CUST10499,62.0,39,Standard,Annual,598.87,14,15,228,196,15.4,14.1,3,1,12.5,1,5,63.0,6,0
CUST10500,21.0,28,Standard,Quarterly,675.13,18,4,245,109,13.9,9.7,3,1,6.8,0,0,29.0,7,1
CUST10501,33.0,3,Premium,Annual,1290.32,15,10,248,211,21.3,19.0,2,1,30.9,0,5,93.0,8,0
CUST10502,41.0,20,Basic,Monthly,376.98,15,13,241,217,11.5,11.0,3,0,9.8,2,0,4.0,13,1
CUST10503,33.0,6,Basic,Quarterly,298.05,9,7,234,179,8.8,7.8,2,1,41.3,0,0,23.0,9,0
CUST10504,19.0,27,Premium,Monthly,1243.8,14,3,209,85,15.0,12.5,2,1,8.6,1,10,-9.0,6,0
CUST10505,45.0,2,Standard,Quarterly,647.99,24,15,224,179,18.0,19.6,6,0,14.8,1,0,100.0,10,0
CUST10506,49.0,29,Standard,Monthly,710.79,6,3,232,129,7.6,6.4,2,2,18.6,1,5,11.0,8,0
CUST10507,44.0,38,Standard,Monthly,689.54,13,10,210,171,24.8,23.6,2,0,7.3,0,0,61.0,10,0
CUST10508,37.0,3,Standard,Monthly,795.89,20,12,245,173,16.8,15.4,3,0,13.2,0,20,60.0,7,0
CUST10509,41.0,16,Premium,Monthly,1189.58,15,3,228,70,18.2,10.1,1,0,24.4,1,0,19.0,10,1
CUST10510,29.0,30,Premium,Annual,1136.05,14,7,249,132,24.6,18.5,3,0,24.1,2,0,61.0,7,0
CUST10511,52.0,40,Standard,Quarterly,673.21,16,13,207,188,13.6,13.0,4,2,34.6,1,10,15.0,11,0
CUST10512,50.0,2,Basic,Quarterly,331.42,15,11,246,171,26.9,25.5,6,1,30.2,2,0,22.0,11,1
CUST10513,50.0,17,Premium,Monthly,1187.49,24,3,228,113,18.0,13.1,5,3,22.1,2,0,3.0,11,1
CUST10514,60.0,41,Basic,Quarterly,496.34,11,7,229,231,22.8,24.7,1,1,19.3,0,10,59.0,9,0
CUST10515,54.0,12,Basic,Monthly,467.67,12,9,250,208,20.7,22.1,1,0,42.3,0,0,-7.0,12,0
CUST10516,29.0,35,Premium,Annual,1311.27,12,7,228,136,22.1,19.5,2,1,34.3,0,0,52.0,9,0
CUST10517,20.0,43,Basic,Annual,425.36,15,3,208,47,18.5,8.6,2,1,51.6,0,0,39.0,6,1
CUST10518,18.0,1,Basic,Monthly,406.87,18,6,232,87,15.2,12.1,3,0,41.9,1,0,86.0,7,0
CUST10519,50.0,45,Basic,Annual,344.09,11,10,213,176,29.6,29.9,2,0,3.2,1,5,43.0,7,0
CUST10520,57.0,15,Premium,Monthly,1213.83,17,12,207,167,17.9,17.3,2,0,25.6,0,5,63.0,8,0
CUST10521,42.0,26,Standard,Monthly,691.83,19,15,248,166,11.4,11.1,1,0,8.2,0,0,55.0,11,0
CUST10522,60.0,37,Standard,Monthly,741.82,15,10,237,144,26.8,26.7,2,0,6.8,2,0,39.0,5,0
CUST10523,61.0,21,Basic,Monthly,337.28,13,12,246,161,16.1,16.7,2,1,6.2,1,0,70.0,2,0
CUST10524,46.0,31,Standard,Quarterly,701.9,16,6,224,38,7.7,3.7,1,0,25.0,0,0,51.0,11,0
CUST10525,30.0,25,Standard,Monthly,612.46,8,6,234,161,13.1,11.2,4,0,9.2,1,0,64.0,8,0
CUST10526,29.0,23,Basic,Monthly,417.57,16,11,223,234,6.3,6.5,1,0,16.9,2,0,19.0,3,0
CUST10527,48.0,24,Standard,Monthly,736.17,18,16,232,174,13.3,14.1,4,0,20.6,2,0,55.0,5,0
CUST10528,63.0,38,Basic,Quarterly,309.82,15,10,242,238,28.5,24.8,1,0,38.4,2,10,62.0,10,0
CUST10529,19.0,28,Premium,Annual,1125.31,17,15,218,180,20.8,19.3,2,0,5.1,0,15,15.0,9,0
CUST10530,52.0,21,Standard,Quarterly,627.72,14,8,225,199,18.0,18.8,3,1,43.5,1,15,40.0,13,1
CUST10531,40.0,43,Premium,Quarterly,1189.23,18,15,254,160,14.5,14.1,4,1,6.6,0,0,-1.0,9,0
CUST10532,34.0,18,Basic,Monthly,322.14,20,16,218,150,17.2,17.6,0,0,6.3,2,0,2.0,8,0
CUST10533,43.0,36,Standard,Monthly,774.82,19,12,235,189,24.7,24.1,4,1,21.2,0,0,41.0,6,0
CUST10534,25.0,35,Standard,Monthly,722.99,17,15,221,219,7.0,7.7,3,0,14.0,0,0,87.0,7,0
CUST10535,46.0,45,Standard,Monthly,672.2049999999999,11,9,221,126,35.6,38.6,5,1,5.7,0,5,89.0,5,0
CUST10536,43.0,9,Premium,Quarterly,1111.6,15,10,243,195,12.7,11.7,2,0,3.6,1,20,34.0,12,0
CUST10537,27.0,38,Standard,Monthly,770.12,14,10,241,139,16.5,15.6,3,0,23.5,0,15,18.0,8,0
CUST10538,43.0,30,Basic,Quarterly,434.73,8,6,219,170,17.0,16.3,5,3,67.1,2,5,65.0,9,1
CUST10539,51.0,44,Standard,Monthly,661.47,17,10,264,228,16.9,14.8,1,1,20.1,1,0,-8.0,9,0
CUST10540,58.0,34,Standard,Monthly,614.2,19,20,226,208,14.0,13.3,3,1,11.9,0,0,32.0,7,0
CUST10541,24.0,32,Standard,Monthly,694.81,12,11,221,137,23.2,24.3,1,0,18.7,1,0,23.0,6,0
CUST10542,21.0,3,Basic,Annual,373.35,16,10,237,150,24.8,26.4,2,0,4.4,1,5,40.0,10,0
CUST10543,62.0,3,Standard,Quarterly,675.63,18,17,211,166,23.7,25.4,1,0,37.8,1,5,76.0,7,0
CUST10544,28.0,28,Basic,Annual,360.2,20,14,243,255,18.5,15.8,2,0,18.6,0,5,-10.0,12,0
CUST10545,46.0,44,Standard,Monthly,738.68,16,2,226,43,14.5,10.2,0,0,9.0,0,10,50.0,6,1
CUST10546,53.0,15,Standard,Annual,555.97,15,10,226,173,16.9,16.5,2,0,12.1,0,5,51.0,4,0
CUST10547,42.0,41,Standard,Monthly,777.65,22,20,254,195,17.5,15.8,4,3,21.5,1,5,40.0,9,0
CUST10548,38.0,23,Basic,Monthly,453.9,17,6,230,70,12.1,6.8,2,2,18.3,0,0,49.0,5,1
CUST10549,53.0,40,Standard,Annual,710.59,19,4,226,109,19.1,10.5,0,0,26.9,1,0,55.0,8,0
CUST10550,27.0,11,Basic,Monthly,391.08,12,3,219,96,28.8,19.6,0,0,15.6,0,0,46.0,8,0
CUST10551,54.0,48,Basic,Quarterly,458.57,14,9,216,195,17.0,18.6,4,1,9.4,0,0,-9.0,2,0
CUST10552,26.0,32,Standard,Monthly,696.68,19,14,234,184,21.0,21.1,1,1,12.1,1,5,20.0,6,0
CUST10553,41.0,36,Premium,Monthly,1183.69,16,4,228,87,14.1,6.8,1,0,32.5,0,5,82.0,9,1
CUST10554,52.0,33,Standard,Annual,761.63,16,12,214,123,23.3,21.5,5,4,33.6,1,5,13.0,9,1
CUST10555,52.0,24,Standard,Monthly,814.14,15,13,231,230,14.1,12.0,3,1,23.8,0,10,44.0,8,0
CUST10556,65.0,39,Premium,Quarterly,1145.59,21,20,237,159,15.5,15.6,0,0,6.9,1,0,24.0,4,0
CUST10557,53.0,34,Premium,Monthly,1222.36,18,13,218,193,21.1,21.0,2,1,26.8,0,10,57.0,7,1
CUST10558,35.0,28,Basic,Quarterly,339.25,22,15,265,251,12.1,11.8,2,0,26.7,2,5,37.0,8,0
CUST10559,56.0,37,Premium,Monthly,1226.59,13,13,229,188,20.6,20.3,0,0,26.9,0,0,58.0,7,0
CUST10560,49.0,7,Standard,Monthly,656.2,7,7,252,181,24.3,25.8,2,2,10.7,1,0,52.0,7,0
CUST10561,41.0,4,Basic,Monthly,465.64,9,7,233,242,19.0,17.6,4,1,13.5,0,5,32.0,7,1
CUST10562,40.0,37,Basic,Monthly,393.49,14,7,225,88,23.2,16.4,6,2,26.0,0,15,-10.0,6,1
CUST10563,49.0,1,Standard,Annual,701.56,14,13,223,228,10.3,10.5,2,0,9.4,0,0,20.0,6,0
CUST10564,54.0,1,Basic,Monthly,488.71,16,15,241,151,20.7,18.7,2,0,9.4,1,20,12.0,7,0
CUST10565,29.0,47,Basic,Monthly,358.68,15,8,226,168,15.3,16.5,2,1,30.3,0,5,12.0,10,0
CUST10566,30.0,20,Basic,Monthly,436.67,13,11,255,158,20.3,21.0,3,2,24.1,1,10,55.0,9,0
CUST10567,40.0,19,Premium,Monthly,1164.16,17,7,239,121,27.5,17.5,2,0,19.7,1,10,93.0,4,0
CUST10568,42.0,29,Premium,Quarterly,1264.8,12,9,231,157,3.0,3.2,0,0,13.2,1,0,-10.0,10,0
CUST10569,52.0,10,Basic,Annual,497.27,21,19,210,125,14.3,15.5,3,1,32.5,0,0,4.0,10,1
CUST10570,58.0,18,Premium,Monthly,1184.54,19,3,213,88,4.3,2.0,1,0,22.6,0,0,48.0,5,1
CUST10571,47.0,28,Premium,Annual,1078.33,14,12,236,220,10.6,10.2,0,0,18.6,1,0,36.0,6,0
CUST10572,34.0,35,Standard,Monthly,661.15,19,15,189,104,15.1,16.6,1,1,41.0,0,20,53.0,6,0
CUST10573,37.0,43,Basic,Monthly,532.79,17,11,209,138,23.2,20.4,2,1,38.1,2,0,41.0,5,0
CUST10574,65.0,47,Standard,Quarterly,666.43,12,4,221,101,22.8,11.9,3,1,15.4,1,15,75.0,8,1
CUST10575,42.0,31,Premium,Monthly,1296.41,12,11,236,177,22.7,20.2,4,0,9.5,0,5,56.0,7,1
CUST10576,39.0,27,Standard,Quarterly,665.65,13,13,244,236,21.4,20.5,2,0,43.4,0,0,64.0,4,0
CUST10577,30.0,11,Basic,Annual,364.3,13,4,229,131,10.0,6.0,1,0,16.1,1,0,67.0,4,0
CUST10578,36.0,38,Standard,Monthly,741.86,18,10,223,196,22.8,23.9,5,3,18.8,1,10,12.0,11,0
CUST10579,53.0,5,Standard,Annual,735.26,14,15,208,176,13.9,14.6,1,0,42.8,2,5,57.0,7,1
CUST10580,29.0,8,Standard,Quarterly,745.87,13,11,227,197,20.7,19.4,3,1,18.3,0,0,58.0,9,0
CUST10581,58.0,34,Basic,Monthly,399.27,17,17,248,165,12.5,13.5,2,1,32.6,1,15,33.0,4,0
CUST10582,36.0,48,Basic,Quarterly,455.89,16,10,208,153,16.9,15.9,2,0,3.2,1,0,33.0,8,0
CUST10583,29.0,12,Premium,Monthly,1251.88,12,2,214,59,17.6,14.3,4,0,10.8,0,5,34.0,12,0
CUST10584,26.0,38,Premium,Annual,1262.2,18,11,227,192,20.1,20.3,1,0,8.5,0,5,20.0,10,0
CUST10585,24.0,1,Basic,Quarterly,364.7,11,11,224,175,13.0,12.2,1,1,31.4,0,15,7.0,6,0
CUST10586,45.0,31,Premium,Monthly,1255.85,16,7,206,29,22.0,12.9,3,2,34.0,0,0,96.0,10,1
CUST10587,31.0,4,Basic,Monthly,370.33,13,10,223,146,10.1,11.0,1,1,10.1,2,0,69.0,6,0
CUST10588,48.0,45,Standard,Quarterly,690.36,13,8,245,188,28.2,28.5,0,0,31.6,1,0,43.0,7,0
CUST10589,36.0,5,Standard,Monthly,689.23,13,8,241,154,13.5,14.6,4,1,25.2,1,0,5.0,2,0
CUST10590,64.0,30,Premium,Monthly,1144.1,15,13,243,208,6.3,6.2,0,0,18.7,2,5,56.0,9,0
CUST10591,42.0,24,Premium,Monthly,1103.55,15,12,239,233,17.6,15.2,5,2,11.8,4,0,33.0,4,0
CUST10592,22.0,3,Basic,Monthly,466.3,15,6,268,44,15.5,11.5,1,0,3.6,2,5,38.0,7,0
CUST10593,52.0,11,Premium,Monthly,1160.38,19,13,217,222,12.5,13.4,1,0,73.6,3,10,98.0,2,1
CUST10594,29.0,45,Basic,Monthly,384.16,13,10,236,244,26.1,22.4,2,0,2.0,1,0,89.0,4,0
CUST10595,42.0,4,Standard,Monthly,658.81,16,9,233,218,22.5,22.6,3,1,8.2,2,10,-10.0,3,1
CUST10596,38.0,26,Standard,Quarterly,684.88,19,16,231,160,20.8,19.2,2,1,13.8,1,10,51.0,12,0
CUST10597,53.0,27,Standard,Monthly,671.18,18,14,230,152,12.3,12.5,3,0,61.1,0,0,46.0,12,0
CUST10598,40.0,46,Basic,Monthly,469.35,8,8,242,187,14.8,13.7,1,1,13.4,1,0,51.0,13,0
CUST10599,33.0,43,Premium,Monthly,1166.52,9,2,245,133,14.3,11.2,4,2,9.3,2,0,28.0,7,1
CUST10600,56.0,27,Basic,Monthly,493.3,11,3,223,80,7.0,3.6,4,2,20.6,0,10,42.0,16,1
CUST10601,62.0,42,Basic,Monthly,461.66,11,4,205,65,19.6,15.8,3,1,19.7,1,0,15.0,8,1
CUST10602,59.0,6,Standard,Monthly,672.91,8,8,225,230,20.1,19.8,3,0,16.7,0,15,68.0,8,0
CUST10603,56.0,15,Standard,Monthly,716.59,17,9,231,172,18.7,19.5,3,2,12.9,1,5,67.0,9,0
CUST10604,31.0,30,Premium,Annual,1227.56,11,8,240,215,19.4,19.9,3,0,41.4,0,0,83.0,7,0
CUST10605,48.0,42,Standard,Quarterly,745.29,14,6,244,95,11.2,8.5,1,0,24.3,1,10,23.0,6,0
CUST10606,22.0,37,Basic,Quarterly,450.73,19,17,214,208,12.6,13.1,1,0,15.7,2,5,49.0,8,0
CUST10607,52.0,37,Premium,Quarterly,1209.26,17,14,225,216,16.1,17.4,3,1,11.2,2,0,93.0,13,0
CUST10608,40.0,42,Standard,Quarterly,646.51,22,14,256,248,26.3,26.4,2,2,2.5,0,0,25.0,5,0
CUST10609,46.0,37,Basic,Monthly,434.25,19,18,235,208,25.0,25.6,1,0,12.1,1,0,17.0,8,1
CUST10610,60.0,35,Standard,Quarterly,685.99,14,2,207,122,21.1,10.8,0,0,22.1,0,0,50.0,7,0
CUST10611,28.0,23,Standard,Monthly,545.59,11,7,234,207,30.1,31.9,2,2,16.2,0,10,71.0,6,0
CUST10612,35.0,6,Standard,Quarterly,720.47,18,6,225,124,21.1,15.3,2,1,4.6,0,10,25.0,6,1
CUST10613,64.0,4,Standard,Quarterly,658.62,9,6,226,164,21.8,24.0,6,2,29.4,0,5,90.0,6,0
CUST10614,29.0,18,Premium,Monthly,1173.79,13,13,216,151,26.9,23.0,3,1,14.2,2,0,19.0,7,0
CUST10615,26.0,9,Premium,Monthly,1199.33,16,14,217,157,22.2,24.3,3,2,22.7,2,0,58.0,15,0
CUST10616,27.0,29,Standard,Monthly,613.55,19,17,206,170,27.9,25.4,3,1,35.6,1,10,25.0,4,0
CUST10617,61.0,13,Basic,Quarterly,406.65,10,10,242,139,18.2,17.4,5,0,5.8,0,10,30.0,4,0
CUST10618,34.0,47,Premium,Quarterly,1181.58,17,11,228,214,14.2,15.2,1,0,13.4,4,10,63.0,9,0
CUST10619,55.0,17,Standard,Annual,650.75,15,8,251,155,17.4,15.9,3,2,19.1,0,0,37.0,8,0
CUST10620,24.0,45,Standard,Monthly,701.54,9,8,216,133,19.4,17.6,3,0,8.8,0,0,4.0,4,0
CUST10621,63.0,32,Standard,Quarterly,606.04,21,17,239,155,12.6,12.7,4,1,37.3,0,0,22.0,7,0
CUST10622,30.0,48,Premium,Monthly,1203.16,17,4,218,128,13.7,9.8,3,2,8.5,2,0,60.0,9,1
CUST10623,57.0,22,Standard,Annual,724.88,16,9,230,159,15.5,13.2,2,1,2.8,0,20,52.0,8,0
CUST10624,59.0,4,Basic,Monthly,415.79,13,10,218,160,11.4,11.0,2,1,25.5,1,0,60.0,11,1
CUST10625,26.0,5,Standard,Monthly,742.39,17,6,219,35,14.5,9.4,3,2,40.8,2,10,27.0,12,1
CUST10626,44.0,37,Premium,Monthly,1263.09,12,8,224,218,22.4,20.6,2,0,70.4,0,5,16.0,9,1
CUST10627,19.0,41,Basic,Quarterly,394.53,19,13,206,201,22.8,22.5,3,1,20.2,1,0,22.0,13,0
CUST10628,22.0,13,Premium,Annual,1259.25,13,9,216,181,9.6,8.5,1,0,17.0,0,0,23.0,8,0
CUST10629,46.0,34,Standard,Monthly,694.32,8,6,216,212,19.9,18.5,2,0,14.0,0,5,41.0,8,1
CUST10630,54.0,45,Standard,Monthly,660.53,21,15,240,225,17.6,18.1,0,0,17.9,0,0,12.0,11,0
CUST10631,55.0,22,Basic,Annual,377.4,12,6,229,42,24.3,19.0,4,1,14.6,1,0,69.0,8,0
CUST10632,36.0,23,Basic,Monthly,413.68,11,5,268,153,16.4,8.5,4,0,7.8,2,0,55.0,4,1
CUST10633,25.0,3,Premium,Quarterly,1258.68,12,10,237,134,10.6,9.2,2,1,6.3,0,5,20.0,8,0
CUST10634,65.0,42,Basic,Monthly,399.08,13,14,239,152,15.1,15.4,2,1,48.6,0,10,37.0,9,0
CUST10635,62.0,34,Standard,Monthly,661.95,14,15,222,225,10.8,11.6,3,1,12.2,0,5,20.0,10,0
CUST10636,18.0,32,Standard,Quarterly,778.43,16,12,235,200,4.5,4.4,0,0,17.1,0,15,43.0,7,0
CUST10637,39.0,45,Basic,Quarterly,320.09,11,3,240,69,17.7,9.1,3,1,55.8,0,10,21.0,9,1
CUST10638,34.0,21,Basic,Monthly,362.3,16,16,245,198,21.1,23.2,2,2,12.3,1,15,96.0,10,0
CUST10639,24.0,46,Standard,Monthly,748.1,17,6,212,115,19.1,11.1,1,0,8.5,0,5,2.0,6,1
CUST10640,42.0,44,Premium,Annual,1296.16,14,4,236,140,10.3,5.1,3,2,29.3,1,0,10.0,10,0
CUST10641,62.0,21,Standard,Monthly,725.44,16,14,209,191,9.9,10.0,4,1,35.4,1,5,36.0,5,0
CUST10642,21.0,44,Standard,Annual,712.74,12,4,243,94,19.3,10.5,2,0,4.7,0,10,44.0,7,0
CUST10643,53.0,11,Basic,Monthly,383.0,14,10,214,152,28.2,26.0,2,0,54.1,1,5,45.0,5,0
CUST10644,23.0,39,Standard,Monthly,729.14,16,8,235,122,25.8,15.3,3,1,13.7,2,5,65.0,13,0
CUST10645,48.0,4,Standard,Annual,706.12,17,3,229,66,16.2,11.0,1,1,14.9,0,20,53.0,9,1
CUST10646,36.0,1,Premium,Quarterly,1157.5,12,7,234,221,19.3,18.3,1,1,10.2,2,0,19.0,6,0
CUST10647,61.0,28,Standard,Monthly,682.01,19,19,217,194,23.5,20.1,3,2,7.4,1,10,69.0,8,0
CUST10648,56.0,24,Standard,Quarterly,651.29,11,6,199,76,17.1,10.2,1,1,28.2,2,5,58.0,7,1
CUST10649,44.0,35,Basic,Monthly,399.75,25,15,232,132,9.9,10.6,1,0,10.3,2,5,77.0,15,0
CUST10650,27.0,13,Premium,Monthly,1207.9,19,11,224,138,3.0,2.9,0,0,23.0,1,0,43.0,9,0
CUST10651,43.0,47,Basic,Annual,488.89,17,14,223,187,19.1,19.6,4,2,12.1,0,10,69.0,7,0
CUST10652,36.0,34,Basic,Quarterly,366.14,16,5,238,70,16.8,9.0,2,0,3.0,1,10,-10.0,3,1
CUST10653,56.0,11,Standard,Quarterly,689.06,18,11,219,224,7.8,7.6,5,2,15.1,1,0,30.0,6,0
CUST10654,20.0,36,Standard,Monthly,768.25,13,8,240,215,9.4,9.1,1,0,24.1,1,10,19.0,6,1
CUST10655,62.0,17,Standard,Monthly,798.28,13,4,231,83,16.4,10.9,4,1,2.2,1,5,60.0,19,0
CUST10656,30.0,35,Standard,Monthly,725.11,14,5,239,84,14.7,9.9,1,0,31.5,2,0,24.0,6,1
CUST10657,45.0,18,Standard,Monthly,685.05,18,13,231,225,26.6,25.9,2,1,11.9,1,15,66.0,5,0
CUST10658,37.0,40,Basic,Quarterly,372.98,13,5,228,89,26.5,20.0,6,1,4.9,1,10,62.0,6,1
CUST10659,45.0,22,Premium,Monthly,1097.63,9,7,217,190,12.9,11.1,5,0,5.7,0,15,27.0,5,0
CUST10660,25.0,24,Standard,Annual,647.97,17,4,238,87,27.0,20.8,1,1,11.8,1,0,48.0,5,0
CUST10661,58.0,19,Standard,Monthly,704.59,18,18,233,141,27.7,23.6,1,0,21.5,0,15,37.0,8,0
CUST10662,56.0,37,Standard,Monthly,689.05,14,8,239,138,19.8,18.2,2,0,38.0,1,0,45.0,12,0
CUST10663,18.0,39,Basic,Monthly,433.29,12,4,248,133,12.4,5.8,2,1,23.2,1,0,61.0,4,1
CUST10664,20.0,21,Standard,Monthly,688.26,22,20,253,185,18.7,17.4,1,1,15.1,2,0,34.0,9,0
CUST10665,30.0,8,Standard,Monthly,659.07,19,18,221,196,5.2,5.2,0,0,3.8,2,0,1.0,7,0
CUST10666,45.0,28,Basic,Annual,417.77,10,3,228,34,14.5,6.7,4,1,31.8,0,0,57.0,10,1
CUST10667,42.0,5,Standard,Monthly,836.79,12,12,219,227,19.6,17.9,4,2,29.9,0,0,69.0,6,1
CUST10668,50.0,17,Premium,Annual,1181.55,12,11,220,215,20.3,17.7,1,0,19.6,0,0,0.0,10,0
CUST10669,55.0,37,Standard,Monthly,706.64,12,8,214,171,15.3,13.6,1,1,40.4,1,15,41.0,4,1
CUST10670,23.0,36,Premium,Annual,1245.58,14,3,235,86,18.4,10.9,2,1,6.5,0,10,19.0,4,0
CUST10671,61.0,19,Basic,Monthly,367.56,9,6,204,181,11.9,12.6,5,2,45.3,0,10,70.0,8,0
CUST10672,62.0,27,Basic,Annual,469.0,14,9,234,142,26.4,23.1,0,0,27.8,0,5,72.0,6,0
CUST10673,49.0,34,Basic,Monthly,312.15,19,13,249,261,26.7,27.2,1,1,36.2,0,0,22.0,10,1
CUST10674,62.0,11,Standard,Quarterly,676.58,17,14,254,206,22.3,23.3,1,1,12.0,1,0,9.0,9,0
CUST10675,64.0,45,Basic,Annual,381.88,19,10,246,85,16.4,13.6,0,0,25.8,3,0,48.0,10,0
CUST10676,38.0,47,Basic,Monthly,407.31,13,10,240,248,13.1,13.3,3,0,4.4,0,5,14.0,7,0
CUST10677,33.0,12,Premium,Monthly,1090.57,18,13,223,188,23.1,23.6,4,1,43.4,0,0,63.0,5,0
CUST10678,38.0,21,Premium,Monthly,1273.4,10,1,229,65,19.1,9.1,2,1,51.5,1,10,39.0,6,0
CUST10679,28.0,11,Standard,Annual,721.78,21,11,212,62,12.0,8.0,1,0,12.5,0,5,82.0,7,0
CUST10680,54.0,39,Basic,Monthly,460.76,17,3,222,124,24.4,14.4,2,2,35.7,0,10,83.0,8,0
CUST10681,53.0,28,Basic,Monthly,487.72,9,6,242,229,15.3,14.0,3,0,21.4,0,20,81.0,10,0
CUST10682,52.0,5,Basic,Monthly,358.27,15,13,214,123,12.8,12.6,1,0,17.8,0,15,52.0,7,1
CUST10683,36.0,17,Standard,Monthly,561.81,17,13,234,183,23.7,20.5,3,0,16.5,0,10,18.0,9,0
CUST10684,37.0,20,Premium,Annual,1262.05,15,14,212,214,13.3,12.4,0,0,15.4,0,0,5.0,6,0
CUST10685,35.0,41,Standard,Monthly,683.25,10,6,228,238,18.8,20.1,3,1,28.5,1,0,57.0,8,0
CUST10686,64.0,46,Basic,Quarterly,336.68,14,9,219,141,25.7,25.3,2,0,20.4,1,10,59.0,15,1
CUST10687,58.0,12,Standard,Annual,672.2049999999999,15,5,218,126,25.1,20.0,1,1,4.6,1,0,49.0,6,0
CUST10688,31.0,6,Basic,Monthly,534.5,23,20,233,145,20.0,18.4,2,0,7.1,1,0,9.0,8,0
CUST10689,32.0,17,Standard,Quarterly,693.01,20,9,251,59,11.0,5.2,0,0,41.0,1,5,22.0,6,0
CUST10690,48.0,19,Standard,Monthly,751.31,20,20,235,162,15.0,13.7,4,1,10.5,1,0,44.0,7,1
CUST10691,18.0,26,Standard,Quarterly,644.69,18,11,220,227,32.5,34.4,1,1,33.6,0,15,27.0,6,0
CUST10692,20.0,48,Basic,Monthly,306.23,18,14,231,207,23.7,26.0,1,1,12.0,0,5,23.0,9,0
CUST10693,33.0,44,Basic,Quarterly,449.27,7,5,217,163,16.6,16.3,3,0,2.4,1,5,18.0,10,0
CUST10694,40.0,44,Premium,Monthly,1229.03,18,15,228,157,10.4,9.1,2,0,3.2,2,10,39.0,12,0
CUST10695,28.0,32,Basic,Monthly,373.39,14,13,229,153,6.6,6.8,3,1,8.2,0,0,37.0,9,0
CUST10696,29.0,6,Basic,Monthly,492.84,13,13,201,179,25.3,27.0,3,1,7.8,1,20,21.0,4,0
CUST10697,27.0,36,Basic,Monthly,301.95,18,5,228,95,25.4,16.2,2,0,15.2,1,0,42.0,9,1
CUST10698,49.0,38,Basic,Quarterly,331.35,14,12,244,226,17.8,17.9,0,0,6.3,0,15,48.0,6,0
CUST10699,33.0,11,Standard,Monthly,669.14,17,17,207,200,15.5,15.2,1,1,66.9,0,15,51.0,6,0
CUST10700,25.0,33,Premium,Quarterly,1179.4,18,4,217,36,24.8,14.8,0,0,27.0,2,0,18.0,4,1
CUST10701,55.0,24,Basic,Monthly,479.59,7,3,217,34,9.1,4.5,0,0,9.2,0,5,34.0,7,0
CUST10702,29.0,23,Standard,Quarterly,701.71,19,19,241,224,30.0,30.4,2,0,18.3,2,10,42.0,8,0
CUST10703,41.0,15,Standard,Monthly,688.39,14,11,209,137,22.4,23.0,5,2,30.1,0,20,45.0,9,0
CUST10704,45.0,27,Standard,Monthly,629.15,19,17,238,225,10.5,10.8,0,0,49.6,2,0,9.0,12,0
CUST10705,25.0,11,Premium,Monthly,1258.76,12,9,232,165,22.7,22.5,3,1,17.0,0,5,33.0,3,0
CUST10706,45.0,17,Premium,Quarterly,1136.48,12,8,211,221,13.9,14.2,3,1,20.0,1,10,57.0,5,0
CUST10707,53.0,14,Basic,Monthly,328.9,8,7,244,180,10.0,10.1,6,3,15.9,1,0,27.0,8,1
CUST10708,43.0,27,Standard,Annual,676.99,11,7,226,157,22.7,19.9,1,0,51.0,1,15,51.0,13,0
CUST10709,25.0,18,Standard,Annual,707.98,16,12,220,147,11.4,12.2,2,1,22.3,1,0,42.0,9,1
CUST10710,45.0,28,Premium,Monthly,1159.39,12,12,250,220,10.0,10.0,0,0,19.9,0,5,31.0,1,0
CUST10711,45.0,47,Standard,Quarterly,737.89,9,4,237,39,20.9,12.9,2,0,22.6,0,0,74.0,7,1
CUST10712,54.0,47,Premium,Monthly,1183.44,17,10,220,226,17.4,16.3,2,0,9.8,0,0,34.0,5,0
CUST10713,58.0,4,Standard,Monthly,756.9,17,15,234,163,24.1,26.0,2,0,19.2,0,5,37.0,7,1
CUST10714,53.0,7,Basic,Quarterly,426.78,14,10,214,149,16.2,15.8,3,2,18.7,1,0,30.0,7,0
CUST10715,44.0,45,Standard,Quarterly,797.53,14,11,220,126,15.7,16.0,3,0,37.4,2,20,79.0,4,1
CUST10716,34.0,35,Premium,Quarterly,1174.68,13,10,217,146,5.8,6.3,2,0,17.2,0,10,77.0,6,0
CUST10717,26.0,48,Premium,Monthly,1245.42,14,8,218,166,21.0,22.7,2,0,10.8,0,15,71.0,7,0
CUST10718,50.0,9,Basic,Monthly,300.73,19,10,217,159,17.9,18.1,3,1,14.1,0,5,64.0,6,0
CUST10719,37.0,8,Standard,Monthly,858.04,11,11,244,168,25.1,22.4,4,1,13.1,0,5,20.0,9,0
CUST10720,30.0,45,Basic,Quarterly,442.67,20,10,243,48,22.6,19.1,1,0,6.9,2,10,31.0,7,1
CUST10721,45.0,17,Basic,Monthly,382.7,10,8,219,153,20.0,21.9,0,0,26.0,0,0,23.0,6,0
CUST10722,65.0,17,Standard,Quarterly,684.75,12,12,247,232,13.6,11.9,2,1,43.9,0,5,68.0,9,0
CUST10723,46.0,33,Basic,Monthly,385.41,14,13,203,156,15.5,14.9,1,0,22.6,0,5,100.0,7,0
CUST10724,30.0,32,Premium,Monthly,1300.2,10,6,195,136,21.3,21.0,4,1,46.7,0,5,59.0,9,0
CUST10725,63.0,8,Basic,Monthly,448.42,12,10,227,159,17.7,15.4,2,1,63.3,0,5,84.0,7,1
CUST10726,52.0,19,Premium,Monthly,1174.62,17,16,245,203,26.5,23.8,1,1,1.2,1,10,53.0,9,0
CUST10727,23.0,38,Basic,Monthly,330.87,17,15,213,149,25.9,25.5,0,0,6.0,0,0,50.0,7,0
CUST10728,35.0,3,Basic,Annual,464.79,22,20,220,190,16.5,18.0,2,1,4.7,1,0,27.0,5,0
CUST10729,22.0,5,Basic,Annual,445.12,11,9,220,230,18.6,15.9,0,0,48.2,2,15,57.0,6,0
CUST10730,64.0,13,Basic,Monthly,437.85,16,10,218,124,13.2,14.3,4,2,10.9,0,10,65.0,9,1
CUST10731,42.0,47,Basic,Monthly,394.39,12,2,229,107,17.4,10.5,4,1,4.9,1,0,68.0,9,1
CUST10732,19.0,46,Basic,Monthly,382.52,16,14,226,145,23.7,25.2,2,1,5.7,3,5,45.0,8,0
CUST10733,27.0,31,Standard,Annual,791.69,13,11,231,179,14.7,13.9,1,0,14.9,2,0,47.0,8,0
CUST10734,47.0,16,Basic,Monthly,496.8,10,1,256,90,15.8,7.5,1,1,23.9,1,5,40.0,5,1
CUST10735,62.0,32,Standard,Annual,734.21,20,12,260,205,11.0,10.4,2,1,14.7,0,5,28.0,15,0
CUST10736,22.0,22,Standard,Monthly,752.34,22,20,242,245,14.6,15.9,1,1,22.0,1,0,64.0,12,0
CUST10737,50.0,29,Premium,Monthly,1211.99,13,8,230,128,21.7,21.3,2,0,8.4,1,10,-5.0,13,0
CUST10738,18.0,22,Premium,Annual,1123.65,16,7,218,127,16.6,11.1,1,0,15.8,1,0,0.0,9,1
CUST10739,35.0,43,Standard,Monthly,645.11,18,17,251,234,11.1,10.2,1,1,22.0,1,0,28.0,9,0
CUST10740,49.0,3,Basic,Monthly,462.04,14,11,224,141,19.3,18.6,0,0,49.1,0,0,10.0,11,0
CUST10741,64.0,10,Basic,Monthly,469.05,17,11,238,140,17.7,19.3,3,0,16.1,0,10,69.0,15,0
CUST10742,28.0,42,Premium,Monthly,1256.98,21,16,198,171,24.7,24.5,2,1,23.3,0,5,31.0,9,0
CUST10743,38.0,21,Basic,Monthly,418.03,14,12,229,127,17.2,17.6,0,0,14.0,1,5,64.0,10,1
CUST10744,43.0,16,Basic,Quarterly,459.02,15,12,209,199,12.0,10.5,2,0,5.2,0,10,75.0,6,0
CUST10745,42.0,12,Basic,Quarterly,395.8,12,12,201,117,23.8,25.4,1,0,23.6,2,0,44.0,6,0
CUST10746,39.0,2,Basic,Monthly,433.18,13,9,222,180,12.2,12.0,3,0,21.3,0,5,50.0,16,0
CUST10747,44.0,41,Basic,Annual,387.74,15,13,242,223,10.2,11.0,3,1,41.5,0,0,73.0,8,0
CUST10748,30.0,24,Standard,Monthly,640.88,21,13,221,148,11.8,11.3,0,0,18.6,0,0,67.0,8,0
CUST10749,50.0,35,Basic,Monthly,446.55,12,9,224,135,14.3,14.6,1,1,47.4,0,5,-10.0,8,0
CUST10750,42.0,30,Standard,Monthly,769.13,15,14,235,150,6.7,6.4,4,1,31.8,0,0,32.0,9,0
CUST10751,58.0,30,Basic,Monthly,535.07,11,7,244,238,7.6,6.8,2,0,20.0,0,10,55.0,1,1
CUST10752,52.0,47,Basic,Monthly,413.52,11,9,226,204,22.7,20.8,2,2,25.1,2,5,47.0,8,1
CUST10753,18.0,35,Premium,Annual,1141.37,13,8,210,136,17.0,14.7,1,0,12.1,0,0,17.0,9,0
CUST10754,38.0,19,Basic,Monthly,380.94,22,13,242,220,17.0,16.3,1,0,35.0,1,5,-1.0,6,0
CUST10755,65.0,8,Premium,Monthly,1191.53,15,12,249,225,17.7,17.9,3,1,31.2,0,0,57.0,10,0
CUST10756,23.0,26,Standard,Monthly,707.17,16,5,229,114,21.4,10.1,1,0,13.5,1,10,21.0,7,1
CUST10757,45.0,40,Basic,Quarterly,424.9,14,7,225,116,13.1,10.6,0,0,27.0,2,5,39.0,8,1
CUST10758,34.0,7,Premium,Annual,1218.96,20,20,206,202,21.4,20.6,2,1,25.6,0,10,46.0,7,0
CUST10759,22.0,30,Basic,Monthly,441.74,8,5,232,179,18.7,18.4,3,1,16.0,2,0,38.0,9,1
CUST10760,48.0,7,Premium,Monthly,1209.86,12,7,257,257,12.3,11.0,2,1,33.2,2,0,19.0,5,1
CUST10761,22.0,3,Basic,Monthly,276.61,12,8,207,123,21.7,21.3,2,1,17.2,1,0,40.0,6,0
CUST10762,55.0,1,Premium,Monthly,1211.49,10,6,215,137,18.3,17.3,2,0,18.6,0,0,28.0,10,0
CUST10763,20.0,36,Basic,Monthly,403.77,14,2,216,75,11.7,8.3,2,0,22.9,1,20,83.0,5,1
CUST10764,40.0,25,Standard,Monthly,729.26,16,15,232,223,12.2,12.1,3,2,74.3,1,10,47.0,6,1
CUST10765,54.0,37,Standard,Monthly,679.12,22,18,241,169,20.9,18.5,5,2,90.2,0,0,100.0,6,0
CUST10766,54.0,1,Premium,Monthly,1211.29,14,10,246,209,24.1,25.9,1,0,7.5,0,0,9.0,11,0
CUST10767,27.0,15,Premium,Monthly,1229.59,20,20,223,165,19.7,21.3,5,2,3.9,1,0,34.0,4,0
CUST10768,27.0,37,Premium,Annual,1190.2,20,15,227,126,23.3,23.7,3,0,27.0,2,0,34.0,8,0
CUST10769,36.0,13,Premium,Annual,1236.17,13,8,239,135,25.4,23.5,2,1,33.4,0,0,23.0,5,0
CUST10770,34.0,40,Basic,Monthly,402.86,13,9,208,120,16.6,16.8,1,1,54.5,0,0,33.0,10,0
CUST10771,38.0,8,Basic,Monthly,407.62,11,7,219,186,19.0,19.0,2,1,19.3,0,10,30.0,9,0
CUST10772,31.0,5,Basic,Monthly,238.25,20,16,279,192,22.0,20.9,3,1,22.9,0,5,18.0,10,0
CUST10773,26.0,9,Standard,Monthly,636.09,12,3,248,71,11.1,8.6,6,2,8.1,0,5,87.0,10,1
CUST10774,63.0,1,Standard,Quarterly,636.24,10,8,225,230,24.2,21.6,2,1,15.6,2,10,40.0,8,0
CUST10775,18.0,36,Standard,Monthly,710.9,15,13,230,140,26.2,23.7,1,1,14.1,1,0,65.0,8,0
CUST10776,62.0,35,Basic,Annual,468.94,17,4,234,61,13.6,7.0,5,2,37.0,1,0,67.0,5,1
CUST10777,30.0,2,Standard,Annual,692.49,10,2,225,129,35.2,19.6,0,0,15.3,0,0,78.0,7,1
CUST10778,21.0,40,Basic,Monthly,445.66,13,8,244,154,22.8,21.5,1,0,11.0,0,5,17.0,8,0
CUST10779,18.0,23,Basic,Monthly,434.65,15,9,220,145,17.1,15.0,2,1,23.8,0,15,74.0,11,1
CUST10780,57.0,9,Standard,Monthly,706.69,19,2,258,74,5.5,3.2,0,0,18.3,1,15,40.0,8,0
CUST10781,49.0,34,Standard,Monthly,730.57,12,8,211,170,17.4,16.6,3,2,20.9,1,5,93.0,10,1
CUST10782,51.0,46,Standard,Monthly,712.53,13,8,217,176,20.5,18.6,2,1,5.4,0,5,55.0,6,0
CUST10783,45.0,14,Standard,Monthly,691.17,15,12,239,198,19.8,18.5,1,0,12.1,0,20,43.0,9,1
CUST10784,48.0,4,Basic,Annual,420.51,15,11,229,235,10.1,9.2,3,1,17.0,1,5,73.0,6,0
CUST10785,25.0,30,Standard,Monthly,778.56,20,4,233,105,14.0,7.4,3,1,28.2,1,15,71.0,6,1
CUST10786,56.0,31,Basic,Monthly,425.0,19,13,214,199,22.1,22.3,1,0,37.7,0,5,10.0,11,1
CUST10787,43.0,38,Standard,Quarterly,710.99,11,11,231,154,21.6,23.2,3,2,21.2,0,0,61.0,10,0
CUST10788,51.0,11,Standard,Quarterly,650.74,17,16,224,165,23.7,24.2,2,0,13.6,1,15,82.0,3,0
CUST10789,20.0,35,Basic,Monthly,476.87,13,8,238,142,18.7,16.7,1,0,16.9,0,0,54.0,4,0
CUST10790,29.0,8,Basic,Annual,321.61,15,12,210,162,17.8,18.5,2,2,18.6,0,10,18.0,10,0
CUST10791,18.0,3,Premium,Monthly,1105.17,17,14,247,235,21.1,18.9,3,0,15.3,2,0,67.0,16,1
CUST10792,61.0,14,Premium,Monthly,1219.43,21,19,213,128,18.6,18.4,3,1,18.4,0,15,59.0,9,0
CUST10793,22.0,13,Standard,Monthly,650.56,12,10,254,175,8.8,7.7,1,0,20.6,0,0,36.0,8,0
CUST10794,47.0,45,Basic,Monthly,458.9,8,3,245,40,27.1,19.7,1,1,15.6,1,0,30.0,7,0
CUST10795,47.0,32,Basic,Annual,306.4,14,10,214,129,23.5,22.7,3,1,10.8,1,0,59.0,9,0
CUST10796,34.0,34,Standard,Quarterly,751.9,13,5,228,136,20.5,10.7,4,0,19.2,2,5,19.0,8,1
CUST10797,65.0,45,Premium,Annual,1244.15,17,17,222,209,9.8,9.1,0,0,28.8,1,10,47.0,5,0
CUST10798,64.0,19,Basic,Monthly,405.49,14,10,214,207,23.0,21.5,5,1,8.1,0,10,72.0,9,1
CUST10799,40.0,38,Standard,Monthly,583.52,15,9,233,196,15.4,16.0,7,2,34.8,0,0,80.0,11,0
CUST10800,32.0,16,Basic,Monthly,304.22,18,11,238,191,23.0,21.4,3,1,40.8,4,0,29.0,5,1
CUST10801,54.0,2,Premium,Monthly,1212.2,20,20,252,172,21.3,20.7,1,0,36.1,0,5,2.0,10,1
CUST10802,38.0,40,Standard,Quarterly,686.2,14,12,238,209,16.0,16.6,3,2,96.2,1,5,24.0,6,1
CUST10803,31.0,17,Standard,Quarterly,739.0,15,14,238,184,24.3,21.9,5,0,8.7,0,15,62.0,9,0
CUST10804,19.0,34,Basic,Monthly,395.25,19,18,212,220,10.8,11.4,3,1,5.0,1,5,23.0,6,0
CUST10805,28.0,42,Standard,Monthly,690.47,14,13,218,225,18.3,19.4,5,3,8.8,1,15,69.0,11,0
CUST10806,56.0,16,Basic,Monthly,265.55,21,17,230,231,28.0,30.7,4,1,7.5,1,0,23.0,9,1
CUST10807,55.0,38,Basic,Monthly,444.23,20,13,234,171,20.9,20.1,5,2,16.1,1,15,28.0,3,1
CUST10808,51.0,2,Premium,Monthly,1163.3,10,6,227,167,23.5,22.1,3,0,17.0,1,0,38.0,9,1
CUST10809,55.0,2,Premium,Monthly,1177.1,18,15,204,199,18.5,18.9,3,2,37.9,0,10,66.0,8,0
CUST10810,51.0,26,Premium,Monthly,1140.16,15,11,222,203,17.9,15.5,2,0,16.7,3,5,2.0,9,0
CUST10811,35.0,13,Standard,Monthly,614.28,18,5,225,70,10.7,8.2,4,2,7.7,1,15,49.0,8,1
CUST10812,47.0,47,Premium,Monthly,1279.97,10,8,237,163,17.1,15.9,3,1,29.1,1,0,49.0,6,0
CUST10813,32.0,31,Basic,Monthly,442.75,12,10,249,241,22.0,22.8,2,1,21.9,0,10,17.0,4,0
CUST10814,44.0,34,Basic,Quarterly,443.66,17,10,236,198,11.4,10.1,2,0,18.7,1,15,51.0,6,0
CUST10815,51.0,39,Basic,Monthly,387.09,11,6,232,179,12.2,12.3,3,1,16.8,1,10,38.0,4,0
CUST10816,55.0,3,Standard,Annual,603.41,8,7,217,213,20.5,18.8,1,1,38.6,1,5,14.0,5,0
CUST10817,50.0,8,Standard,Monthly,814.61,11,7,246,184,23.0,23.3,2,2,22.1,1,10,40.0,7,0
CUST10818,41.0,23,Basic,Monthly,422.23,8,7,227,199,30.1,29.0,4,1,66.0,0,0,16.0,11,0
CUST10819,32.0,14,Standard,Monthly,706.52,12,10,230,180,16.4,14.4,0,0,25.4,0,0,26.0,12,0
CUST10820,47.0,27,Premium,Monthly,1179.25,19,20,246,208,16.5,15.1,4,0,8.5,1,0,64.0,8,0
CUST10821,59.0,29,Standard,Annual,586.55,20,5,217,113,23.0,10.4,2,1,21.7,0,10,34.0,8,1
CUST10822,34.0,39,Basic,Monthly,461.79,23,7,242,89,21.4,17.0,2,2,17.2,0,0,63.0,7,1
CUST10823,22.0,39,Basic,Annual,340.83,16,4,222,53,16.5,7.5,2,2,11.2,0,0,38.0,3,0
CUST10824,46.0,1,Basic,Annual,429.06,14,9,246,196,17.8,19.4,1,0,7.9,0,15,18.0,7,0
CUST10825,21.0,17,Basic,Monthly,441.4,14,5,243,137,14.2,8.3,1,0,19.4,0,10,54.0,8,1
CUST10826,27.0,41,Standard,Monthly,717.38,13,12,225,159,11.1,11.7,0,0,25.8,0,10,56.0,4,0
CUST10827,34.0,30,Standard,Quarterly,724.85,19,16,233,231,17.2,18.8,3,1,37.0,1,5,11.0,10,0
CUST10828,27.0,13,Standard,Monthly,773.04,11,9,223,168,27.1,26.7,2,0,18.1,0,10,70.0,17,0
CUST10829,34.0,21,Standard,Quarterly,655.42,12,1,228,84,13.7,8.1,3,1,9.3,1,5,80.0,9,1
CUST10830,37.0,19,Premium,Monthly,1208.05,13,12,226,134,9.4,10.2,0,0,73.6,0,0,58.0,11,1
CUST10831,41.0,19,Basic,Monthly,386.62,12,8,228,148,12.0,12.3,2,0,18.6,1,5,44.0,8,0
CUST10832,22.0,25,Standard,Monthly,597.82,17,16,244,227,21.2,23.1,4,3,16.1,1,5,92.0,9,0
CUST10833,51.0,22,Premium,Monthly,1214.75,14,12,225,125,20.6,20.8,3,1,6.1,2,0,55.0,9,0
CUST10834,23.0,31,Basic,Annual,467.82,15,11,210,217,25.6,26.7,2,0,27.1,0,0,47.0,6,0
CUST10835,19.0,17,Basic,Monthly,474.7,14,8,219,141,24.4,26.1,0,0,34.9,1,15,84.0,7,0
CUST10836,30.0,23,Premium,Annual,1301.16,14,9,226,226,19.8,20.6,1,1,0.8,0,10,82.0,10,0
CUST10837,60.0,32,Basic,Monthly,301.45,7,1,236,63,21.9,13.7,4,1,55.0,0,15,6.0,7,1
CUST10838,60.0,10,Standard,Monthly,788.57,15,14,235,196,13.5,13.1,2,1,41.3,0,10,29.0,8,0
CUST10839,65.0,10,Basic,Monthly,409.17,10,8,230,136,22.1,23.4,2,2,14.7,0,5,57.0,10,0
CUST10840,28.0,36,Standard,Monthly,787.03,25,20,236,173,17.3,18.1,3,1,6.4,1,0,73.0,6,0
CUST10841,64.0,8,Basic,Monthly,377.29,17,15,226,142,23.1,21.8,1,1,7.4,1,0,13.0,3,1
CUST10842,40.0,20,Basic,Monthly,369.81,16,13,234,190,20.5,20.0,2,1,11.4,2,0,43.0,10,1
CUST10843,33.0,32,Standard,Annual,632.16,13,2,210,96,15.2,9.0,2,2,11.3,2,0,32.0,10,0
CUST10844,48.0,14,Basic,Monthly,441.68,14,10,238,215,11.4,9.8,1,0,33.7,0,5,60.0,10,0
CUST10845,28.0,28,Standard,Monthly,727.3,8,8,242,239,15.0,13.7,4,3,23.1,0,15,28.0,14,0
CUST10846,33.0,46,Basic,Annual,337.56,11,10,248,194,19.1,17.4,0,0,12.3,0,15,-10.0,17,0
CUST10847,25.0,24,Basic,Quarterly,279.97,16,11,223,149,13.1,14.0,0,0,27.9,0,10,-2.0,9,0
CUST10848,21.0,15,Basic,Monthly,421.84,14,5,218,101,17.1,11.9,5,1,43.4,1,5,14.0,11,1
CUST10849,57.0,22,Basic,Monthly,428.1,19,15,226,220,24.5,24.2,1,1,21.2,2,0,27.0,9,0
CUST10850,21.0,30,Premium,Annual,1144.72,17,5,238,115,25.0,16.4,2,1,52.0,2,15,42.0,8,1
CUST10851,42.0,4,Basic,Monthly,333.67,12,7,261,225,20.9,19.1,4,0,41.2,0,10,29.0,9,0
CUST10852,20.0,13,Standard,Monthly,735.07,14,13,237,132,26.2,23.1,2,0,20.7,0,5,41.0,5,0
CUST10853,49.0,23,Basic,Monthly,501.1,11,11,243,163,10.4,11.3,5,2,20.0,0,0,30.0,10,0
CUST10854,20.0,8,Basic,Annual,371.78,21,20,208,176,25.8,26.5,1,0,9.0,0,10,42.0,11,0
CUST10855,44.0,18,Premium,Monthly,1150.62,12,11,235,183,9.8,8.8,1,1,2.5,1,0,65.0,6,0
CUST10856,46.0,12,Basic,Annual,415.44,17,11,238,190,18.1,19.1,1,0,6.3,1,15,42.0,6,0
CUST10857,49.0,31,Premium,Monthly,1233.94,21,8,235,97,13.1,7.2,3,1,18.6,0,0,56.0,10,1
CUST10858,36.0,14,Basic,Quarterly,378.96,17,12,239,159,22.4,23.8,2,0,1.8,0,0,60.0,9,0
CUST10859,38.0,34,Standard,Monthly,810.38,15,15,253,175,8.6,7.9,2,0,8.4,1,0,38.0,7,0
CUST10860,22.0,18,Standard,Monthly,748.59,18,19,243,217,7.4,7.1,1,0,14.5,1,0,-3.0,10,0
CUST10861,35.0,34,Premium,Annual,1178.03,12,8,237,194,14.1,14.4,3,1,22.8,0,0,48.0,8,0
CUST10862,45.0,11,Standard,Monthly,611.41,9,8,253,141,13.6,12.9,3,0,18.6,2,10,25.0,6,1
CUST10863,59.0,41,Standard,Monthly,771.57,14,12,232,205,14.6,12.6,2,0,10.3,1,0,64.0,9,0
CUST10864,39.0,12,Basic,Monthly,464.56,17,7,236,129,14.0,9.5,1,0,28.0,0,5,76.0,9,1
CUST10865,38.0,15,Basic,Monthly,382.35,13,11,236,139,22.1,22.1,0,0,9.2,0,5,36.0,9,0
CUST10866,23.0,31,Premium,Monthly,1218.28,15,14,235,217,17.5,16.5,1,0,56.5,0,0,46.0,10,0
CUST10867,18.0,29,Basic,Quarterly,672.2049999999999,23,16,221,179,27.3,23.2,2,1,28.6,0,0,59.0,6,0
CUST10868,22.0,26,Standard,Monthly,672.2049999999999,21,2,254,40,19.4,10.8,4,3,25.1,0,0,22.0,5,1
CUST10869,58.0,18,Standard,Monthly,642.63,19,13,211,175,23.3,22.2,4,2,10.0,0,0,42.0,10,0
CUST10870,29.0,32,Basic,Monthly,334.79,12,4,256,52,21.5,12.3,2,2,8.5,1,0,3.0,9,1
CUST10871,43.0,22,Premium,Quarterly,1243.6,16,10,264,267,12.6,13.0,2,1,11.3,0,0,68.0,9,0
CUST10872,63.0,38,Standard,Quarterly,750.57,22,3,228,91,14.9,9.6,1,0,25.0,1,0,84.0,6,0
CUST10873,51.0,17,Standard,Monthly,672.01,18,14,213,149,24.0,24.5,3,1,80.2,1,0,44.0,9,1
CUST10874,31.0,23,Premium,Monthly,1157.8,16,7,229,61,7.3,6.1,2,0,16.5,0,10,23.0,9,1
CUST10875,43.0,24,Basic,Annual,462.12,11,9,224,219,20.9,17.8,3,1,15.5,0,0,49.0,3,0
CUST10876,62.0,8,Basic,Monthly,359.66,14,11,216,210,16.9,16.8,1,0,34.4,0,5,10.0,7,0
CUST10877,44.0,41,Standard,Annual,702.05,17,5,244,89,13.5,7.4,2,0,14.5,0,15,31.0,6,1
CUST10878,26.0,6,Basic,Annual,395.07,14,4,223,124,16.4,7.9,3,0,12.9,0,15,32.0,5,0
CUST10879,43.0,5,Standard,Quarterly,618.32,12,2,232,67,27.7,20.8,4,1,48.5,0,5,43.0,11,1
CUST10880,64.0,44,Premium,Monthly,1209.57,9,5,249,227,7.7,6.8,3,2,6.6,0,10,47.0,8,0
CUST10881,39.0,29,Standard,Annual,704.19,18,16,220,140,10.7,9.9,1,0,18.6,0,5,53.0,9,0
CUST10882,64.0,28,Basic,Quarterly,418.81,16,14,238,210,6.4,5.5,3,0,4.9,1,5,42.0,12,0
CUST10883,47.0,11,Premium,Monthly,1207.7,16,16,211,145,15.4,16.5,0,0,25.5,0,5,65.0,11,0
CUST10884,60.0,1,Standard,Monthly,816.46,13,5,216,45,14.3,9.4,7,1,19.6,1,10,52.0,9,1
CUST10885,65.0,43,Standard,Monthly,762.89,16,14,233,166,19.0,17.2,4,3,41.9,0,10,30.0,9,0
CUST10886,34.0,19,Standard,Monthly,701.13,11,8,228,185,15.1,15.6,3,1,12.6,0,10,39.0,13,0
CUST10887,43.0,9,Premium,Monthly,1206.16,15,11,234,223,20.7,18.6,1,1,16.0,2,5,40.0,15,0
CUST10888,53.0,27,Standard,Monthly,796.0,16,10,224,179,13.3,12.1,1,0,14.6,0,15,32.0,11,0
CUST10889,18.0,34,Standard,Monthly,746.47,15,9,247,173,30.6,26.8,2,0,51.7,1,10,55.0,5,0
CUST10890,25.0,44,Premium,Monthly,1131.4,16,15,232,230,21.7,23.7,1,1,21.9,0,15,-10.0,11,1
CUST10891,52.0,4,Basic,Monthly,451.19,19,18,239,138,21.1,19.2,1,1,23.8,1,10,43.0,10,0
CUST10892,32.0,36,Standard,Quarterly,767.35,13,7,237,34,21.8,14.8,7,2,15.4,0,10,50.0,6,0
CUST10893,42.0,18,Premium,Annual,1287.97,21,20,201,189,11.7,10.5,3,2,13.5,1,15,57.0,6,0
CUST10894,39.0,15,Standard,Monthly,676.92,17,3,236,65,16.5,10.5,2,0,15.5,1,10,70.0,5,0
CUST10895,31.0,13,Standard,Monthly,672.91,16,14,231,150,16.8,18.0,0,0,0.7,0,0,38.0,8,0
CUST10896,43.0,19,Premium,Monthly,1147.2,13,13,239,236,15.2,15.1,2,1,42.1,1,0,63.0,8,0
CUST10897,45.0,6,Standard,Quarterly,715.95,16,5,190,92,15.9,10.4,3,1,20.7,1,0,57.0,8,0
CUST10898,40.0,48,Standard,Quarterly,739.31,10,4,218,98,23.0,12.9,2,1,43.7,0,10,49.0,7,0
CUST10899,31.0,12,Premium,Annual,1170.77,14,13,261,260,17.6,16.2,3,0,23.3,2,0,7.0,10,0
CUST10900,41.0,37,Premium,Monthly,1191.2,21,11,227,81,19.8,14.8,1,1,12.3,2,0,69.0,5,0
CUST10901,19.0,17,Standard,Annual,586.05,12,12,232,167,7.9,7.9,1,0,14.9,1,0,44.0,7,0
CUST10902,62.0,23,Basic,Monthly,482.02,15,3,228,34,7.5,4.3,4,1,28.9,0,0,36.0,6,1
CUST10903,43.0,26,Standard,Quarterly,612.93,18,17,211,186,12.3,13.3,1,0,25.9,0,10,13.0,9,0
CUST10904,31.0,29,Standard,Monthly,719.61,16,9,225,163,27.8,26.9,2,1,19.0,1,0,-10.0,13,0
CUST10905,24.0,33,Standard,Annual,712.1,12,4,251,95,30.1,18.4,5,1,60.4,1,10,90.0,6,1
CUST10906,20.0,27,Standard,Monthly,701.52,22,18,278,230,23.9,22.1,2,0,13.0,0,0,50.0,6,0
CUST10907,64.0,25,Standard,Quarterly,702.78,17,15,262,226,15.6,16.7,1,0,7.3,0,0,14.0,9,0
CUST10908,40.0,10,Standard,Annual,643.35,22,20,239,234,20.6,19.4,2,0,10.0,0,0,10.0,7,0
CUST10909,63.0,47,Basic,Monthly,380.96,26,20,237,188,25.6,25.3,3,0,17.2,0,0,35.0,10,0
CUST10910,60.0,23,Standard,Monthly,752.29,13,6,211,94,29.1,18.8,4,1,25.6,3,5,62.0,10,1
CUST10911,64.0,21,Standard,Annual,768.58,14,8,221,64,11.1,7.0,1,0,19.1,2,5,58.0,6,0
CUST10912,62.0,21,Basic,Monthly,375.85,18,17,209,208,19.2,19.6,1,0,6.2,0,0,59.0,5,0
CUST10913,35.0,43,Basic,Monthly,313.18,15,2,217,129,16.1,8.4,1,1,17.3,0,0,20.0,4,0
CUST10914,55.0,13,Standard,Monthly,656.17,10,9,249,216,21.5,21.9,2,0,30.6,3,5,38.0,7,0
CUST10915,52.0,37,Standard,Monthly,800.9,18,18,210,212,18.3,17.4,3,1,35.8,0,10,45.0,11,0
CUST10916,32.0,33,Basic,Monthly,359.45,24,14,225,215,12.0,12.9,1,0,5.5,1,0,41.0,8,0
CUST10917,42.0,24,Premium,Monthly,1193.65,16,16,222,193,20.4,18.0,4,1,11.5,0,0,56.0,6,1
CUST10918,54.0,44,Standard,Monthly,776.88,19,18,241,217,13.8,12.7,0,0,12.0,0,0,81.0,9,1
CUST10919,45.0,11,Premium,Monthly,1170.02,12,10,229,231,17.8,15.4,5,1,54.1,0,15,47.0,11,0
CUST10920,27.0,17,Standard,Annual,689.9,13,5,222,96,18.1,11.0,2,1,46.1,1,0,27.0,11,1
CUST10921,56.0,4,Standard,Annual,742.7,14,11,234,200,28.1,24.9,2,1,17.6,1,15,6.0,8,1
CUST10922,34.0,47,Premium,Quarterly,1293.15,12,12,216,190,19.9,21.1,5,2,15.7,2,10,46.0,7,1
CUST10923,56.0,25,Standard,Monthly,663.49,18,6,223,59,17.5,9.6,3,1,73.0,0,0,26.0,7,1
CUST10924,39.0,30,Standard,Annual,775.57,14,12,225,177,22.3,22.7,1,0,37.2,1,5,53.0,4,0
CUST10925,43.0,9,Basic,Monthly,383.52,11,7,237,166,12.7,11.1,1,1,9.2,0,5,51.0,10,0
CUST10926,61.0,21,Standard,Monthly,650.27,15,10,239,183,18.6,17.4,3,2,47.3,1,5,81.0,8,0
CUST10927,42.0,20,Basic,Annual,412.73,23,20,209,184,21.8,23.8,2,0,13.4,1,10,47.0,5,0
CUST10928,34.0,19,Basic,Quarterly,335.33,16,11,218,136,21.5,19.0,0,0,7.0,0,0,43.0,9,0
CUST10929,30.0,19,Basic,Quarterly,424.96,15,16,239,134,14.8,14.7,5,2,14.3,0,15,43.0,9,1
CUST10930,37.0,12,Basic,Quarterly,572.23,11,9,207,155,20.2,18.9,1,0,18.9,1,0,6.0,9,0
CUST10931,42.0,37,Premium,Monthly,1259.81,17,14,238,169,22.1,24.3,2,1,19.9,2,0,69.0,6,0
CUST10932,21.0,42,Basic,Monthly,393.23,13,2,218,75,12.6,6.9,1,0,47.9,2,20,72.0,7,1
CUST10933,27.0,17,Standard,Quarterly,756.87,11,11,228,232,14.4,12.4,4,2,33.2,1,10,34.0,8,1
CUST10934,20.0,37,Premium,Monthly,1147.77,15,10,215,194,16.1,16.5,4,2,12.9,0,10,-6.0,12,1
CUST10935,58.0,48,Standard,Monthly,657.0,27,20,227,162,32.0,29.8,5,1,11.2,1,10,76.0,9,0
CUST10936,62.0,39,Basic,Quarterly,394.76,23,5,246,143,13.5,11.1,3,2,13.2,0,0,72.0,4,0
CUST10937,35.0,28,Standard,Quarterly,703.83,19,14,249,214,20.0,17.5,0,0,42.2,2,0,39.0,6,0
CUST10938,64.0,41,Standard,Monthly,627.87,14,3,230,60,15.9,7.7,2,1,14.9,1,15,69.0,4,0
CUST10939,53.0,35,Standard,Quarterly,682.14,21,19,235,186,12.4,11.7,0,0,29.6,1,0,41.0,12,0
CUST10940,64.0,47,Standard,Annual,691.05,11,7,246,161,22.2,21.8,3,0,5.7,0,0,47.0,9,0
CUST10941,39.0,48,Premium,Quarterly,1283.81,21,17,240,135,9.5,10.1,3,1,36.7,1,0,1.0,15,0
CUST10942,51.0,18,Standard,Monthly,627.87,17,4,239,34,26.7,17.2,1,0,26.2,1,15,73.0,4,1
CUST10943,64.0,14,Basic,Monthly,322.77,18,2,217,42,11.8,6.4,4,1,33.1,1,0,-2.0,12,1
CUST10944,25.0,35,Standard,Monthly,708.66,16,10,244,230,14.0,14.6,6,4,9.5,1,10,85.0,4,0
CUST10945,57.0,44,Basic,Monthly,462.3,13,9,235,230,21.4,21.1,1,0,27.8,0,0,88.0,7,0
CUST10946,61.0,41,Premium,Monthly,1229.34,12,8,240,182,22.5,19.7,2,1,6.8,0,10,-10.0,9,0
CUST10947,36.0,7,Basic,Monthly,415.65,17,10,240,228,19.4,19.7,3,1,21.0,0,5,81.0,10,0
CUST10948,59.0,41,Basic,Monthly,383.13,17,13,242,253,14.8,13.1,1,0,17.0,1,5,36.0,9,0
CUST10949,58.0,13,Premium,Annual,1236.19,16,13,258,234,8.4,7.7,4,2,4.7,0,0,53.0,12,0
CUST10950,54.0,18,Standard,Monthly,744.48,16,9,245,224,17.5,17.9,3,1,26.9,2,0,7.0,8,1
CUST10951,23.0,37,Standard,Quarterly,684.85,17,7,231,110,12.9,10.3,2,0,5.1,2,0,34.0,1,0
CUST10952,43.0,13,Standard,Quarterly,646.83,12,13,219,157,32.5,30.2,3,0,4.7,0,10,12.0,5,0
CUST10953,51.0,36,Premium,Monthly,1147.18,17,18,233,129,18.8,19.6,1,0,5.3,1,10,22.0,4,0
CUST10954,62.0,31,Basic,Annual,447.33,17,16,256,267,10.3,11.1,4,3,35.3,1,0,73.0,10,0
CUST10955,23.0,2,Premium,Monthly,1114.06,14,6,231,54,16.0,9.8,2,0,25.3,1,15,67.0,7,1
CUST10956,54.0,16,Basic,Monthly,491.24,12,7,222,209,22.5,23.0,3,0,5.7,0,15,63.0,8,1
CUST10957,50.0,9,Standard,Quarterly,672.2049999999999,17,16,235,225,25.0,22.9,2,0,21.1,1,0,29.0,10,0
CUST10958,39.0,9,Premium,Monthly,1216.02,22,13,231,173,16.1,17.6,3,2,19.5,0,10,25.0,3,1
CUST10959,38.0,38,Basic,Quarterly,437.59,14,9,220,181,17.3,15.9,3,1,32.6,0,0,1.0,4,0
CUST10960,23.0,11,Standard,Monthly,661.4,11,9,244,200,21.4,22.9,3,2,16.8,0,5,59.0,5,1
CUST10961,23.0,22,Basic,Annual,373.71,18,12,216,143,12.4,13.4,4,3,36.4,0,0,90.0,8,0
CUST10962,65.0,33,Standard,Monthly,706.26,18,17,237,144,20.1,20.7,1,1,17.4,0,5,78.0,6,1
CUST10963,21.0,36,Standard,Quarterly,652.05,17,5,210,82,19.7,15.5,3,1,10.7,0,0,43.0,11,0
CUST10964,47.0,45,Standard,Monthly,640.28,19,5,216,91,21.2,14.9,2,1,9.5,0,0,54.0,5,0
CUST10965,28.0,23,Basic,Quarterly,345.22,17,4,221,124,17.8,14.9,3,2,4.0,3,10,48.0,15,0
CUST10966,47.0,45,Basic,Quarterly,465.5,8,5,217,140,8.6,8.9,1,0,7.7,0,20,65.0,7,0
CUST10967,48.0,45,Basic,Monthly,420.89,11,10,268,242,19.4,18.0,1,0,7.8,1,10,86.0,10,0
CUST10968,41.0,34,Basic,Quarterly,355.38,12,9,236,233,12.7,10.9,1,0,11.5,0,5,28.0,5,0
CUST10969,26.0,9,Standard,Monthly,747.0,16,4,209,114,28.4,18.5,3,1,27.4,0,0,29.0,8,1
CUST10970,20.0,24,Premium,Annual,1158.42,14,7,255,89,28.5,16.1,3,0,18.6,2,5,35.0,6,0
CUST10971,48.0,8,Standard,Monthly,591.73,11,2,235,111,11.1,5.1,2,1,74.4,0,5,41.0,5,1
CUST10972,57.0,7,Standard,Annual,737.32,13,4,226,29,12.9,9.4,5,3,10.8,0,5,60.0,9,1
CUST10973,54.0,36,Premium,Annual,1289.54,15,4,219,78,4.2,2.3,2,0,7.2,1,15,40.0,7,0
CUST10974,53.0,18,Standard,Monthly,729.69,18,11,227,156,22.4,21.4,1,0,3.6,0,10,21.0,6,0
CUST10975,41.0,3,Premium,Monthly,1095.2,14,9,223,162,14.6,14.6,0,0,17.3,0,10,21.0,11,0
CUST10976,48.0,28,Standard,Monthly,697.7,13,10,217,144,19.6,20.0,1,0,23.4,1,0,13.0,10,0
CUST10977,23.0,6,Basic,Annual,383.9,11,8,236,161,14.8,13.8,5,2,19.8,0,0,39.0,5,0
CUST10978,19.0,44,Basic,Monthly,419.8,13,12,228,155,8.4,8.6,3,1,13.6,1,0,68.0,6,0
CUST10979,37.0,44,Standard,Monthly,652.4,14,11,254,204,19.3,19.2,0,0,76.2,0,10,53.0,6,1
CUST10980,45.0,21,Basic,Annual,380.66,10,8,240,179,25.7,25.5,0,0,34.1,0,10,56.0,6,0
CUST10981,28.0,28,Basic,Monthly,320.9,20,18,238,207,17.8,18.1,2,1,6.8,1,0,15.0,5,0
CUST10982,21.0,40,Standard,Quarterly,711.2,17,3,240,138,11.8,9.8,3,1,24.6,2,0,13.0,6,0
CUST10983,32.0,1,Standard,Monthly,622.94,14,10,224,144,17.1,15.3,0,0,41.7,1,15,46.0,8,0
CUST10984,23.0,36,Standard,Monthly,723.06,13,6,203,105,21.1,12.1,3,1,17.3,2,0,73.0,5,0
CUST10985,47.0,21,Basic,Quarterly,357.72,13,12,240,189,16.8,15.3,5,2,29.1,1,0,63.0,4,0
CUST10986,55.0,43,Standard,Monthly,526.22,10,4,232,46,11.4,5.6,3,0,39.1,1,0,25.0,9,1
CUST10987,19.0,35,Standard,Monthly,742.66,14,9,221,140,30.1,26.9,1,0,20.4,0,15,99.0,6,0
CUST10988,32.0,13,Premium,Annual,1226.17,15,5,223,31,8.9,6.1,2,0,22.5,1,0,-9.0,11,0
CUST10989,28.0,10,Standard,Monthly,773.41,15,11,213,192,31.6,34.0,4,1,5.7,0,0,43.0,7,0
CUST10990,25.0,44,Premium,Annual,1084.04,10,2,230,108,17.4,14.1,2,0,7.2,1,5,45.0,7,1
CUST10991,43.0,47,Standard,Annual,663.0,15,13,241,169,23.4,25.6,3,2,34.5,0,0,37.0,10,0
CUST10992,62.0,10,Standard,Monthly,706.24,16,3,212,37,19.3,15.1,1,1,5.3,0,5,55.0,5,0
CUST10993,61.0,46,Basic,Monthly,430.44,17,6,229,83,12.7,9.7,6,2,11.3,1,10,37.0,11,1
CUST10994,22.0,13,Standard,Quarterly,618.54,24,20,227,225,26.0,27.6,2,0,15.1,1,20,5.0,3,0
CUST10995,23.0,37,Standard,Monthly,722.73,16,12,227,188,21.7,22.3,0,0,27.8,0,5,40.0,7,0
CUST10996,43.0,38,Standard,Monthly,667.55,11,6,219,106,17.4,10.4,2,0,8.3,1,0,46.0,12,0
CUST10997,21.0,24,Standard,Quarterly,596.97,17,15,235,134,22.4,24.3,6,2,49.5,1,0,65.0,8,0
CUST10998,36.0,2,Standard,Monthly,657.71,14,14,226,144,17.2,17.5,1,0,41.7,0,0,77.0,12,0
CUST10999,37.0,22,Basic,Annual,427.29,19,12,214,187,4.8,4.2,2,0,69.5,0,5,21.0,9,0
CUST11000,50.0,17,Standard,Monthly,599.27,14,8,225,142,7.7,8.2,2,0,1.4,2,0,84.0,9,0
CUST11001,37.0,36,Basic,Monthly,434.04,15,13,228,180,17.9,17.3,1,0,31.0,0,5,31.0,8,0
CUST11002,29.0,14,Premium,Monthly,1214.59,7,3,211,123,16.1,9.6,2,1,41.0,2,15,29.0,6,1
CUST11003,64.0,10,Basic,Annual,385.04,9,6,236,166,17.5,18.4,1,0,12.5,0,0,32.0,5,0
CUST11004,18.0,35,Basic,Quarterly,309.06,14,9,260,230,16.0,16.5,4,1,17.6,1,10,-7.0,8,0
CUST11005,43.0,25,Standard,Annual,613.48,13,11,209,176,11.3,11.3,2,0,20.7,1,5,31.0,9,0
CUST11006,31.0,3,Standard,Monthly,677.08,15,11,231,178,9.7,10.4,1,0,11.5,0,10,75.0,8,0
CUST11007,55.0,47,Standard,Monthly,637.13,16,17,226,226,12.9,13.8,3,1,18.1,1,5,54.0,11,1
CUST11008,54.0,38,Basic,Monthly,380.64,18,14,211,189,22.5,20.4,1,1,22.0,1,0,48.0,9,1
CUST11009,28.0,17,Standard,Monthly,748.84,15,10,220,161,13.1,14.0,2,1,96.8,1,15,51.0,13,1
CUST11010,53.0,12,Basic,Monthly,383.98,21,18,258,246,24.3,22.9,2,1,13.3,0,10,74.0,7,0
CUST11011,42.0,24,Premium,Quarterly,1182.48,13,9,232,213,11.8,11.3,2,0,24.3,0,5,20.0,12,0
CUST11012,60.0,29,Premium,Monthly,1182.52,18,14,218,206,25.1,27.4,3,0,26.0,0,15,65.0,13,0
CUST11013,20.0,43,Standard,Annual,754.74,20,5,222,112,14.9,8.0,5,2,18.2,1,20,44.0,10,1
CUST11014,50.0,25,Basic,Monthly,470.14,15,12,231,171,16.2,15.0,2,0,7.2,1,0,22.0,13,0
CUST11015,23.0,36,Standard,Annual,722.21,15,14,247,179,16.2,16.4,1,1,24.9,0,0,54.0,4,0
CUST11016,27.0,26,Basic,Monthly,406.51,19,13,253,222,21.5,21.2,2,1,10.9,0,10,43.0,8,0
CUST11017,22.0,38,Standard,Monthly,711.63,19,19,214,132,19.5,17.2,2,0,10.4,0,5,22.0,8,0
CUST11018,40.0,1,Basic,Monthly,477.54,12,11,220,211,18.8,20.2,5,3,36.2,0,0,15.0,4,0
CUST11019,27.0,20,Premium,Monthly,1225.19,13,9,234,172,17.5,18.5,2,0,15.1,0,0,31.0,9,0
CUST11020,61.0,28,Basic,Monthly,482.73,19,12,258,223,14.6,15.2,3,0,25.2,1,10,29.0,7,0
CUST11021,19.0,16,Standard,Monthly,675.95,14,2,232,95,24.6,11.8,5,0,26.7,2,10,73.0,2,1
CUST11022,30.0,47,Standard,Monthly,625.54,7,4,233,105,18.5,10.8,0,0,42.3,0,15,37.0,6,1
CUST11023,57.0,17,Standard,Quarterly,662.2,16,13,232,213,21.4,23.0,3,2,7.2,0,0,33.0,5,0
CUST11024,19.0,40,Basic,Quarterly,368.05,18,10,244,211,19.2,18.0,5,1,31.8,1,0,70.0,3,0
CUST11025,37.0,28,Premium,Annual,1287.25,18,18,236,159,15.5,13.2,1,1,35.1,1,0,76.0,10,0
CUST11026,18.0,12,Standard,Monthly,739.5,25,15,225,132,32.4,35.5,6,1,13.7,0,20,21.0,6,0
CUST11027,54.0,27,Standard,Quarterly,663.94,16,11,259,251,25.4,27.0,0,0,46.5,3,0,11.0,11,1
CUST11028,26.0,42,Basic,Monthly,443.46,15,9,237,235,14.8,14.8,1,1,5.9,0,5,55.0,10,0
CUST11029,34.0,47,Standard,Monthly,691.87,15,10,243,154,30.3,25.9,1,1,29.3,0,5,37.0,6,0
CUST11030,26.0,30,Standard,Monthly,788.9,13,13,221,156,23.6,21.4,2,1,20.9,2,5,28.0,7,0
CUST11031,28.0,41,Basic,Monthly,380.65,13,11,232,160,11.4,11.0,4,1,14.9,0,10,68.0,11,0
CUST11032,32.0,34,Basic,Monthly,314.36,23,15,258,263,23.3,23.5,1,0,21.6,0,5,35.0,9,0
CUST11033,41.0,37,Premium,Monthly,1188.73,19,19,227,148,20.5,21.1,6,2,5.2,2,0,90.0,9,0
CUST11034,55.0,6,Basic,Monthly,380.68,21,20,211,134,19.0,19.9,1,0,10.9,1,10,43.0,8,0
CUST11035,52.0,7,Basic,Quarterly,325.12,16,15,232,149,24.1,23.8,1,1,46.4,0,0,46.0,10,0
CUST11036,47.0,32,Standard,Quarterly,731.23,18,4,222,48,20.0,15.7,3,0,7.2,1,0,98.0,8,0
CUST11037,48.0,32,Standard,Annual,777.36,12,1,233,39,5.9,4.6,4,1,16.9,1,0,50.0,8,0
CUST11038,22.0,25,Basic,Quarterly,337.26,16,8,254,101,9.9,5.5,2,1,7.7,0,0,24.0,6,0
CUST11039,61.0,33,Standard,Monthly,752.5,9,7,230,142,12.9,14.0,3,1,11.8,1,0,16.0,8,0
CUST11040,42.0,7,Basic,Annual,365.64,15,7,243,60,30.0,18.9,2,1,20.4,0,15,30.0,6,0
CUST11041,28.0,12,Basic,Annual,397.64,8,7,218,143,21.9,19.6,3,1,49.0,0,5,48.0,9,1
CUST11042,26.0,16,Basic,Monthly,391.86,19,19,259,151,21.2,23.1,4,0,38.5,0,5,65.0,5,0
CUST11043,51.0,16,Premium,Monthly,1197.64,15,13,234,232,18.6,16.8,1,0,6.9,1,0,4.0,8,1
CUST11044,29.0,43,Basic,Annual,425.02,13,13,216,213,12.5,13.7,1,0,52.7,1,20,42.0,8,1
CUST11045,52.0,36,Basic,Monthly,342.67,13,9,219,227,9.3,9.5,1,0,41.6,1,15,74.0,10,0
CUST11046,52.0,13,Standard,Annual,770.13,22,20,229,180,24.0,24.1,0,0,5.0,0,10,49.0,4,0
CUST11047,18.0,7,Premium,Monthly,1226.69,15,13,233,162,28.0,26.1,2,2,39.0,1,0,76.0,9,0
CUST11048,57.0,36,Basic,Monthly,444.96,17,15,226,211,22.1,19.5,2,2,39.2,0,5,4.0,8,0
CUST11049,39.0,47,Standard,Monthly,656.1,11,10,242,155,15.1,13.3,3,1,3.2,0,0,36.0,7,1
CUST11050,46.0,9,Basic,Monthly,337.69,13,9,241,162,15.5,16.6,0,0,7.7,0,0,45.0,9,0
CUST11051,25.0,32,Standard,Annual,764.05,18,11,265,180,22.2,21.2,3,2,39.5,0,0,56.0,7,0
CUST11052,28.0,11,Standard,Annual,635.32,14,3,205,109,17.3,10.1,10,1,6.6,0,0,43.0,7,1
CUST11053,58.0,8,Standard,Monthly,707.21,13,7,254,232,17.1,18.5,3,2,34.0,0,20,52.0,13,0
CUST11054,54.0,33,Basic,Monthly,455.04,14,11,214,132,14.8,13.5,3,3,47.0,0,5,54.0,11,0
CUST11055,31.0,23,Basic,Annual,392.03,16,7,252,92,14.0,6.8,0,0,13.7,3,0,40.0,4,1
CUST11056,47.0,25,Basic,Quarterly,463.35,20,15,232,225,17.3,16.7,2,0,27.3,2,10,54.0,4,0
CUST11057,52.0,8,Standard,Monthly,684.06,12,11,239,227,8.5,7.7,5,2,21.7,1,0,50.0,9,1
CUST11058,38.0,45,Basic,Monthly,328.74,16,15,255,226,21.7,23.1,2,0,45.1,1,10,26.0,9,0
CUST11059,54.0,22,Standard,Quarterly,719.58,15,15,193,125,6.8,6.9,4,4,21.2,1,5,38.0,8,0
CUST11060,22.0,4,Premium,Quarterly,1209.91,13,10,237,187,24.4,21.3,1,0,24.0,2,0,11.0,7,1
CUST11061,42.0,40,Premium,Monthly,672.2049999999999,11,9,245,209,14.8,14.6,2,2,56.2,4,5,5.0,5,1
CUST11062,31.0,3,Premium,Monthly,1147.02,17,17,240,244,17.3,18.4,5,0,38.2,0,0,48.0,6,1
CUST11063,43.0,29,Standard,Annual,685.15,15,16,241,153,21.3,18.5,1,0,2.8,0,0,-5.0,7,0
CUST11064,21.0,41,Standard,Quarterly,658.8,7,7,214,173,16.3,15.5,2,2,25.5,2,0,36.0,7,1
CUST11065,42.0,29,Basic,Monthly,391.16,16,15,239,150,13.6,14.3,1,1,13.7,1,0,52.0,3,1
CUST11066,62.0,34,Standard,Monthly,688.95,15,7,254,128,19.7,10.5,3,1,41.5,1,10,42.0,13,1
CUST11067,59.0,34,Standard,Quarterly,651.02,13,3,223,82,31.2,18.2,2,2,19.4,0,0,97.0,3,0
CUST11068,42.0,28,Standard,Monthly,724.75,22,20,211,204,22.7,21.1,4,2,18.1,0,5,53.0,6,0
CUST11069,35.0,13,Standard,Monthly,687.22,12,12,233,158,13.5,13.1,0,0,12.9,0,0,35.0,5,0
CUST11070,57.0,15,Basic,Monthly,473.0,14,13,216,164,15.9,16.4,5,2,14.1,1,15,57.0,11,1
CUST11071,25.0,23,Basic,Monthly,363.33,13,9,207,156,15.1,13.4,1,1,22.6,0,5,9.0,7,0
CUST11072,56.0,44,Premium,Quarterly,1301.38,18,3,227,98,11.8,8.1,0,0,11.4,1,0,67.0,8,0
CUST11073,57.0,26,Basic,Monthly,414.17,19,13,237,220,21.6,22.2,1,1,12.5,1,5,29.0,10,0
CUST11074,31.0,4,Standard,Quarterly,768.92,15,12,222,128,16.0,17.0,0,0,3.5,0,0,70.0,10,0
CUST11075,49.0,26,Premium,Monthly,1205.35,7,2,219,103,19.9,15.9,1,0,8.0,2,0,52.0,11,0
CUST11076,55.0,40,Standard,Monthly,656.06,21,20,233,192,3.0,2.8,1,1,30.8,1,5,58.0,7,0
CUST11077,50.0,9,Standard,Monthly,684.51,15,10,223,170,22.1,21.8,5,2,31.7,1,0,28.0,10,0
CUST11078,40.0,5,Basic,Annual,322.73,15,13,237,163,14.4,14.8,2,1,1.8,0,0,13.0,8,0
CUST11079,32.0,32,Basic,Annual,392.87,21,8,255,109,12.0,6.1,2,2,9.4,1,5,13.0,10,0
CUST11080,50.0,20,Premium,Monthly,1208.47,15,13,241,148,10.0,9.1,0,0,29.0,2,0,-1.0,6,0
CUST11081,42.0,11,Standard,Quarterly,701.51,11,9,224,232,12.5,10.7,2,0,3.9,0,0,32.0,9,0
CUST11082,34.0,15,Standard,Quarterly,772.16,16,16,249,140,15.4,15.8,1,0,10.9,1,0,27.0,7,0
CUST11083,50.0,32,Basic,Annual,390.8,15,4,198,116,23.3,12.0,1,0,33.2,0,0,67.0,7,0
CUST11084,64.0,28,Basic,Monthly,294.83,16,11,199,140,15.3,16.1,5,2,4.5,3,15,43.0,10,1
CUST11085,19.0,22,Premium,Quarterly,1393.92,21,20,242,195,23.9,24.0,4,0,24.2,0,5,97.0,7,0
CUST11086,31.0,41,Standard,Monthly,661.02,15,11,215,141,19.8,21.6,1,0,7.8,2,0,17.0,7,0
CUST11087,57.0,17,Standard,Monthly,752.28,21,13,250,230,28.9,27.7,4,1,22.4,1,0,19.0,7,1
CUST11088,57.0,26,Basic,Annual,316.27,15,12,249,181,15.0,14.7,0,0,24.5,0,20,5.0,11,0
CUST11089,56.0,44,Standard,Monthly,712.49,11,3,214,80,20.5,17.3,3,0,30.0,1,5,42.0,12,0
CUST11090,23.0,7,Premium,Monthly,1155.3,12,7,219,217,25.5,27.7,1,0,4.6,1,0,34.0,5,1
CUST11091,23.0,42,Standard,Monthly,543.76,16,7,237,133,21.8,13.3,4,1,19.3,0,0,39.0,9,1
CUST11092,20.0,26,Basic,Quarterly,383.45,18,5,228,59,17.0,12.2,1,0,30.4,2,0,52.0,12,1
CUST11093,24.0,25,Standard,Quarterly,696.25,14,11,228,217,15.1,13.0,6,1,35.0,0,0,67.0,13,0
CUST11094,25.0,10,Standard,Monthly,686.96,21,5,223,125,6.3,3.1,3,0,5.5,0,10,13.0,8,1
CUST11095,59.0,45,Standard,Annual,712.37,13,9,251,172,16.6,14.1,1,0,12.7,0,5,42.0,5,1
CUST11096,32.0,19,Premium,Monthly,1184.18,14,12,236,168,12.5,11.6,1,0,26.1,1,10,63.0,8,0
CUST11097,64.0,11,Standard,Monthly,702.8,15,10,230,237,14.7,16.0,1,1,49.5,1,0,15.0,7,1
CUST11098,46.0,13,Premium,Annual,1208.36,16,15,204,164,18.3,16.3,1,0,20.2,3,0,100.0,8,0
CUST11099,50.0,8,Standard,Monthly,697.07,16,14,237,131,8.6,8.5,2,2,8.1,0,20,100.0,4,0
CUST11100,47.0,40,Basic,Monthly,389.61,24,11,225,75,12.0,8.2,0,0,8.1,2,5,40.0,1,0
CUST11101,56.0,4,Basic,Monthly,349.85,17,17,207,115,20.3,21.3,2,1,8.4,1,0,14.0,9,1
CUST11102,44.0,47,Basic,Annual,431.69,10,1,232,136,10.4,6.0,1,0,11.8,0,0,18.0,4,0
CUST11103,53.0,31,Premium,Monthly,1183.44,11,7,211,164,17.7,16.0,5,2,19.2,0,0,48.0,5,0
CUST11104,46.0,28,Standard,Annual,678.99,21,18,223,159,9.6,10.2,3,2,34.8,2,10,58.0,7,1
CUST11105,55.0,11,Standard,Quarterly,727.18,17,14,232,131,21.2,22.1,2,1,63.6,1,0,-4.0,8,1
CUST11106,50.0,43,Basic,Monthly,410.66,25,8,238,125,21.9,17.2,3,1,22.2,0,10,18.0,10,1
CUST11107,54.0,1,Basic,Quarterly,360.6,23,17,202,167,25.4,21.6,1,0,37.9,0,0,46.0,7,0
CUST11108,44.0,47,Standard,Monthly,767.79,13,10,255,229,25.5,24.6,1,0,12.9,1,0,7.0,7,0
CUST11109,50.0,38,Standard,Monthly,633.59,8,6,201,151,19.6,21.6,2,0,28.2,1,0,35.0,8,0
CUST11110,21.0,24,Basic,Quarterly,342.27,19,17,233,213,7.4,7.8,2,2,37.6,1,15,53.0,8,0
CUST11111,39.0,47,Standard,Annual,735.76,15,13,227,143,18.0,19.1,0,0,15.2,0,20,38.0,6,0
CUST11112,19.0,31,Basic,Monthly,495.31,10,3,245,44,20.7,12.2,3,0,5.4,0,0,24.0,6,1
CUST11113,27.0,41,Basic,Monthly,367.24,15,8,238,58,18.7,15.7,2,1,29.9,1,0,44.0,7,0
CUST11114,22.0,46,Standard,Monthly,721.71,19,14,234,168,28.0,29.4,3,1,18.4,1,15,55.0,7,1
CUST11115,27.0,26,Basic,Monthly,333.42,10,7,235,180,25.8,22.5,4,0,29.6,1,0,19.0,11,1
CUST11116,50.0,5,Premium,Monthly,1147.91,17,2,202,90,18.2,9.1,2,1,15.6,3,0,51.0,3,1
CUST11117,55.0,20,Basic,Monthly,461.27,18,12,248,189,22.5,23.7,2,0,18.6,0,10,50.0,9,1
CUST11118,30.0,41,Basic,Quarterly,419.12,17,12,234,129,9.2,7.9,3,1,29.5,1,20,43.0,7,0
CUST11119,48.0,11,Basic,Monthly,462.98,17,4,258,120,19.1,14.4,1,0,51.5,0,5,49.0,9,1
CUST11120,64.0,33,Standard,Monthly,758.75,14,13,182,101,10.4,9.7,1,0,7.9,1,0,45.0,5,0
CUST11121,53.0,38,Standard,Annual,584.07,12,9,240,211,16.9,18.0,1,0,9.9,0,15,38.0,8,0
CUST11122,62.0,27,Standard,Annual,633.22,13,13,210,149,13.9,14.6,1,1,21.1,0,0,35.0,11,0
CUST11123,41.0,34,Basic,Monthly,414.1,14,13,245,192,14.1,14.3,3,1,35.6,0,0,60.0,10,0
CUST11124,32.0,15,Basic,Monthly,305.66,16,8,218,48,13.1,9.2,0,0,21.9,3,5,40.0,7,0
CUST11125,46.0,32,Standard,Quarterly,641.01,13,13,222,167,15.6,15.0,2,1,22.4,1,15,55.0,13,1
CUST11126,25.0,21,Premium,Monthly,1277.48,17,15,213,200,14.6,15.6,2,0,12.3,1,0,55.0,7,0
CUST11127,22.0,46,Premium,Monthly,1169.21,21,18,215,218,21.8,19.8,4,0,12.6,1,0,19.0,7,0
CUST11128,46.0,5,Basic,Quarterly,438.07,20,12,248,147,16.4,16.8,3,2,44.8,1,0,34.0,4,0
CUST11129,64.0,6,Standard,Monthly,697.45,16,15,219,208,17.7,16.1,2,1,29.4,2,15,41.0,11,0
CUST11130,21.0,38,Premium,Monthly,1161.6,14,12,244,150,19.7,17.0,3,2,3.6,1,10,44.0,7,0
CUST11131,29.0,22,Standard,Monthly,607.47,12,5,236,54,19.7,11.1,5,1,6.0,0,10,53.0,8,0
CUST11132,62.0,18,Premium,Monthly,1211.83,16,14,240,247,11.6,11.3,2,1,15.6,0,10,46.0,7,0
CUST11133,19.0,14,Basic,Monthly,479.0,16,12,214,170,16.4,17.4,4,0,29.4,1,5,43.0,10,0
CUST11134,44.0,10,Premium,Annual,1163.17,12,10,220,138,19.4,19.0,5,3,1.0,0,0,31.0,6,1
CUST11135,48.0,46,Standard,Monthly,702.77,15,11,248,207,12.7,11.4,1,1,22.8,2,15,68.0,9,0
CUST11136,53.0,13,Premium,Monthly,1115.41,19,17,222,151,12.0,13.2,2,1,10.8,0,5,51.0,8,1
CUST11137,53.0,31,Standard,Monthly,662.03,17,17,226,177,11.0,10.1,2,1,36.3,1,10,39.0,7,0
CUST11138,43.0,30,Standard,Annual,717.75,20,19,233,201,19.2,21.1,3,1,10.5,0,10,32.0,9,0
CUST11139,60.0,3,Premium,Monthly,1239.9,10,9,237,233,16.2,17.6,2,0,13.9,0,0,49.0,9,0
CUST11140,44.0,30,Basic,Monthly,429.58,13,7,196,108,17.1,16.8,1,0,51.0,0,0,43.0,7,1
CUST11141,22.0,6,Basic,Annual,287.26,25,20,222,146,7.3,6.4,3,1,16.9,0,5,4.0,13,1
CUST11142,37.0,29,Standard,Monthly,673.87,11,3,231,64,18.4,11.8,1,1,35.7,1,0,17.0,7,0
CUST11143,42.0,8,Standard,Monthly,645.8,15,15,231,138,18.7,19.9,1,1,23.7,2,0,75.0,8,1
CUST11144,27.0,44,Premium,Monthly,1182.0,19,12,259,265,19.6,18.8,5,2,26.7,0,10,51.0,7,1
CUST11145,57.0,45,Basic,Monthly,392.88,11,8,229,233,26.7,24.2,5,2,33.4,0,10,26.0,4,0
CUST11146,55.0,43,Standard,Monthly,757.65,18,4,241,110,13.4,6.9,4,0,10.2,0,15,33.0,3,1
CUST11147,23.0,44,Standard,Quarterly,715.24,22,19,233,203,20.9,20.6,2,0,30.5,0,10,20.0,8,0
CUST11148,25.0,33,Basic,Monthly,476.98,12,9,248,242,20.0,18.0,4,1,35.1,0,0,29.0,7,0
CUST11149,40.0,17,Standard,Monthly,660.53,19,17,227,131,20.7,22.5,1,1,25.5,0,0,68.0,11,0
CUST11150,64.0,48,Basic,Monthly,321.06,13,7,231,94,16.1,12.1,2,0,37.0,0,5,37.0,10,1
CUST11151,43.0,11,Basic,Monthly,479.04,6,4,244,173,22.6,21.3,1,0,6.2,1,15,63.0,9,0
CUST11152,63.0,13,Premium,Monthly,1222.84,14,12,244,236,13.6,11.8,0,0,4.6,0,0,83.0,6,0
CUST11153,60.0,11,Standard,Annual,658.12,12,1,232,94,15.2,12.5,5,2,32.8,0,10,32.0,7,1
CUST11154,29.0,31,Standard,Monthly,672.2049999999999,15,13,249,200,16.9,15.7,4,1,11.2,0,0,10.0,7,0
CUST11155,43.0,28,Premium,Quarterly,1244.94,15,4,247,101,16.6,10.6,0,0,4.9,1,0,53.0,8,0
CUST11156,30.0,44,Standard,Monthly,705.56,10,8,216,189,20.2,21.7,1,0,4.4,0,10,21.0,8,0
CUST11157,57.0,6,Premium,Monthly,1158.9,22,17,248,246,19.6,21.5,0,0,53.3,2,10,42.0,7,0
CUST11158,35.0,41,Standard,Monthly,674.73,9,6,211,151,19.6,18.4,1,1,32.0,0,0,46.0,10,0
CUST11159,42.0,16,Premium,Monthly,1214.98,15,6,233,42,25.9,18.0,3,1,23.6,2,10,88.0,5,1
CUST11160,50.0,4,Basic,Monthly,409.94,21,18,226,162,16.8,14.5,4,2,52.4,1,10,50.0,7,1
CUST11161,64.0,35,Premium,Monthly,1265.67,18,19,214,203,24.3,22.9,1,1,21.9,0,10,31.0,5,0
CUST11162,57.0,48,Basic,Quarterly,383.82,17,16,211,166,11.6,10.2,3,2,4.4,1,5,58.0,7,0
CUST11163,60.0,26,Basic,Monthly,345.99,12,11,234,168,17.2,14.9,2,1,13.8,0,0,62.0,4,0
CUST11164,29.0,12,Standard,Monthly,840.74,15,3,210,76,17.6,13.7,1,1,4.3,1,15,72.0,14,1
CUST11165,61.0,11,Standard,Monthly,708.6,22,16,244,145,10.2,10.7,1,1,32.6,0,5,19.0,7,0
CUST11166,53.0,37,Standard,Monthly,744.88,17,10,224,220,18.3,17.6,0,0,13.5,0,15,74.0,8,0
CUST11167,65.0,25,Standard,Monthly,727.7,21,15,255,262,18.7,18.3,2,0,84.1,0,0,99.0,5,1
CUST11168,42.0,18,Standard,Monthly,709.26,17,17,192,151,21.6,19.8,2,2,14.7,4,20,74.0,9,0
CUST11169,22.0,19,Basic,Monthly,386.47,20,15,216,143,20.9,21.6,1,0,9.4,2,0,78.0,7,0
CUST11170,54.0,23,Basic,Quarterly,244.79,25,20,229,202,10.3,9.7,3,0,31.7,0,0,31.0,8,0
CUST11171,25.0,38,Basic,Annual,340.52,15,10,222,172,25.2,21.8,1,1,7.2,1,0,84.0,4,0
CUST11172,59.0,18,Standard,Monthly,717.1,9,6,222,150,15.2,13.6,1,0,5.5,1,20,30.0,4,0
CUST11173,45.0,26,Basic,Monthly,249.46,13,8,266,151,14.4,12.7,2,1,24.0,1,0,41.0,4,0
CUST11174,48.0,6,Standard,Annual,702.94,17,15,220,219,20.9,20.1,0,0,21.1,2,5,30.0,6,1
CUST11175,26.0,4,Standard,Monthly,735.37,14,11,230,218,23.1,20.0,1,0,8.2,0,0,27.0,4,1
CUST11176,46.0,44,Basic,Monthly,444.83,20,17,207,200,15.2,16.0,2,0,7.6,1,0,42.0,6,0
CUST11177,31.0,29,Standard,Monthly,731.9,14,3,236,89,17.7,14.4,1,0,26.2,0,10,13.0,4,1
CUST11178,57.0,34,Premium,Monthly,1251.71,19,18,229,212,23.5,21.4,1,0,44.8,0,15,25.0,9,0
CUST11179,58.0,17,Basic,Monthly,487.31,10,9,226,190,12.4,12.1,2,1,20.3,1,0,18.0,9,0
CUST11180,39.0,43,Standard,Monthly,759.29,26,20,239,176,3.0,2.9,4,2,21.4,0,5,80.0,5,0
CUST11181,28.0,43,Standard,Monthly,709.83,9,2,215,60,21.2,12.5,4,1,21.4,1,5,83.0,15,1
CUST11182,40.0,16,Standard,Monthly,691.6,18,13,206,216,23.5,20.4,2,2,26.7,0,0,100.0,10,0
CUST11183,18.0,2,Standard,Quarterly,705.31,13,13,235,235,8.4,8.6,5,1,10.6,0,15,40.0,5,0
CUST11184,63.0,34,Standard,Monthly,683.85,13,8,236,221,17.9,16.7,0,0,25.8,0,5,43.0,10,0
CUST11185,54.0,8,Standard,Monthly,672.2049999999999,19,12,223,206,15.0,14.6,3,2,49.5,3,20,61.0,9,1
CUST11186,38.0,13,Basic,Monthly,430.47,13,3,252,132,18.8,13.2,1,0,21.8,1,0,10.0,11,1
CUST11187,43.0,42,Standard,Quarterly,678.04,14,12,208,203,5.6,5.0,0,0,36.8,1,0,18.0,8,0
CUST11188,63.0,8,Standard,Quarterly,771.82,19,11,238,190,10.4,9.5,5,1,59.0,0,5,2.0,5,0
CUST11189,53.0,30,Basic,Quarterly,382.95,19,17,235,151,20.7,18.0,1,1,37.5,0,10,63.0,7,0
CUST11190,40.0,32,Standard,Monthly,646.98,16,13,244,228,17.2,15.8,2,0,44.3,0,0,20.0,10,0
CUST11191,18.0,36,Premium,Quarterly,1198.41,15,3,225,64,27.0,21.7,3,2,42.0,1,0,67.0,8,1
CUST11192,57.0,47,Standard,Quarterly,653.67,18,14,218,157,21.5,21.8,4,0,40.3,1,10,30.0,7,0
CUST11193,32.0,30,Standard,Monthly,750.49,16,5,259,101,12.2,10.2,1,0,10.4,2,0,43.0,10,1
CUST11194,38.0,1,Premium,Monthly,1152.5,21,13,217,149,22.3,19.0,0,0,42.5,0,10,38.0,9,0
CUST11195,64.0,43,Standard,Monthly,692.65,10,6,226,231,28.3,24.9,1,0,20.3,0,0,47.0,6,0
CUST11196,26.0,39,Standard,Quarterly,750.68,9,6,215,192,17.6,18.6,4,1,32.0,0,5,30.0,7,0
CUST11197,26.0,17,Standard,Monthly,659.83,9,8,224,187,20.4,18.7,1,1,23.2,0,15,68.0,4,0
CUST11198,27.0,20,Premium,Monthly,1221.61,22,19,233,219,23.0,24.7,4,2,56.7,0,0,38.0,5,1
CUST11199,43.0,24,Standard,Annual,645.46,8,6,232,222,17.0,18.2,2,1,34.4,0,10,51.0,9,1
CUST11200,58.0,22,Standard,Quarterly,712.44,16,13,242,241,5.3,4.7,1,1,36.1,1,0,45.0,11,0
CUST11201,52.0,29,Standard,Annual,730.2,20,17,216,216,21.3,22.9,1,1,38.5,0,10,17.0,6,1
CUST11202,42.0,22,Premium,Annual,1196.68,16,8,220,55,22.8,15.9,5,3,22.5,0,0,76.0,11,0
CUST11203,43.0,44,Standard,Monthly,700.84,13,8,222,136,26.8,27.0,2,2,38.8,0,0,26.0,3,0
CUST11204,28.0,9,Basic,Quarterly,423.42,12,12,224,216,11.4,12.1,4,3,9.4,1,10,62.0,10,0
CUST11205,55.0,37,Premium,Monthly,1183.57,13,11,251,257,11.7,11.1,0,0,24.1,2,5,60.0,9,0
CUST11206,19.0,10,Standard,Annual,747.93,21,19,233,164,13.9,14.3,1,0,32.3,1,0,5.0,8,0
CUST11207,24.0,36,Basic,Monthly,474.41,17,13,230,127,17.0,17.3,1,0,19.7,1,0,38.0,5,0
CUST11208,35.0,37,Standard,Annual,648.08,21,19,234,166,21.2,22.1,5,1,78.2,2,5,56.0,8,0
CUST11209,44.0,28,Standard,Quarterly,796.19,18,15,210,156,11.3,11.4,3,0,13.1,1,0,35.0,3,0
CUST11210,51.0,28,Premium,Quarterly,1182.31,12,7,226,210,23.7,20.6,2,1,5.3,0,0,39.0,5,0
CUST11211,44.0,42,Basic,Monthly,508.69,24,6,235,39,23.4,16.1,2,1,55.3,0,5,47.0,10,1
CUST11212,34.0,43,Premium,Monthly,1183.05,13,9,231,152,23.6,25.6,3,1,25.4,0,15,33.0,7,0
CUST11213,60.0,21,Standard,Quarterly,737.91,22,11,233,87,16.1,8.1,1,1,8.9,0,5,51.0,11,0
CUST11214,61.0,24,Basic,Monthly,437.61,12,7,205,129,4.6,4.4,2,1,15.6,3,0,43.0,5,0
CUST11215,41.0,42,Premium,Annual,1177.7,19,17,235,218,27.6,25.9,1,0,4.0,0,15,37.0,8,0
CUST11216,42.0,40,Standard,Monthly,702.99,13,12,265,194,14.4,12.6,0,0,9.8,2,0,18.0,5,0
CUST11217,24.0,2,Basic,Quarterly,478.19,18,16,215,189,22.3,20.0,0,0,23.0,1,5,52.0,9,0
CUST11218,23.0,8,Standard,Monthly,681.28,21,20,232,136,18.7,17.3,2,0,36.9,1,0,-10.0,7,1
CUST11219,41.0,48,Premium,Quarterly,1176.03,16,2,215,114,24.8,13.3,6,0,14.4,2,10,49.0,9,1
CUST11220,50.0,27,Basic,Quarterly,335.56,21,11,233,118,17.7,9.3,2,0,11.3,1,0,42.0,12,0
CUST11221,46.0,22,Basic,Monthly,485.22,14,12,212,207,18.4,18.0,2,1,12.4,0,0,22.0,9,0
CUST11222,60.0,37,Basic,Monthly,372.56,12,12,251,209,19.1,19.3,0,0,13.9,1,10,7.0,9,1
CUST11223,39.0,27,Basic,Monthly,465.0,12,3,216,108,20.5,16.8,5,2,25.4,1,15,52.0,4,1
CUST11224,43.0,29,Standard,Monthly,665.93,15,15,228,217,10.6,11.3,3,2,56.6,1,0,36.0,9,1
CUST11225,45.0,3,Standard,Monthly,763.27,19,12,248,143,29.3,29.7,1,0,3.9,0,0,45.0,13,0
CUST11226,38.0,44,Basic,Quarterly,443.37,16,15,229,233,17.6,15.3,3,1,11.4,1,0,-4.0,8,0
CUST11227,24.0,13,Basic,Monthly,386.44,13,3,228,127,21.5,15.7,3,0,4.1,1,15,54.0,8,1
CUST11228,34.0,45,Basic,Monthly,358.61,12,12,229,182,27.1,28.6,3,2,9.9,1,15,65.0,8,0
CUST11229,37.0,10,Premium,Monthly,1163.08,23,13,217,127,18.0,18.6,2,1,18.9,1,0,38.0,7,0
CUST11230,58.0,36,Basic,Monthly,362.38,17,10,219,182,12.0,12.9,4,0,5.9,1,0,20.0,7,1
CUST11231,37.0,9,Premium,Monthly,1257.59,18,11,220,176,11.8,10.7,1,0,31.9,1,0,53.0,7,1
CUST11232,39.0,27,Standard,Annual,707.81,24,13,233,125,15.3,10.8,2,1,8.5,0,0,35.0,9,0
CUST11233,45.0,34,Basic,Annual,337.67,16,14,252,143,20.0,18.4,5,0,30.4,1,0,64.0,5,0
CUST11234,57.0,1,Premium,Monthly,1185.13,17,17,210,208,20.6,17.8,1,1,12.6,2,5,43.0,7,0
CUST11235,24.0,32,Standard,Monthly,691.79,12,9,214,204,24.8,24.1,0,0,16.7,1,0,-10.0,6,0
CUST11236,18.0,25,Standard,Annual,581.36,10,6,244,211,8.8,7.7,1,0,27.7,0,0,-10.0,7,0
CUST11237,49.0,29,Premium,Monthly,1188.19,16,10,237,198,19.3,19.7,1,0,68.8,1,10,24.0,9,0
CUST11238,30.0,7,Basic,Monthly,438.78,13,7,253,137,21.7,18.3,7,1,12.6,0,15,53.0,5,0
CUST11239,47.0,3,Basic,Monthly,391.43,16,9,245,66,21.5,16.0,3,1,4.0,1,10,30.0,9,1
CUST11240,40.0,20,Standard,Monthly,712.99,13,12,225,229,3.5,3.5,1,0,59.5,2,5,54.0,5,0
CUST11241,36.0,20,Basic,Annual,425.65,16,4,239,73,15.8,10.1,4,1,31.0,1,20,25.0,9,1
CUST11242,49.0,30,Basic,Quarterly,380.16,12,3,232,110,22.9,11.2,4,1,11.0,1,0,94.0,8,0
CUST11243,47.0,35,Basic,Monthly,439.19,12,7,236,201,13.1,13.1,5,1,20.2,0,0,37.0,8,0
CUST11244,46.0,35,Basic,Monthly,479.16,11,7,218,189,10.9,11.8,4,1,22.2,1,0,49.0,6,0
CUST11245,62.0,39,Standard,Quarterly,615.19,18,9,212,101,21.4,12.9,2,1,13.2,3,0,18.0,7,1
CUST11246,46.0,27,Basic,Annual,380.03,13,13,239,167,19.8,18.3,1,0,6.8,0,10,32.0,8,0
CUST11247,47.0,26,Standard,Quarterly,827.13,17,5,239,37,19.4,15.7,4,0,16.0,0,0,54.0,3,0
CUST11248,33.0,14,Standard,Quarterly,708.38,13,6,237,118,14.1,9.1,4,2,6.3,0,5,41.0,8,0
CUST11249,57.0,17,Standard,Monthly,697.08,11,10,261,153,10.1,10.8,1,1,67.8,1,5,-10.0,12,1
CUST11250,36.0,18,Basic,Annual,384.81,11,3,234,83,23.7,15.6,3,1,43.8,1,15,54.0,10,1
CUST11251,35.0,45,Standard,Quarterly,769.09,17,11,253,245,38.0,38.1,2,1,44.1,0,5,57.0,7,1
CUST11252,18.0,29,Basic,Monthly,347.36,14,13,224,159,8.3,7.4,2,2,3.6,2,0,60.0,5,0
CUST11253,31.0,20,Standard,Quarterly,749.94,14,9,222,176,24.1,21.2,1,0,13.7,0,10,69.0,9,0
CUST11254,64.0,27,Premium,Monthly,1183.78,15,7,258,138,17.0,11.3,3,2,6.4,1,5,47.0,10,1
CUST11255,19.0,18,Standard,Monthly,657.76,19,12,233,200,19.9,19.0,3,1,23.0,0,5,100.0,10,0
CUST11256,45.0,4,Standard,Monthly,686.29,18,3,207,90,17.6,11.8,2,1,2.2,1,0,48.0,8,0
CUST11257,47.0,1,Standard,Monthly,696.45,14,10,231,147,31.2,33.6,2,1,44.7,0,0,-10.0,14,1
CUST11258,55.0,1,Standard,Monthly,671.62,15,10,208,167,13.2,14.1,4,1,15.8,0,0,48.0,8,0
CUST11259,21.0,26,Premium,Monthly,1260.2,15,12,210,160,14.4,14.3,3,0,16.2,0,0,70.0,9,0
CUST11260,18.0,45,Premium,Monthly,1158.19,19,9,243,68,18.5,10.4,1,1,17.7,1,0,8.0,8,0
CUST11261,25.0,20,Basic,Monthly,406.7,10,8,247,249,21.4,22.1,4,2,7.7,2,0,35.0,6,1
CUST11262,46.0,23,Standard,Monthly,728.56,14,12,216,120,26.0,24.4,0,0,29.5,0,20,72.0,7,0
CUST11263,56.0,10,Premium,Monthly,672.2049999999999,20,15,240,147,20.9,21.1,1,0,18.6,2,0,28.0,11,0
CUST11264,20.0,11,Premium,Quarterly,1241.47,13,7,231,212,19.4,16.6,3,1,23.8,1,5,36.0,9,0
CUST11265,49.0,41,Standard,Monthly,675.15,15,16,233,159,15.3,16.2,1,1,0.6,0,5,62.0,5,0
CUST11266,27.0,41,Standard,Monthly,733.24,10,10,223,203,21.1,23.2,4,0,33.7,1,5,10.0,7,1
CUST11267,27.0,5,Basic,Annual,434.87,19,11,206,199,13.7,14.9,1,1,5.8,0,0,42.0,8,0
CUST11268,36.0,1,Premium,Quarterly,1252.25,9,7,249,169,19.2,18.1,2,0,5.6,0,10,18.0,13,0
CUST11269,63.0,17,Basic,Annual,295.29,16,6,231,65,16.7,9.4,3,1,18.5,1,10,35.0,8,1
CUST11270,51.0,22,Standard,Monthly,727.0,17,3,252,51,12.1,9.9,4,1,21.1,3,20,48.0,12,1
CUST11271,50.0,34,Basic,Monthly,448.57,14,12,258,168,27.4,25.3,3,1,44.2,1,0,69.0,8,0
CUST11272,40.0,45,Basic,Quarterly,376.37,24,20,241,165,12.1,11.7,2,0,21.7,1,5,50.0,6,1
CUST11273,45.0,41,Standard,Monthly,668.87,15,5,221,73,15.6,11.4,2,1,30.5,0,10,28.0,9,0
CUST11274,49.0,29,Premium,Monthly,1160.42,12,7,234,219,8.5,7.3,3,2,25.6,0,0,72.0,5,0
CUST11275,24.0,4,Basic,Monthly,342.24,16,15,217,120,17.0,16.1,2,1,35.7,0,10,57.0,12,0
CUST11276,46.0,5,Standard,Annual,735.62,25,9,229,115,20.6,17.2,1,0,70.1,1,0,43.0,10,1
CUST11277,42.0,11,Basic,Monthly,524.5,16,2,239,102,12.6,9.1,2,0,14.1,0,0,63.0,9,1
CUST11278,18.0,21,Basic,Annual,368.42,13,2,241,51,7.1,4.1,0,0,11.0,0,15,44.0,8,0
CUST11279,20.0,35,Standard,Annual,673.34,18,17,271,170,15.7,15.5,2,0,15.0,2,0,41.0,10,0
CUST11280,41.0,12,Standard,Monthly,699.85,14,10,222,129,17.1,17.2,1,0,50.6,0,5,72.0,8,0
CUST11281,40.0,26,Basic,Quarterly,310.89,14,14,194,180,16.6,16.8,1,0,10.6,0,0,37.0,14,0
CUST11282,25.0,19,Basic,Quarterly,360.74,11,10,204,160,27.5,25.8,1,0,18.2,0,0,64.0,15,0
CUST11283,64.0,45,Basic,Annual,395.87,16,4,252,40,20.0,15.6,1,0,8.3,1,20,74.0,5,1
CUST11284,54.0,7,Basic,Monthly,349.83,14,7,234,93,19.5,15.5,0,0,13.3,1,0,44.0,11,0
CUST11285,20.0,47,Premium,Quarterly,1264.86,20,8,251,146,20.0,13.8,2,0,9.4,0,0,53.0,8,0
CUST11286,50.0,7,Premium,Monthly,1127.84,13,6,224,107,19.9,12.8,2,0,15.2,1,0,59.0,7,1
CUST11287,45.0,26,Basic,Annual,448.56,14,5,223,79,15.3,7.6,4,1,23.7,1,5,54.0,4,1
CUST11288,64.0,40,Standard,Monthly,779.77,18,16,216,123,12.4,10.5,3,1,23.9,2,0,64.0,9,0
CUST11289,25.0,5,Premium,Monthly,1219.99,12,4,219,56,32.8,21.2,4,0,10.9,0,5,16.0,7,0
CUST11290,42.0,21,Basic,Quarterly,391.44,13,11,227,188,17.1,15.1,2,1,4.0,2,5,26.0,14,1
CUST11291,52.0,14,Premium,Annual,1212.55,19,16,224,191,18.1,17.3,5,2,47.1,0,0,11.0,5,1
CUST11292,49.0,4,Premium,Monthly,1174.77,15,10,246,206,18.3,17.1,4,1,34.9,0,10,84.0,14,0
CUST11293,41.0,23,Basic,Monthly,287.02,12,3,218,39,13.5,10.3,4,2,71.1,1,5,0.0,8,1
CUST11294,31.0,42,Basic,Monthly,345.14,15,12,239,247,19.1,16.7,0,0,14.0,1,15,75.0,6,0
CUST11295,49.0,20,Premium,Annual,1198.39,19,18,224,167,10.3,11.2,0,0,1.2,0,15,54.0,12,0
CUST11296,63.0,15,Standard,Quarterly,647.26,20,3,218,41,22.3,12.0,2,1,47.3,0,20,20.0,9,1
CUST11297,60.0,45,Basic,Annual,376.28,16,12,221,199,16.5,17.2,0,0,16.3,0,0,10.0,5,0
CUST11298,33.0,29,Basic,Monthly,425.35,19,20,230,195,24.8,22.6,3,1,8.6,0,0,41.0,14,0
CUST11299,21.0,8,Standard,Monthly,706.98,18,11,219,163,21.1,19.6,2,0,19.6,1,5,36.0,9,0
CUST11300,54.0,41,Standard,Quarterly,757.22,15,10,199,172,20.4,20.7,5,1,12.6,0,0,52.0,13,0
CUST11301,38.0,48,Standard,Annual,715.18,9,6,238,208,13.2,12.2,3,2,19.3,1,15,-10.0,11,0
CUST11302,31.0,19,Premium,Monthly,1218.41,7,5,203,171,18.4,18.1,1,0,12.6,1,0,37.0,11,0
CUST11303,48.0,48,Basic,Annual,359.82,19,16,240,157,22.5,22.8,0,0,5.9,0,0,20.0,4,0
CUST11304,65.0,39,Standard,Monthly,625.79,12,7,206,165,18.7,18.3,2,0,28.4,1,0,74.0,5,1
CUST11305,35.0,46,Standard,Monthly,676.29,16,10,225,223,9.9,9.4,0,0,16.6,0,10,52.0,12,0
CUST11306,24.0,28,Standard,Monthly,659.0,15,4,230,103,23.9,17.9,6,4,39.8,3,10,29.0,9,1
CUST11307,27.0,46,Basic,Monthly,389.83,18,16,231,214,22.5,23.5,5,1,3.9,0,15,78.0,9,0
CUST11308,24.0,27,Premium,Monthly,1140.37,16,16,240,216,9.0,9.3,3,1,26.9,1,0,31.0,9,0
CUST11309,50.0,4,Premium,Monthly,1245.34,14,3,228,93,18.8,12.2,2,1,21.3,1,10,39.0,7,1
CUST11310,40.0,15,Standard,Monthly,658.8,19,12,224,175,22.9,21.6,4,2,44.2,1,5,49.0,7,0
CUST11311,38.0,35,Standard,Annual,678.99,12,10,241,146,14.4,15.0,4,1,18.4,1,10,65.0,5,0
CUST11312,36.0,37,Basic,Monthly,397.89,12,7,235,225,10.0,10.9,0,0,23.0,0,0,42.0,9,0
CUST11313,65.0,1,Standard,Monthly,760.77,16,9,237,62,11.6,9.8,1,0,5.0,1,5,78.0,8,0
CUST11314,36.0,3,Standard,Monthly,795.73,21,5,227,69,17.3,10.1,3,1,1.0,1,0,32.0,10,1
CUST11315,53.0,47,Standard,Monthly,799.51,12,9,226,216,23.6,24.7,0,0,34.8,3,10,17.0,5,1
CUST11316,46.0,24,Premium,Quarterly,1128.5,17,11,240,239,11.5,11.5,1,0,37.3,0,0,82.0,9,0
CUST11317,35.0,27,Standard,Monthly,678.48,12,9,250,232,11.5,12.3,2,0,4.2,0,0,34.0,6,0
CUST11318,19.0,40,Standard,Quarterly,668.01,17,11,231,192,16.2,16.6,3,2,7.4,0,15,57.0,12,0
CUST11319,18.0,36,Standard,Quarterly,719.37,17,8,233,29,22.1,17.1,1,0,25.9,0,5,61.0,4,0
CUST11320,64.0,34,Basic,Monthly,416.01,10,5,232,123,28.5,17.7,2,2,47.5,0,20,94.0,21,0
CUST11321,22.0,29,Standard,Monthly,666.93,18,13,236,151,18.5,16.2,1,0,13.9,0,5,35.0,10,0
CUST11322,37.0,24,Basic,Monthly,362.59,10,2,238,65,14.0,10.0,4,1,20.0,0,5,55.0,8,1
CUST11323,28.0,24,Standard,Monthly,644.14,14,12,215,138,13.2,11.4,1,0,20.0,1,10,22.0,4,0
CUST11324,59.0,42,Standard,Quarterly,553.02,12,6,226,130,26.2,22.2,3,1,18.3,1,0,30.0,12,0
CUST11325,19.0,4,Standard,Monthly,627.6,17,16,210,133,10.4,10.7,1,0,9.1,0,0,23.0,8,0
CUST11326,20.0,3,Standard,Monthly,746.67,12,11,232,212,19.2,18.3,1,0,21.6,0,10,63.0,10,0
CUST11327,40.0,34,Standard,Monthly,779.56,11,9,219,141,25.9,22.0,1,0,18.2,1,5,65.0,14,0
CUST11328,29.0,23,Basic,Monthly,473.13,11,6,188,195,17.1,16.1,2,1,11.2,0,10,51.0,11,0
CUST11329,37.0,23,Premium,Monthly,1249.01,13,11,207,152,11.5,10.0,2,2,60.4,0,0,23.0,6,1
CUST11330,22.0,45,Basic,Monthly,343.34,17,12,249,188,21.2,22.1,0,0,5.2,1,5,26.0,8,0
CUST11331,54.0,5,Basic,Monthly,334.03,19,12,248,187,18.6,19.5,2,1,56.9,0,0,24.0,9,0
CUST11332,55.0,31,Standard,Monthly,599.39,12,9,225,216,20.8,21.9,3,0,25.6,1,5,51.0,3,0
CUST11333,47.0,41,Basic,Quarterly,366.92,18,17,208,137,21.5,18.4,2,0,33.0,0,10,2.0,7,1
CUST11334,26.0,6,Basic,Annual,403.79,15,15,252,243,21.1,18.1,1,0,7.6,0,0,32.0,6,0
CUST11335,51.0,37,Standard,Monthly,643.57,18,13,209,184,19.8,21.3,2,0,60.8,0,5,9.0,8,0
CUST11336,61.0,10,Standard,Monthly,722.71,15,12,224,148,22.1,19.4,3,1,15.6,0,0,55.0,10,1
CUST11337,52.0,40,Standard,Annual,734.85,12,12,237,138,26.1,26.6,1,0,38.4,0,10,17.0,11,0
CUST11338,39.0,7,Premium,Monthly,1172.9,18,13,233,218,13.3,13.9,2,0,20.4,1,5,91.0,7,0
CUST11339,61.0,39,Standard,Monthly,625.3,17,11,243,160,16.4,15.8,4,0,5.6,1,0,68.0,15,1
CUST11340,41.0,38,Premium,Monthly,1274.95,18,3,231,62,22.8,10.3,1,0,4.6,1,20,40.0,13,1
CUST11341,34.0,21,Basic,Quarterly,400.93,17,17,244,150,17.6,15.9,1,1,46.5,2,15,52.0,10,0
CUST11342,27.0,20,Standard,Monthly,805.77,15,9,215,185,10.4,11.3,6,2,2.4,1,5,54.0,5,0
CUST11343,47.0,3,Premium,Annual,1204.08,15,11,219,196,20.0,18.5,2,1,17.3,0,10,18.0,8,0
CUST11344,63.0,22,Standard,Quarterly,707.92,13,10,232,204,15.1,13.6,1,0,31.3,1,0,73.0,4,0
CUST11345,40.0,47,Standard,Quarterly,645.95,12,12,239,169,30.7,30.1,1,0,29.7,1,0,40.0,12,0
CUST11346,49.0,4,Standard,Quarterly,675.71,21,9,194,42,24.0,20.1,3,1,11.9,2,10,23.0,7,1
CUST11347,34.0,28,Basic,Monthly,313.27,14,11,234,219,25.0,25.5,2,1,14.7,0,0,56.0,8,0
CUST11348,34.0,12,Standard,Monthly,625.1,11,11,200,161,18.3,17.9,4,1,50.1,1,0,14.0,7,1
CUST11349,31.0,38,Standard,Annual,739.76,15,5,236,70,19.9,15.2,3,1,14.4,0,5,58.0,8,0
CUST11350,26.0,36,Premium,Annual,1183.46,16,6,223,113,15.9,9.5,3,1,17.0,0,0,51.0,12,0
CUST11351,57.0,47,Basic,Monthly,375.75,22,20,245,251,13.0,11.5,5,2,9.2,1,0,26.0,3,0
CUST11352,19.0,41,Premium,Annual,1158.28,10,8,232,232,12.5,11.1,4,0,25.7,1,0,66.0,11,0
CUST11353,62.0,5,Premium,Monthly,1177.8,9,6,246,164,30.8,28.6,1,1,63.0,0,5,60.0,7,1
CUST11354,42.0,13,Basic,Monthly,461.32,15,12,221,151,20.4,21.6,3,1,15.9,1,10,34.0,7,1
CUST11355,56.0,23,Basic,Monthly,406.93,10,9,241,251,10.1,8.7,1,0,5.1,0,0,55.0,6,0
CUST11356,26.0,30,Premium,Monthly,1134.1,9,4,202,62,23.8,14.3,1,1,7.0,0,5,43.0,4,1
CUST11357,39.0,37,Premium,Monthly,1255.67,14,14,243,249,33.7,31.2,3,0,22.2,0,0,54.0,7,0
CUST11358,60.0,25,Standard,Monthly,793.88,14,4,232,124,8.8,7.0,3,2,10.7,1,0,6.0,8,1
CUST11359,63.0,48,Basic,Monthly,426.21,12,12,238,137,21.6,22.5,1,0,35.6,0,0,45.0,8,0
CUST11360,21.0,27,Standard,Monthly,748.02,8,6,224,161,11.3,12.2,3,0,15.8,1,0,59.0,5,0
CUST11361,43.0,14,Standard,Monthly,766.14,16,14,254,200,24.9,23.8,5,3,31.8,1,0,50.0,7,1
CUST11362,46.0,48,Basic,Annual,307.89,13,12,239,231,5.2,4.5,0,0,21.7,1,10,81.0,3,0
CUST11363,62.0,47,Standard,Monthly,801.53,13,10,222,159,18.5,16.7,4,2,6.4,0,15,22.0,4,0
CUST11364,51.0,36,Basic,Monthly,459.43,14,8,223,157,20.7,19.0,3,1,11.7,2,10,52.0,3,1
CUST11365,40.0,39,Basic,Monthly,425.89,20,9,202,34,9.7,6.0,0,0,17.0,0,0,-10.0,8,0
CUST11366,54.0,16,Standard,Monthly,692.1,10,5,238,80,20.7,14.7,2,0,63.6,1,5,29.0,6,1
CUST11367,28.0,22,Standard,Quarterly,625.45,20,13,238,197,15.2,13.7,2,1,43.2,0,10,34.0,11,0
CUST11368,23.0,21,Basic,Monthly,380.77,13,8,228,183,28.3,30.0,1,0,6.2,1,0,81.0,9,0
CUST11369,35.0,21,Standard,Quarterly,723.66,15,10,198,115,9.5,10.1,2,2,15.7,0,0,41.0,7,0
CUST11370,38.0,8,Basic,Monthly,338.26,7,1,221,103,23.5,18.6,1,0,22.3,1,0,65.0,6,0
CUST11371,59.0,16,Basic,Monthly,395.16,15,14,255,189,17.4,16.0,2,1,9.7,0,0,19.0,4,0
CUST11372,53.0,31,Basic,Monthly,333.91,16,11,255,157,25.8,22.8,2,0,11.7,1,5,34.0,7,1
CUST11373,58.0,42,Premium,Monthly,1177.85,22,13,248,196,25.9,22.7,2,2,5.7,2,0,21.0,9,0
CUST11374,55.0,10,Standard,Monthly,624.61,17,15,222,190,16.5,15.7,0,0,23.6,1,0,17.0,12,0
CUST11375,51.0,32,Standard,Monthly,618.82,17,17,227,203,17.7,17.0,5,2,8.3,0,10,19.0,7,0
CUST11376,34.0,34,Standard,Monthly,717.7,20,11,221,182,23.5,25.0,3,2,4.0,0,5,27.0,7,0
CUST11377,54.0,9,Premium,Monthly,1167.11,14,5,223,96,21.1,15.9,3,2,15.0,0,0,93.0,5,0
CUST11378,42.0,17,Basic,Annual,372.28,15,4,225,59,17.3,9.4,2,1,24.4,0,10,41.0,4,1
CUST11379,55.0,11,Standard,Monthly,664.16,15,3,228,136,13.0,8.0,0,0,18.2,1,0,8.0,10,1
CUST11380,29.0,32,Standard,Monthly,848.77,15,15,225,171,20.2,18.5,2,1,19.2,1,0,29.0,14,1
CUST11381,40.0,10,Standard,Monthly,732.41,16,3,217,49,11.3,6.2,4,1,12.1,0,0,67.0,5,1
CUST11382,59.0,22,Basic,Monthly,438.31,19,13,225,147,21.9,22.3,0,0,12.4,3,0,24.0,8,1
CUST11383,39.0,17,Standard,Monthly,656.35,16,11,235,178,24.7,25.4,3,2,55.4,1,5,79.0,8,1
CUST11384,38.0,4,Basic,Annual,426.76,15,9,253,232,13.0,14.2,3,1,41.2,0,0,68.0,7,0
CUST11385,44.0,48,Standard,Annual,686.48,14,14,193,174,15.5,16.5,2,1,20.0,1,10,37.0,11,0
CUST11386,48.0,47,Standard,Monthly,655.91,21,6,231,73,14.2,9.0,2,2,8.4,2,5,26.0,10,1
CUST11387,23.0,25,Basic,Monthly,505.1,13,6,211,89,24.3,15.8,1,1,34.9,0,15,18.0,8,1
CUST11388,44.0,21,Premium,Monthly,1230.5,18,4,263,42,18.3,15.6,3,1,48.9,0,15,47.0,3,1
CUST11389,57.0,37,Basic,Quarterly,427.73,17,17,216,154,15.8,16.6,1,0,33.1,1,0,52.0,12,0
CUST11390,51.0,38,Premium,Monthly,1145.55,15,13,219,137,21.9,23.7,3,2,15.8,0,0,76.0,10,1
CUST11391,29.0,1,Standard,Monthly,629.14,15,6,224,78,15.1,8.7,3,0,21.8,0,5,51.0,14,1
CUST11392,62.0,25,Basic,Monthly,395.83,9,6,238,238,16.8,15.6,0,0,11.4,0,0,33.0,11,0
CUST11393,24.0,36,Basic,Quarterly,367.46,12,9,264,236,11.3,11.1,4,1,22.7,1,0,76.0,7,0
CUST11394,27.0,17,Premium,Monthly,1232.7,10,9,244,151,23.0,25.1,2,0,20.5,1,0,62.0,9,0
CUST11395,62.0,41,Basic,Monthly,436.36,24,7,225,127,11.4,6.7,2,1,31.8,1,5,25.0,9,1
CUST11396,42.0,24,Basic,Quarterly,402.6,16,14,257,258,26.6,27.3,2,0,12.2,1,5,40.0,8,0
CUST11397,43.0,2,Basic,Monthly,672.2049999999999,9,9,243,193,19.4,20.5,3,2,62.2,0,5,59.0,4,1
CUST11398,38.0,40,Standard,Annual,709.63,16,13,222,225,17.1,17.9,6,2,5.4,1,0,50.0,11,0
CUST11399,45.0,15,Standard,Monthly,651.06,9,8,243,223,17.9,17.8,2,1,24.2,1,0,17.0,7,0
CUST11400,63.0,32,Basic,Quarterly,388.09,18,19,231,242,28.3,30.5,0,0,35.9,0,0,46.0,4,0
CUST11401,19.0,39,Basic,Quarterly,406.47,7,1,245,85,9.9,4.7,2,0,9.3,1,10,25.0,13,0
CUST11402,60.0,6,Basic,Monthly,450.09,18,18,244,185,10.4,9.4,4,2,25.9,0,15,44.0,6,0
CUST11403,18.0,1,Basic,Quarterly,411.37,13,11,218,203,23.8,22.0,2,1,30.0,1,10,10.0,9,0
CUST11404,53.0,47,Standard,Monthly,667.57,18,16,215,169,12.5,10.6,1,0,23.7,1,20,20.0,12,0
CUST11405,43.0,23,Standard,Annual,752.14,12,12,233,155,13.6,12.8,1,0,47.6,0,0,94.0,8,0
CUST11406,46.0,39,Basic,Monthly,419.94,16,12,230,154,15.3,13.7,1,1,33.1,0,5,31.0,6,0
CUST11407,38.0,17,Standard,Quarterly,784.01,17,13,247,185,24.8,25.5,2,1,6.4,1,15,70.0,7,0
CUST11408,28.0,34,Standard,Monthly,703.8,19,15,242,147,22.9,21.8,0,0,22.0,2,0,39.0,4,1
CUST11409,57.0,41,Premium,Annual,672.2049999999999,11,6,214,137,17.2,17.6,1,0,15.0,0,10,12.0,3,0
CUST11410,28.0,29,Premium,Monthly,1263.73,17,14,218,174,20.4,18.8,2,1,34.2,2,5,15.0,4,0
CUST11411,53.0,9,Premium,Annual,1167.28,10,7,213,219,20.3,17.9,7,3,27.0,0,20,22.0,6,0
CUST11412,56.0,13,Basic,Annual,415.25,18,18,250,210,12.0,10.6,2,0,19.4,1,0,96.0,9,0
CUST11413,57.0,6,Basic,Monthly,409.21,17,10,250,189,12.4,11.2,2,0,9.5,0,0,36.0,5,1
CUST11414,52.0,6,Basic,Annual,401.51,15,5,226,91,5.8,3.9,1,0,12.6,1,0,47.0,5,0
CUST11415,51.0,20,Basic,Annual,389.66,14,14,225,146,26.9,24.4,3,1,7.9,2,0,59.0,10,0
CUST11416,64.0,3,Standard,Monthly,608.13,15,15,233,205,14.0,13.9,1,1,24.7,1,15,55.0,12,1
CUST11417,41.0,17,Standard,Monthly,643.88,14,13,240,234,18.1,16.5,5,1,11.0,0,0,64.0,9,0
CUST11418,39.0,12,Premium,Monthly,1260.72,13,11,229,172,21.2,19.9,0,0,16.9,1,5,29.0,5,0
CUST11419,22.0,48,Premium,Monthly,1222.58,13,9,254,210,12.2,10.5,3,1,42.6,0,10,12.0,7,0
CUST11420,50.0,47,Standard,Monthly,804.01,13,10,228,206,12.9,13.9,6,1,36.0,0,0,18.0,9,0
CUST11421,53.0,45,Standard,Monthly,641.93,9,5,239,138,12.5,11.0,3,0,39.3,1,20,4.0,12,0
CUST11422,64.0,1,Basic,Monthly,397.31,15,14,259,188,3.0,2.8,3,1,7.2,0,15,29.0,8,0
CUST11423,37.0,17,Basic,Monthly,462.98,16,5,265,55,17.6,12.6,2,1,5.0,1,10,-10.0,8,1
CUST11424,36.0,3,Standard,Monthly,667.88,15,13,212,189,32.0,33.4,1,0,96.3,0,20,60.0,5,0
CUST11425,52.0,26,Basic,Annual,372.3,17,12,243,140,14.8,14.4,1,1,18.6,1,0,56.0,4,1
CUST11426,60.0,15,Standard,Quarterly,682.87,14,3,242,34,15.0,12.2,1,0,14.2,0,0,18.0,9,0
CUST11427,34.0,36,Basic,Monthly,374.51,11,9,209,186,15.8,16.2,3,2,11.3,1,0,8.0,7,0
CUST11428,62.0,32,Standard,Quarterly,728.25,19,18,258,177,19.9,19.9,2,1,11.4,0,15,80.0,9,0
CUST11429,60.0,32,Standard,Quarterly,601.09,15,10,243,233,23.3,20.3,3,2,33.6,0,5,66.0,8,0
CUST11430,51.0,4,Basic,Annual,489.35,20,15,230,130,13.0,12.1,1,0,18.6,1,15,36.0,8,0
CUST11431,26.0,18,Premium,Monthly,1146.22,18,11,236,152,20.8,22.7,3,3,9.1,0,0,25.0,9,0
CUST11432,43.0,19,Basic,Monthly,282.56,12,7,214,148,17.5,17.0,3,0,24.9,0,0,43.0,3,0
CUST11433,19.0,43,Standard,Annual,698.44,19,16,213,216,19.8,18.9,3,0,10.4,1,5,6.0,9,0
CUST11434,26.0,35,Standard,Annual,678.24,17,11,232,220,20.7,18.4,1,1,14.6,0,0,49.0,8,0
CUST11435,26.0,40,Standard,Quarterly,689.21,21,12,226,224,12.2,12.9,2,1,1.1,0,15,12.0,8,0
CUST11436,57.0,14,Premium,Quarterly,1216.19,21,20,251,193,14.8,13.1,3,2,37.5,1,0,-10.0,9,0
CUST11437,34.0,33,Basic,Monthly,434.47,10,4,238,111,20.8,17.0,6,3,28.6,0,10,22.0,9,1
CUST11438,18.0,14,Standard,Monthly,791.77,15,2,222,72,17.2,7.9,3,1,24.4,1,5,17.0,8,1
CUST11439,42.0,34,Standard,Monthly,661.04,16,7,230,98,22.8,15.1,3,2,31.9,0,5,87.0,5,1
CUST11440,60.0,4,Premium,Monthly,1241.59,17,10,230,241,16.7,18.3,3,0,15.1,0,10,84.0,12,0
CUST11441,57.0,24,Basic,Annual,437.99,10,8,244,238,24.1,21.2,3,2,24.2,0,0,14.0,7,0
CUST11442,59.0,29,Standard,Monthly,553.76,16,3,225,34,6.2,3.4,0,0,31.8,1,15,43.0,10,1
CUST11443,42.0,19,Standard,Monthly,653.17,9,4,234,123,19.9,10.0,3,0,12.3,2,0,26.0,10,1
CUST11444,56.0,6,Basic,Annual,328.22,12,7,247,232,10.3,10.5,2,1,40.1,1,0,88.0,11,0
CUST11445,52.0,33,Standard,Monthly,723.63,18,16,253,259,24.7,23.4,0,0,42.9,1,10,-4.0,5,0
CUST11446,20.0,40,Basic,Annual,417.58,10,5,234,104,17.1,12.2,0,0,13.5,0,5,54.0,7,0
CUST11447,54.0,19,Standard,Annual,718.69,26,13,245,141,16.0,12.1,1,0,70.2,0,20,74.0,11,0
CUST11448,61.0,1,Premium,Monthly,1182.19,18,8,245,40,13.0,6.2,1,0,20.7,0,15,28.0,11,1
CUST11449,61.0,5,Standard,Monthly,687.74,13,9,205,188,22.0,21.3,1,1,30.1,1,0,43.0,3,0
CUST11450,47.0,27,Standard,Monthly,697.43,16,8,229,50,21.4,14.8,0,0,24.7,2,0,68.0,6,0
CUST11451,55.0,16,Standard,Monthly,676.94,19,19,221,201,16.3,16.1,3,3,42.8,0,0,14.0,7,0
CUST11452,51.0,6,Basic,Monthly,441.75,10,7,252,246,22.0,20.8,2,1,27.0,1,0,58.0,8,0
CUST11453,29.0,40,Basic,Monthly,340.17,18,13,238,180,19.3,20.3,2,1,26.8,0,5,3.0,13,0
CUST11454,36.0,13,Standard,Annual,656.0,9,2,233,36,18.5,11.2,3,3,31.9,0,5,2.0,9,0
CUST11455,54.0,48,Basic,Monthly,405.67,15,13,226,126,22.7,24.4,2,0,13.3,0,15,63.0,4,0
CUST11456,61.0,35,Basic,Quarterly,378.76,13,12,211,131,28.9,26.1,3,0,36.2,1,20,18.0,8,1
CUST11457,34.0,19,Standard,Monthly,638.02,13,8,227,198,19.7,17.3,1,0,27.7,1,0,46.0,5,0
CUST11458,27.0,12,Basic,Monthly,428.26,13,9,226,188,19.7,18.6,1,1,24.5,2,5,13.0,5,0
CUST11459,64.0,16,Basic,Annual,367.52,19,12,262,170,23.5,21.1,2,1,2.4,0,5,49.0,3,0
CUST11460,29.0,43,Standard,Monthly,652.54,22,18,223,150,12.3,11.6,3,1,17.9,2,5,1.0,13,1
CUST11461,33.0,10,Basic,Monthly,389.41,10,4,217,95,16.9,12.8,0,0,15.3,2,0,74.0,10,1
CUST11462,41.0,25,Premium,Quarterly,1149.87,16,14,212,193,15.7,16.7,2,1,7.8,1,0,62.0,12,0
CUST11463,36.0,20,Premium,Quarterly,1197.12,16,9,216,185,19.8,19.6,1,0,24.9,0,15,27.0,4,0
CUST11464,25.0,31,Standard,Quarterly,679.22,15,9,235,137,19.3,18.8,1,0,34.7,2,10,-5.0,8,0
CUST11465,48.0,4,Basic,Monthly,370.81,14,6,224,89,28.6,17.5,1,1,12.0,0,10,37.0,8,0
CUST11466,38.0,44,Standard,Monthly,671.15,14,4,214,64,27.0,13.0,3,2,7.3,2,10,33.0,8,1
CUST11467,34.0,23,Premium,Annual,1253.76,13,13,213,189,8.9,9.5,1,0,11.3,0,0,28.0,13,0
CUST11468,40.0,2,Standard,Annual,719.31,19,20,230,141,20.1,19.6,1,0,75.4,0,0,68.0,11,0
CUST11469,54.0,22,Basic,Monthly,304.99,12,9,232,243,22.2,19.7,1,1,23.2,0,0,72.0,9,1
CUST11470,33.0,37,Standard,Annual,747.56,13,7,227,134,18.5,19.5,2,1,12.6,1,10,53.0,11,0
CUST11471,23.0,8,Premium,Monthly,1227.41,13,9,249,229,14.9,14.4,0,0,35.2,1,0,79.0,10,0
CUST11472,25.0,7,Standard,Monthly,724.16,14,12,233,191,26.3,26.3,2,2,23.0,0,10,-10.0,6,0
CUST11473,42.0,14,Standard,Monthly,747.84,13,4,216,31,20.0,14.9,5,1,31.1,0,0,34.0,4,1
CUST11474,35.0,3,Standard,Monthly,699.83,16,11,229,129,11.7,12.6,1,1,12.8,0,0,33.0,4,0
CUST11475,42.0,16,Standard,Monthly,733.1,11,6,228,167,23.9,25.6,2,1,11.7,1,10,63.0,3,1
CUST11476,29.0,19,Basic,Monthly,373.45,19,15,227,216,20.8,19.9,4,0,11.6,0,0,34.0,5,0
CUST11477,32.0,18,Standard,Monthly,745.62,16,6,241,42,14.1,10.4,0,0,9.1,2,0,56.0,10,1
CUST11478,43.0,16,Basic,Quarterly,411.0,13,6,229,107,13.4,10.1,4,2,23.2,6,15,30.0,7,1
CUST11479,58.0,8,Standard,Quarterly,623.27,18,4,217,88,13.2,8.6,2,0,46.6,0,10,25.0,6,1
CUST11480,62.0,33,Basic,Quarterly,456.0,19,14,233,159,25.1,23.5,2,1,24.5,1,0,62.0,4,0
CUST11481,43.0,12,Standard,Annual,691.91,17,14,234,138,21.5,20.8,1,0,39.3,1,5,42.0,6,0
CUST11482,64.0,11,Basic,Monthly,384.25,18,7,222,112,23.7,12.9,2,1,11.0,0,0,50.0,8,0
CUST11483,49.0,5,Standard,Monthly,674.65,16,6,257,90,19.2,12.6,1,0,27.9,1,5,11.0,7,1
CUST11484,27.0,27,Standard,Quarterly,678.69,12,2,239,99,13.9,7.7,3,2,20.8,1,0,59.0,7,0
CUST11485,33.0,12,Basic,Monthly,411.63,16,9,249,222,13.2,12.5,2,0,28.1,2,15,15.0,4,1
CUST11486,24.0,17,Basic,Monthly,344.68,15,5,220,48,24.4,13.8,1,1,11.1,0,5,85.0,7,0
CUST11487,34.0,6,Basic,Monthly,312.73,16,13,258,203,20.7,22.3,4,1,15.1,2,0,36.0,8,0
CUST11488,40.0,33,Premium,Annual,1140.45,23,20,254,146,16.4,16.0,2,1,9.1,0,5,32.0,12,0
CUST11489,43.0,5,Standard,Monthly,719.99,14,12,210,220,18.1,19.4,2,0,46.9,4,0,64.0,12,1
CUST11490,38.0,28,Standard,Annual,690.09,17,11,234,181,24.0,24.8,2,1,51.9,0,0,41.0,1,1
CUST11491,39.0,14,Basic,Monthly,460.23,11,9,225,236,21.4,22.8,0,0,18.0,1,5,60.0,5,0
CUST11492,24.0,5,Standard,Quarterly,695.43,12,9,218,162,17.4,17.7,2,1,10.4,0,0,35.0,6,0
CUST11493,31.0,33,Premium,Annual,1245.34,10,8,241,174,17.7,18.7,3,1,25.4,1,10,60.0,7,0
CUST11494,32.0,48,Premium,Quarterly,1160.9,16,10,240,242,14.5,12.7,0,0,12.3,1,10,40.0,9,0
CUST11495,24.0,41,Standard,Monthly,675.07,12,10,203,145,18.1,19.8,3,1,45.9,1,20,64.0,5,0
CUST11496,26.0,19,Basic,Monthly,399.52,12,8,232,178,16.3,14.6,2,2,22.3,1,10,71.0,6,0
CUST11497,65.0,22,Basic,Annual,390.92,14,13,243,143,17.7,15.2,3,1,40.5,0,20,2.0,12,0
CUST11498,25.0,5,Basic,Monthly,385.78,17,14,212,218,14.8,14.5,5,4,18.6,1,0,51.0,9,0
CUST11499,40.0,2,Basic,Monthly,351.03,11,6,228,135,10.0,10.2,3,1,2.9,0,5,88.0,5,0
CUST11500,46.0,30,Basic,Monthly,311.79,17,17,227,212,23.7,24.4,0,0,14.2,0,0,57.0,9,0
CUST11501,35.0,47,Basic,Annual,433.71,11,5,214,28,21.4,15.6,4,2,6.9,0,0,100.0,4,0
CUST11502,48.0,39,Standard,Monthly,727.56,15,11,233,135,16.4,17.0,2,1,18.6,0,10,19.0,5,0
CUST11503,47.0,4,Premium,Quarterly,1165.24,12,7,230,127,16.1,17.0,6,2,7.6,1,0,48.0,11,0
CUST11504,56.0,33,Standard,Monthly,719.84,14,12,218,222,9.7,9.7,2,1,14.4,1,0,54.0,9,0
CUST11505,52.0,13,Premium,Monthly,1189.85,17,13,221,204,24.4,23.1,2,1,41.0,2,0,29.0,15,0
CUST11506,35.0,20,Standard,Quarterly,759.84,12,5,230,107,25.5,20.9,4,3,5.4,0,0,11.0,11,1
CUST11507,59.0,7,Basic,Monthly,326.83,13,7,225,173,17.5,18.6,0,0,23.8,1,0,96.0,5,0
CUST11508,56.0,15,Standard,Monthly,692.03,19,11,203,136,20.0,21.5,2,2,17.8,1,0,70.0,4,0
CUST11509,34.0,23,Basic,Quarterly,387.64,15,3,214,111,12.1,7.5,1,0,8.0,0,0,56.0,8,0
CUST11510,31.0,14,Standard,Annual,707.86,17,18,255,218,18.5,16.3,2,0,44.9,0,15,43.0,6,0
CUST11511,48.0,23,Basic,Monthly,483.54,11,6,246,36,13.9,6.3,4,1,38.6,0,0,46.0,9,0
CUST11512,41.0,19,Premium,Annual,1192.2,8,2,211,76,13.9,7.8,3,2,10.4,3,0,58.0,7,1
CUST11513,52.0,29,Basic,Quarterly,439.87,13,5,223,131,16.3,10.6,1,0,13.5,1,0,78.0,6,0
CUST11514,61.0,20,Basic,Annual,390.87,14,13,224,131,15.5,15.2,1,1,12.5,0,0,24.0,5,0
CUST11515,62.0,29,Premium,Monthly,1257.9,12,12,239,141,17.2,17.6,1,0,28.5,2,0,45.0,5,0
CUST11516,51.0,24,Basic,Monthly,440.41,16,8,228,92,24.3,14.7,3,1,28.9,0,10,33.0,10,0
CUST11517,20.0,18,Standard,Annual,680.67,12,8,211,184,5.3,4.8,2,0,26.5,2,20,16.0,11,0
CUST11518,54.0,10,Standard,Annual,676.71,14,6,218,69,14.8,10.6,1,0,10.9,0,10,27.0,9,1
CUST11519,60.0,41,Premium,Monthly,1225.78,19,11,214,199,21.8,18.6,3,1,26.7,0,15,47.0,9,0
CUST11520,57.0,8,Premium,Monthly,1162.95,17,4,228,49,19.2,9.4,1,0,42.4,1,10,35.0,6,1
CUST11521,43.0,26,Premium,Monthly,1209.48,15,3,236,110,13.3,10.3,3,1,37.2,1,0,43.0,4,0
CUST11522,40.0,29,Basic,Monthly,379.43,15,5,216,78,30.6,20.3,0,0,37.6,1,10,60.0,10,1
CUST11523,61.0,10,Premium,Monthly,1219.25,18,14,233,156,34.2,31.8,1,1,14.9,1,10,71.0,7,1
CUST11524,56.0,17,Standard,Monthly,690.14,16,15,202,123,17.9,18.0,5,2,23.1,1,0,100.0,9,0
CUST11525,32.0,2,Standard,Annual,660.91,17,14,234,155,12.1,11.9,4,1,42.8,0,15,61.0,10,0
CUST11526,21.0,6,Basic,Monthly,459.79,20,3,219,88,16.5,11.7,1,0,48.2,1,20,27.0,9,1
CUST11527,46.0,5,Standard,Quarterly,712.18,14,8,210,121,11.2,11.3,3,1,44.3,1,5,70.0,6,0
CUST11528,39.0,28,Premium,Monthly,1196.05,14,12,237,235,20.4,17.9,2,2,5.1,1,0,34.0,12,0
CUST11529,42.0,41,Premium,Monthly,1222.1,22,7,222,51,21.5,10.1,6,3,22.7,0,0,25.0,10,1
CUST11530,30.0,5,Standard,Monthly,607.08,14,4,238,139,23.9,17.5,2,0,30.2,0,5,58.0,9,1
CUST11531,35.0,18,Basic,Monthly,513.96,15,6,250,82,20.4,11.3,2,0,102.6,0,0,77.0,13,1
CUST11532,50.0,26,Standard,Quarterly,700.36,21,19,236,225,19.4,20.1,4,3,7.4,0,0,27.0,8,0
CUST11533,33.0,20,Premium,Annual,1091.03,11,10,228,195,12.0,11.0,2,0,12.5,0,0,50.0,5,0
CUST11534,62.0,41,Standard,Monthly,764.84,19,16,221,144,10.7,9.2,2,1,22.8,1,5,53.0,7,0
CUST11535,59.0,27,Standard,Monthly,657.67,20,10,250,50,5.9,4.6,4,0,6.5,1,5,18.0,9,0
CUST11536,61.0,12,Basic,Monthly,456.4,22,15,224,220,18.5,17.0,1,1,11.1,1,5,6.0,10,0
CUST11537,19.0,7,Standard,Annual,705.69,17,17,238,159,23.2,22.1,3,0,18.2,1,0,7.0,11,0
CUST11538,52.0,3,Standard,Quarterly,612.63,18,5,227,128,24.9,17.1,1,0,12.6,0,15,74.0,9,0
CUST11539,59.0,10,Premium,Monthly,1213.37,7,4,234,204,23.0,23.9,0,0,52.3,0,5,30.0,7,0
CUST11540,51.0,34,Standard,Quarterly,709.32,15,13,236,148,15.8,16.7,1,0,10.3,1,5,26.0,14,0
CUST11541,47.0,25,Basic,Annual,462.35,18,4,229,119,29.2,23.1,5,2,40.2,0,5,50.0,10,1
CUST11542,30.0,35,Standard,Monthly,727.72,20,15,208,205,12.3,11.9,4,0,6.8,0,5,75.0,11,0
CUST11543,30.0,16,Basic,Monthly,330.83,13,11,228,195,12.0,11.0,2,0,5.8,0,15,13.0,5,0
CUST11544,35.0,2,Premium,Annual,1254.12,16,13,239,231,22.6,21.6,3,0,32.0,1,5,-5.0,4,0
CUST11545,49.0,24,Standard,Quarterly,676.23,13,8,223,175,26.4,24.3,1,0,17.6,0,5,79.0,7,0
CUST11546,49.0,10,Standard,Monthly,793.61,16,4,224,58,28.8,14.2,2,2,0.3,0,10,55.0,7,1
CUST11547,52.0,38,Standard,Monthly,679.49,12,11,206,180,24.0,25.3,2,1,16.8,2,0,15.0,6,0
CUST11548,56.0,22,Standard,Monthly,687.38,15,16,228,129,22.4,21.9,0,0,41.9,1,0,31.0,8,0
CUST11549,63.0,26,Standard,Monthly,653.79,13,7,235,241,22.9,19.7,2,0,24.1,0,0,17.0,3,0
CUST11550,46.0,43,Standard,Quarterly,671.58,18,16,249,244,16.3,17.7,2,0,41.4,1,0,58.0,7,0
CUST11551,46.0,39,Basic,Monthly,357.04,22,17,253,260,13.2,12.2,2,1,31.2,2,0,68.0,7,0
CUST11552,61.0,27,Basic,Quarterly,463.7,24,3,236,122,19.6,11.9,1,0,16.1,0,0,59.0,10,0
CUST11553,33.0,29,Basic,Annual,325.77,13,5,230,53,7.8,3.5,2,1,32.5,1,5,46.0,5,1
CUST11554,61.0,47,Standard,Monthly,743.25,14,4,217,72,16.1,11.4,0,0,37.4,2,5,51.0,5,1
CUST11555,64.0,38,Basic,Monthly,444.58,10,3,239,79,14.8,11.8,2,1,7.5,0,0,23.0,2,0
CUST11556,27.0,20,Standard,Monthly,774.77,17,8,218,67,21.5,18.1,2,2,27.0,2,0,31.0,8,0
CUST11557,47.0,27,Premium,Quarterly,1201.41,18,13,228,151,19.3,19.6,2,2,20.2,2,0,42.0,9,0
CUST11558,42.0,41,Premium,Monthly,1142.53,11,9,234,193,26.9,24.6,2,1,21.9,0,15,35.0,8,0
CUST11559,56.0,20,Standard,Quarterly,689.55,11,8,251,224,22.9,22.6,2,1,23.1,0,0,42.0,5,0
CUST11560,37.0,44,Standard,Annual,731.71,19,16,223,158,14.2,14.3,1,0,35.6,0,0,2.0,8,0
CUST11561,22.0,19,Basic,Monthly,403.66,11,7,223,184,22.0,20.0,0,0,22.7,1,0,64.0,3,0
CUST11562,18.0,20,Standard,Annual,719.17,15,8,244,71,7.6,4.0,1,1,25.3,0,20,15.0,6,0
CUST11563,47.0,35,Premium,Annual,1274.09,20,20,226,203,22.4,20.5,0,0,7.6,2,5,-10.0,6,1
CUST11564,20.0,47,Basic,Monthly,431.01,15,10,209,218,13.5,11.7,1,1,24.6,0,0,24.0,15,0
CUST11565,62.0,2,Standard,Monthly,709.91,16,2,250,62,14.4,11.0,2,1,15.3,2,0,37.0,7,1
CUST11566,31.0,30,Premium,Annual,1097.56,18,16,235,136,26.1,23.2,2,1,46.0,1,15,92.0,9,0
CUST11567,47.0,34,Premium,Annual,1155.89,19,10,217,109,20.3,15.7,3,2,21.9,2,0,30.0,11,1
CUST11568,21.0,22,Basic,Monthly,376.74,14,3,233,52,16.8,8.6,1,0,34.8,2,10,47.0,5,1
CUST11569,35.0,3,Standard,Monthly,590.26,12,6,222,87,24.1,12.7,2,1,18.6,1,5,50.0,11,0
CUST11570,54.0,6,Basic,Monthly,337.99,22,12,216,222,26.8,26.7,1,0,40.6,0,5,4.0,11,0
CUST11571,42.0,15,Basic,Annual,384.24,11,8,220,127,12.0,11.5,4,2,44.0,0,15,39.0,4,0
CUST11572,65.0,27,Premium,Monthly,1193.19,18,15,217,151,13.7,13.6,1,0,18.3,0,0,35.0,5,0
CUST11573,18.0,10,Premium,Monthly,1226.82,20,11,203,134,22.9,19.5,0,0,18.2,1,15,44.0,6,1
CUST11574,63.0,9,Standard,Annual,687.71,20,16,248,232,19.8,21.3,0,0,23.9,1,10,53.0,4,0
CUST11575,32.0,33,Basic,Monthly,412.64,8,7,250,203,6.8,6.7,2,1,39.9,1,15,63.0,11,1
CUST11576,26.0,32,Premium,Quarterly,1176.02,12,11,228,141,28.7,27.6,1,0,24.6,0,0,21.0,13,0
CUST11577,32.0,48,Standard,Monthly,701.31,20,5,245,30,15.1,10.5,3,2,50.2,1,0,54.0,7,1
CUST11578,41.0,6,Basic,Annual,423.8,17,18,222,180,12.0,12.4,3,2,11.9,2,0,24.0,8,0
CUST11579,21.0,41,Standard,Monthly,779.99,16,8,192,34,18.1,8.8,4,2,25.5,1,5,19.0,11,0
CUST11580,29.0,36,Basic,Quarterly,370.69,12,3,220,52,23.4,12.1,1,1,24.7,2,0,86.0,7,0
CUST11581,54.0,2,Standard,Quarterly,706.93,23,16,226,142,24.8,26.4,2,0,6.8,0,15,-3.0,10,0
CUST11582,54.0,29,Standard,Monthly,746.8,17,14,242,193,18.3,20.0,4,2,14.5,2,10,29.0,12,0
CUST11583,60.0,4,Basic,Monthly,319.82,17,17,213,150,33.2,29.0,3,1,41.7,0,10,48.0,7,0
CUST11584,23.0,1,Basic,Monthly,508.88,20,16,233,194,34.9,38.0,3,0,2.5,1,5,27.0,9,0
CUST11585,56.0,19,Basic,Monthly,463.85,8,7,248,194,20.7,20.4,2,1,7.5,0,5,46.0,6,1
CUST11586,63.0,26,Basic,Annual,304.87,10,7,224,200,17.6,17.9,1,1,15.1,0,0,8.0,8,0
CUST11587,41.0,25,Standard,Annual,719.43,22,16,222,224,16.0,14.4,1,0,9.7,0,15,-4.0,13,0
CUST11588,28.0,10,Premium,Monthly,1167.96,17,12,225,146,17.1,15.1,5,3,42.7,0,5,20.0,5,0
CUST11589,30.0,15,Basic,Quarterly,377.15,14,13,253,243,27.0,23.5,3,0,84.6,2,0,46.0,6,0
CUST11590,51.0,22,Basic,Quarterly,418.28,14,10,239,245,20.0,19.1,2,1,9.5,1,15,38.0,7,0
CUST11591,42.0,48,Standard,Annual,756.77,20,13,227,167,23.2,21.0,3,2,42.3,1,15,58.0,7,0
CUST11592,24.0,21,Premium,Monthly,1173.38,18,13,241,146,22.2,19.3,2,0,10.1,0,0,6.0,16,0
CUST11593,21.0,22,Basic,Monthly,374.12,17,17,256,246,21.6,23.6,2,1,3.2,1,15,28.0,8,0
CUST11594,25.0,36,Basic,Monthly,419.47,22,20,230,207,24.5,25.4,3,1,18.1,0,0,40.0,7,0
CUST11595,37.0,34,Standard,Monthly,730.46,20,6,245,52,23.0,17.1,2,1,4.1,1,0,18.0,8,0
CUST11596,46.0,30,Basic,Monthly,343.61,19,19,237,183,20.9,21.6,1,0,43.9,0,0,45.0,10,0
CUST11597,62.0,25,Basic,Monthly,493.8,14,8,241,202,29.1,29.2,3,0,38.6,1,15,35.0,8,0
CUST11598,63.0,45,Standard,Monthly,663.62,17,10,234,149,10.1,9.0,4,1,27.8,0,5,54.0,11,0
CUST11599,27.0,28,Standard,Quarterly,752.06,15,9,247,224,19.7,19.9,3,2,7.2,0,15,49.0,8,0
CUST11600,60.0,1,Standard,Monthly,723.84,14,3,250,120,14.8,8.1,2,0,36.6,1,10,-4.0,15,1
CUST11601,51.0,45,Standard,Monthly,732.35,12,7,226,225,23.5,21.4,3,0,78.9,0,15,79.0,12,1
CUST11602,43.0,4,Standard,Monthly,664.68,16,8,236,109,8.2,6.5,1,0,34.5,0,15,-10.0,9,0
CUST11603,58.0,7,Basic,Monthly,672.2049999999999,13,11,203,170,19.4,18.3,3,0,7.3,1,15,3.0,9,0
CUST11604,20.0,9,Standard,Monthly,697.82,15,13,209,180,20.9,20.9,3,0,12.6,1,0,40.0,9,0
CUST11605,23.0,36,Basic,Monthly,398.05,23,20,238,163,25.3,22.3,1,0,15.6,1,0,49.0,2,0
CUST11606,22.0,19,Basic,Monthly,346.31,16,15,234,217,15.5,16.0,1,0,14.2,0,5,35.0,12,0
CUST11607,22.0,1,Standard,Monthly,749.49,16,10,205,181,34.7,32.5,4,1,9.8,2,0,28.0,8,1
CUST11608,64.0,10,Premium,Monthly,1196.17,13,11,249,241,14.5,14.8,0,0,25.2,1,15,40.0,11,0
CUST11609,40.0,36,Premium,Monthly,1154.5,11,6,220,75,11.2,7.3,2,0,35.8,1,15,55.0,6,0
CUST11610,26.0,9,Standard,Annual,731.18,9,9,252,219,21.6,23.1,2,1,15.7,0,0,13.0,8,1
CUST11611,52.0,45,Basic,Monthly,432.64,15,2,244,145,17.2,12.6,4,2,6.1,2,0,14.0,9,1
CUST11612,37.0,46,Basic,Monthly,359.6,9,1,220,118,29.0,22.0,2,1,36.1,2,5,20.0,9,0
CUST11613,59.0,42,Premium,Monthly,1266.84,21,18,235,172,8.5,8.7,4,1,1.5,0,10,43.0,10,0
CUST11614,52.0,32,Standard,Monthly,822.38,16,15,231,238,18.2,18.4,0,0,13.9,0,5,51.0,10,1
CUST11615,35.0,32,Standard,Monthly,639.05,11,8,217,163,22.9,23.9,3,1,20.4,0,0,43.0,11,0
CUST11616,34.0,6,Standard,Monthly,688.9,18,6,193,48,14.0,9.4,5,3,20.1,1,0,82.0,15,1
CUST11617,41.0,48,Standard,Quarterly,717.54,14,6,238,93,9.6,7.7,1,0,13.3,1,10,62.0,11,0
CUST11618,20.0,38,Premium,Monthly,1324.41,15,15,217,206,26.7,27.0,4,0,15.3,0,10,46.0,2,0
CUST11619,49.0,17,Basic,Monthly,358.64,20,12,238,224,13.0,11.9,2,1,9.6,0,0,81.0,11,1
CUST11620,52.0,10,Standard,Annual,647.32,21,12,216,128,24.3,22.7,2,1,5.3,0,0,43.0,5,0
CUST11621,55.0,27,Premium,Annual,1146.95,13,6,233,90,12.5,9.8,1,0,17.4,1,5,35.0,5,0
CUST11622,30.0,35,Basic,Monthly,466.18,13,3,229,38,16.1,10.0,1,0,15.8,0,5,71.0,6,0
CUST11623,64.0,21,Standard,Monthly,660.07,13,3,229,106,22.5,16.6,2,1,36.0,0,15,-10.0,7,1
CUST11624,42.0,25,Basic,Monthly,352.24,13,12,243,245,20.1,20.9,6,0,18.6,1,0,22.0,12,0
CUST11625,26.0,28,Premium,Monthly,1211.7,17,2,209,41,12.4,5.6,2,1,26.3,0,20,62.0,10,1
CUST11626,21.0,47,Basic,Monthly,415.95,21,14,222,137,21.2,23.1,3,2,20.0,0,0,45.0,12,0
CUST11627,31.0,15,Standard,Monthly,757.91,11,3,233,111,5.0,2.5,1,0,10.2,1,10,55.0,7,1
CUST11628,54.0,4,Basic,Quarterly,404.06,14,8,251,218,10.8,11.8,3,0,20.4,1,10,-6.0,7,0
CUST11629,51.0,29,Standard,Monthly,712.69,18,3,223,125,28.5,16.5,1,1,18.3,0,5,21.0,6,0
CUST11630,28.0,9,Basic,Monthly,393.21,18,13,233,161,17.0,16.6,1,1,19.1,0,0,58.0,9,0
CUST11631,58.0,27,Basic,Monthly,327.26,16,7,225,38,22.3,11.1,3,2,17.7,1,0,19.0,9,1
CUST11632,20.0,26,Standard,Annual,688.02,12,10,228,217,22.1,22.9,4,1,17.0,2,5,63.0,6,1
CUST11633,45.0,19,Premium,Monthly,1202.46,22,14,247,152,15.9,16.3,4,1,16.7,0,10,49.0,8,0
CUST11634,46.0,28,Basic,Quarterly,374.59,9,1,226,131,18.7,10.4,4,2,22.6,1,0,13.0,8,0
CUST11635,26.0,17,Basic,Monthly,312.96,21,19,223,187,11.0,11.3,3,1,11.0,2,0,51.0,9,0
CUST11636,20.0,43,Standard,Monthly,636.58,14,13,236,223,18.8,20.1,2,1,17.1,1,15,61.0,6,0
CUST11637,42.0,41,Standard,Monthly,696.83,13,13,220,182,15.1,13.7,0,0,32.4,0,10,51.0,11,0
CUST11638,51.0,42,Premium,Monthly,1250.3,9,9,215,206,30.6,30.3,3,2,13.9,1,0,55.0,6,0
CUST11639,29.0,20,Basic,Monthly,491.53,11,9,229,197,13.8,13.8,2,1,31.8,0,15,-1.0,11,0
CUST11640,59.0,45,Standard,Monthly,688.89,10,2,252,126,21.1,16.8,3,1,12.8,0,5,98.0,3,0
CUST11641,26.0,40,Basic,Monthly,359.57,18,5,235,101,16.4,12.8,0,0,49.7,0,5,100.0,7,0
CUST11642,32.0,39,Basic,Quarterly,378.51,21,19,244,145,22.9,23.9,3,1,9.2,0,0,78.0,9,0
CUST11643,57.0,23,Standard,Monthly,641.45,17,14,225,205,9.9,9.2,1,0,27.2,1,10,45.0,8,0
CUST11644,42.0,47,Standard,Monthly,742.33,12,2,202,52,17.2,11.2,1,1,5.4,1,15,32.0,4,1
CUST11645,22.0,32,Standard,Monthly,816.57,16,11,241,198,21.6,22.2,2,0,27.0,0,0,32.0,5,0
CUST11646,28.0,47,Basic,Quarterly,360.91,18,9,223,81,19.4,15.1,4,1,12.3,0,5,62.0,7,0
CUST11647,51.0,33,Standard,Annual,633.44,14,10,212,182,21.0,20.3,6,3,29.8,1,15,69.0,8,0
CUST11648,41.0,46,Standard,Monthly,754.36,19,18,224,135,13.0,12.2,2,1,29.8,0,20,26.0,6,0
CUST11649,32.0,5,Premium,Monthly,1216.49,13,8,249,220,15.9,16.9,4,0,27.1,0,0,41.0,11,1
CUST11650,55.0,43,Basic,Monthly,417.42,18,4,236,68,17.9,13.0,3,1,21.1,0,10,73.0,7,0
CUST11651,25.0,48,Basic,Annual,486.35,18,14,241,205,22.7,21.2,2,1,13.7,1,0,39.0,3,0
CUST11652,22.0,34,Standard,Annual,623.84,11,6,223,185,26.4,28.1,3,0,24.5,3,5,45.0,8,1
CUST11653,65.0,40,Standard,Monthly,622.31,16,12,233,217,6.8,7.4,3,3,45.4,0,10,76.0,8,1
CUST11654,43.0,11,Basic,Monthly,390.11,13,4,248,118,16.1,7.5,4,1,8.3,3,5,72.0,5,1
CUST11655,35.0,3,Premium,Monthly,1202.49,7,4,258,190,14.0,12.5,0,0,9.9,0,0,62.0,7,0
CUST11656,23.0,33,Basic,Monthly,379.48,17,14,218,163,13.4,13.9,1,0,9.9,0,5,15.0,8,0
CUST11657,54.0,11,Premium,Quarterly,1334.34,20,20,232,216,19.6,18.2,1,0,5.0,0,0,16.0,9,0
CUST11658,65.0,16,Basic,Monthly,381.94,15,16,203,155,18.2,17.9,2,1,28.5,0,0,24.0,15,0
CUST11659,30.0,18,Standard,Monthly,668.71,18,15,242,155,11.3,9.7,4,4,10.4,1,5,29.0,8,0
CUST11660,45.0,30,Premium,Quarterly,1205.84,12,6,209,62,11.0,7.3,2,0,18.6,0,20,47.0,5,0
CUST11661,22.0,48,Basic,Annual,452.4,16,11,220,175,20.8,19.6,4,1,12.6,0,10,40.0,5,0
CUST11662,30.0,10,Premium,Monthly,1159.1,13,14,216,131,11.5,11.7,4,2,13.0,0,0,38.0,10,0
CUST11663,34.0,18,Standard,Quarterly,690.92,17,12,235,208,13.8,11.9,3,0,37.5,0,15,36.0,11,1
CUST11664,57.0,38,Premium,Monthly,1253.96,11,9,239,220,23.5,23.7,3,2,9.3,2,0,20.0,6,0
CUST11665,62.0,19,Standard,Annual,757.01,13,5,267,51,19.0,12.5,1,0,8.1,1,0,30.0,9,1
CUST11666,49.0,36,Basic,Annual,410.97,13,9,250,218,27.3,23.3,0,0,63.4,1,5,100.0,4,0
CUST11667,46.0,13,Basic,Monthly,532.01,9,5,223,142,17.4,18.0,2,1,15.3,0,0,59.0,9,0
CUST11668,20.0,46,Basic,Quarterly,507.94,17,16,238,175,31.4,27.7,3,1,13.0,0,10,43.0,7,0
CUST11669,57.0,3,Basic,Annual,321.66,16,13,221,139,16.9,17.3,1,1,19.3,0,10,4.0,8,0
CUST11670,51.0,10,Basic,Monthly,305.94,11,9,238,177,25.2,24.3,2,1,6.4,0,10,17.0,6,0
CUST11671,57.0,38,Basic,Monthly,442.76,8,6,234,195,13.0,12.8,2,0,5.9,1,0,41.0,8,1
CUST11672,44.0,1,Standard,Quarterly,774.1,15,14,222,171,14.1,13.2,3,1,36.3,1,0,76.0,12,0
CUST11673,30.0,27,Standard,Monthly,686.64,9,5,227,192,28.2,25.7,3,0,8.0,1,15,48.0,6,0
CUST11674,62.0,46,Basic,Monthly,371.38,13,9,225,180,13.8,12.0,5,2,22.8,0,0,47.0,5,1
CUST11675,50.0,8,Basic,Annual,353.88,13,11,227,161,16.7,17.8,5,1,25.8,2,5,43.0,9,1
CUST11676,23.0,46,Standard,Quarterly,634.76,13,3,265,145,14.0,9.8,2,0,12.6,0,0,18.0,6,0
CUST11677,41.0,42,Basic,Monthly,461.5,22,15,229,155,24.7,27.1,1,1,1.3,0,0,77.0,7,0
CUST11678,36.0,17,Basic,Monthly,378.03,18,15,252,164,10.7,11.4,3,0,18.4,1,0,32.0,15,0
CUST11679,33.0,9,Basic,Monthly,415.6,15,12,208,188,25.8,27.6,0,0,10.8,2,0,71.0,11,0
CUST11680,57.0,6,Premium,Monthly,1098.58,17,17,232,223,19.5,19.5,4,3,55.5,1,20,84.0,10,0
CUST11681,45.0,43,Premium,Monthly,1254.12,14,4,215,99,19.1,9.8,1,1,10.5,1,20,19.0,8,0
CUST11682,50.0,25,Standard,Quarterly,731.33,18,14,255,222,17.7,19.0,4,0,25.7,0,5,42.0,6,1
CUST11683,65.0,39,Standard,Monthly,625.04,17,3,247,59,25.5,12.7,4,2,5.9,1,5,62.0,9,1
CUST11684,58.0,28,Standard,Monthly,713.25,13,4,235,114,16.7,8.3,2,0,24.3,0,0,35.0,10,1
CUST11685,30.0,33,Standard,Monthly,699.26,12,7,248,211,13.7,14.6,2,0,18.7,1,10,36.0,2,0
CUST11686,60.0,37,Standard,Annual,674.24,15,16,217,124,21.1,20.4,1,1,37.7,0,0,32.0,8,0
CUST11687,62.0,9,Standard,Monthly,539.34,16,11,220,221,17.5,15.6,1,0,17.5,2,0,-5.0,6,1
CUST11688,42.0,18,Basic,Monthly,362.68,14,2,207,44,29.8,20.8,0,0,6.3,1,0,68.0,6,1
CUST11689,59.0,21,Basic,Monthly,415.63,14,9,240,192,23.5,25.7,0,0,10.0,1,0,17.0,9,0
CUST11690,53.0,2,Standard,Monthly,668.83,17,17,213,172,20.1,22.1,1,0,58.7,0,0,-10.0,9,0
CUST11691,44.0,43,Premium,Monthly,1186.81,24,11,246,32,26.6,13.2,2,1,13.5,2,0,68.0,8,0
CUST11692,55.0,38,Standard,Monthly,781.32,18,11,247,249,9.3,10.0,3,2,0.9,1,20,54.0,7,0
CUST11693,24.0,40,Premium,Monthly,1194.74,11,4,233,114,21.4,13.0,0,0,15.1,2,10,9.0,6,1
CUST11694,22.0,36,Premium,Monthly,1083.68,20,14,192,160,18.6,17.1,3,0,12.7,1,5,69.0,7,0
CUST11695,60.0,43,Basic,Monthly,388.83,17,13,219,195,16.8,15.8,2,0,7.7,0,0,59.0,10,0
CUST11696,62.0,37,Standard,Monthly,704.47,18,14,225,134,16.3,13.9,3,0,13.6,1,0,42.0,13,0
CUST11697,48.0,15,Standard,Monthly,653.61,12,9,240,191,24.7,23.3,4,1,32.9,0,5,33.0,12,1
CUST11698,40.0,28,Premium,Monthly,1239.41,20,18,254,254,6.8,6.0,3,0,16.2,1,10,39.0,8,1
CUST11699,59.0,18,Premium,Monthly,1118.58,19,18,200,156,20.8,20.4,2,1,6.4,1,15,47.0,5,0
CUST11700,27.0,34,Standard,Monthly,691.42,11,8,230,135,9.4,8.0,3,0,10.1,1,0,22.0,15,1
CUST11701,49.0,22,Basic,Quarterly,317.94,17,17,224,146,16.5,15.2,1,0,28.1,2,0,70.0,9,1
CUST11702,60.0,11,Standard,Monthly,682.74,12,12,227,174,17.7,18.9,4,1,22.4,0,5,56.0,6,0
CUST11703,47.0,13,Basic,Monthly,437.95,13,7,205,137,27.7,25.0,0,0,19.0,0,15,39.0,7,1
CUST11704,56.0,4,Standard,Monthly,690.11,11,6,212,112,14.8,11.8,3,1,27.6,0,5,86.0,8,0
CUST11705,48.0,22,Premium,Annual,1186.9,17,5,220,86,18.3,13.7,4,0,10.2,1,5,34.0,6,1
CUST11706,35.0,7,Standard,Annual,700.53,15,13,218,155,10.6,11.2,2,1,40.4,1,0,81.0,9,0
CUST11707,53.0,43,Standard,Monthly,703.28,14,7,188,62,21.0,15.2,1,0,51.5,1,10,49.0,7,1
CUST11708,19.0,24,Standard,Monthly,737.16,24,16,222,220,10.0,10.0,3,2,17.0,0,5,61.0,9,0
CUST11709,31.0,4,Standard,Monthly,737.49,11,10,244,219,7.3,6.2,1,0,48.1,1,0,33.0,7,0
CUST11710,30.0,28,Basic,Monthly,477.19,15,13,215,185,8.9,8.7,2,1,27.5,3,5,-5.0,8,1
CUST11711,46.0,15,Standard,Monthly,708.22,15,10,236,201,16.3,14.9,0,0,12.1,0,10,54.0,5,0
CUST11712,29.0,1,Premium,Quarterly,1107.66,18,18,271,203,16.6,15.5,3,1,4.1,1,0,12.0,7,0
CUST11713,56.0,3,Premium,Monthly,1246.19,12,2,226,64,24.8,19.8,2,0,20.4,1,0,27.0,12,1
CUST11714,19.0,14,Basic,Annual,473.24,20,15,246,250,27.1,29.0,3,1,9.8,1,0,44.0,14,0
CUST11715,49.0,38,Premium,Monthly,1334.39,22,20,238,132,27.0,24.2,1,1,28.4,1,20,26.0,7,0
CUST11716,30.0,1,Standard,Annual,778.84,16,2,203,82,24.9,15.0,3,1,11.5,2,0,41.0,7,0
CUST11717,63.0,38,Basic,Quarterly,372.03,15,8,213,119,30.5,24.2,2,1,13.1,0,0,47.0,7,1
CUST11718,44.0,38,Basic,Monthly,409.3,10,3,241,120,20.7,11.2,1,1,30.5,1,0,5.0,14,1
CUST11719,58.0,21,Basic,Monthly,384.12,16,3,225,118,20.8,15.1,2,1,14.0,3,5,49.0,6,1
CUST11720,34.0,48,Premium,Monthly,1176.64,9,2,219,117,29.0,18.5,4,1,3.4,1,0,26.0,10,1
CUST11721,57.0,29,Standard,Monthly,692.76,13,8,239,175,11.3,10.1,1,0,21.8,0,15,15.0,4,0
CUST11722,48.0,5,Standard,Monthly,769.72,19,16,231,175,23.6,23.5,3,2,51.6,0,0,-8.0,6,1
CUST11723,51.0,10,Basic,Monthly,311.6,17,15,213,191,17.7,15.8,4,3,11.0,0,0,3.0,8,1
CUST11724,41.0,28,Standard,Monthly,643.86,23,6,227,69,26.0,14.2,2,1,14.8,1,5,43.0,10,0
CUST11725,62.0,21,Basic,Annual,466.07,16,9,238,236,25.1,23.9,1,0,24.3,0,0,43.0,9,0
CUST11726,52.0,7,Standard,Monthly,778.95,17,16,229,126,17.0,14.6,2,1,19.5,0,0,55.0,13,0
CUST11727,65.0,3,Standard,Annual,662.73,15,8,206,214,10.8,11.4,4,2,37.8,1,15,85.0,8,0
CUST11728,23.0,45,Basic,Monthly,489.79,18,13,217,138,26.1,27.3,5,5,43.5,0,5,76.0,10,0
CUST11729,36.0,47,Premium,Quarterly,1252.67,18,14,260,239,15.2,13.9,1,0,23.9,0,15,67.0,6,0
CUST11730,47.0,20,Basic,Monthly,384.27,24,20,227,129,18.7,18.8,1,0,16.9,0,0,72.0,7,0
CUST11731,24.0,19,Standard,Monthly,565.06,14,14,211,162,11.3,10.6,3,3,14.0,0,5,47.0,6,0
CUST11732,27.0,35,Standard,Annual,607.26,16,8,230,116,15.8,8.7,5,2,16.9,2,10,46.0,15,0
CUST11733,58.0,4,Standard,Monthly,662.8,13,9,256,150,24.1,24.7,1,0,41.7,1,0,80.0,11,0
CUST11734,49.0,5,Basic,Quarterly,440.8,16,15,232,179,20.3,17.7,1,1,8.5,1,5,47.0,5,0
CUST11735,51.0,1,Basic,Monthly,440.97,19,10,231,120,13.5,7.5,2,1,40.4,0,15,48.0,6,0
CUST11736,45.0,4,Premium,Monthly,1173.35,16,11,223,178,6.7,6.0,5,2,14.2,2,0,71.0,7,0
CUST11737,32.0,12,Basic,Monthly,386.28,21,17,228,183,22.1,19.8,2,1,48.1,0,0,35.0,9,1
CUST11738,47.0,27,Premium,Quarterly,672.2049999999999,19,17,237,223,15.5,16.0,1,0,6.8,1,10,39.0,4,0
CUST11739,54.0,42,Premium,Monthly,1186.97,9,5,243,149,19.0,17.1,3,2,41.1,0,0,8.0,9,1
CUST11740,46.0,23,Basic,Quarterly,408.0,17,4,237,81,17.2,10.5,2,1,18.2,1,5,30.0,11,1
CUST11741,39.0,25,Basic,Annual,397.35,14,13,250,188,15.4,14.4,1,0,55.0,0,0,34.0,7,1
CUST11742,21.0,21,Standard,Monthly,606.92,13,13,245,243,21.7,23.0,2,0,8.2,1,10,35.0,7,0
CUST11743,37.0,24,Premium,Monthly,1187.58,18,15,237,232,12.8,11.4,1,0,37.0,2,10,62.0,3,1
CUST11744,49.0,25,Premium,Quarterly,1197.76,18,14,222,184,18.9,17.7,2,1,24.6,0,5,17.0,7,0
CUST11745,53.0,45,Standard,Monthly,753.44,16,16,236,235,20.5,18.9,2,0,27.2,1,15,79.0,9,1
CUST11746,21.0,46,Standard,Monthly,653.28,18,16,241,230,26.1,24.5,0,0,18.2,1,0,-10.0,9,0
CUST11747,44.0,32,Basic,Monthly,410.21,12,10,217,150,18.3,18.8,2,0,19.3,0,15,57.0,5,0
CUST11748,34.0,32,Premium,Monthly,1229.96,10,7,225,143,10.8,10.3,5,3,14.0,3,5,62.0,4,1
CUST11749,42.0,5,Premium,Monthly,1190.84,14,9,240,168,22.0,22.9,1,0,2.0,0,10,59.0,11,0
CUST11750,39.0,36,Basic,Monthly,302.49,14,6,250,102,12.7,7.0,2,0,18.7,0,0,69.0,11,0
CUST11751,34.0,46,Basic,Quarterly,454.55,16,11,253,218,14.0,13.1,6,2,30.6,0,0,37.0,6,0
CUST11752,27.0,42,Basic,Monthly,440.09,11,8,231,195,15.0,14.4,7,1,45.9,2,10,73.0,8,0
CUST11753,18.0,42,Basic,Monthly,411.58,17,14,218,185,16.9,17.3,0,0,14.3,1,0,25.0,5,0
CUST11754,39.0,39,Premium,Annual,1201.22,15,10,231,149,25.8,25.3,5,2,3.3,1,0,27.0,11,0
CUST11755,43.0,16,Standard,Quarterly,601.02,19,18,230,218,21.9,23.4,1,1,2.4,2,0,94.0,5,0
CUST11756,35.0,33,Basic,Annual,441.61,10,6,210,161,11.4,12.3,3,2,17.2,3,10,46.0,7,1
CUST11757,31.0,21,Basic,Monthly,480.75,19,15,237,186,27.1,27.9,1,0,13.4,1,10,66.0,9,0
CUST11758,64.0,9,Premium,Quarterly,1137.74,9,8,230,241,24.4,26.7,3,1,3.5,1,15,54.0,7,0
CUST11759,46.0,6,Standard,Monthly,772.98,12,6,206,61,20.5,15.5,4,2,46.7,3,15,60.0,9,1
CUST11760,29.0,45,Standard,Monthly,761.23,19,3,225,93,4.1,2.2,3,0,22.3,2,10,-8.0,5,1
CUST11761,53.0,35,Basic,Monthly,336.12,14,11,225,200,12.9,12.6,3,2,10.2,0,0,51.0,7,0
CUST11762,52.0,39,Premium,Monthly,1177.32,16,16,229,227,18.1,16.4,3,2,9.6,0,0,42.0,7,0
CUST11763,29.0,22,Premium,Annual,1122.25,12,13,219,134,27.9,26.1,2,0,29.1,1,0,66.0,5,0
CUST11764,24.0,41,Basic,Monthly,395.42,16,14,218,200,26.0,25.2,2,0,54.1,2,0,22.0,10,1
CUST11765,46.0,5,Basic,Quarterly,423.66,18,2,221,60,12.2,6.9,5,2,37.8,1,15,72.0,8,1
CUST11766,28.0,42,Basic,Quarterly,326.37,15,8,236,180,7.9,7.3,4,1,37.3,3,10,12.0,6,0
CUST11767,50.0,23,Basic,Monthly,672.2049999999999,13,13,259,180,16.9,16.1,4,2,16.8,0,0,31.0,5,1
CUST11768,23.0,17,Standard,Monthly,734.15,14,6,231,28,18.8,14.5,3,0,1.6,1,15,3.0,8,1
CUST11769,64.0,12,Premium,Monthly,1234.94,10,2,233,31,10.6,7.9,2,0,11.6,0,15,15.0,7,1
CUST11770,32.0,23,Standard,Monthly,724.0,17,16,224,166,12.8,13.3,2,2,50.2,1,15,42.0,8,1
CUST11771,49.0,16,Premium,Monthly,1131.43,10,8,259,259,30.7,29.1,5,1,12.4,0,0,76.0,7,0
CUST11772,28.0,3,Standard,Annual,692.32,10,5,250,33,15.8,13.0,1,1,8.4,2,0,43.0,9,1
CUST11773,40.0,30,Standard,Monthly,718.38,13,13,222,133,16.2,17.3,2,0,10.2,0,5,10.0,10,0
CUST11774,43.0,22,Standard,Monthly,779.36,14,12,215,154,35.0,36.3,3,2,16.9,1,0,-10.0,13,0
CUST11775,51.0,9,Basic,Annual,399.14,18,15,245,212,16.0,15.2,3,1,15.1,0,5,59.0,12,0
CUST11776,63.0,29,Standard,Monthly,722.4,15,13,246,195,11.9,12.3,3,0,5.5,1,0,26.0,5,0
CUST11777,51.0,47,Standard,Quarterly,647.74,14,14,241,212,13.7,12.2,0,0,25.7,1,15,29.0,10,0
CUST11778,46.0,37,Basic,Monthly,335.48,15,2,232,111,19.7,9.8,2,0,19.4,2,0,69.0,5,1
CUST11779,21.0,23,Standard,Monthly,628.43,14,2,232,42,15.2,11.8,1,0,14.3,0,5,39.0,11,0
CUST11780,34.0,13,Standard,Monthly,675.89,14,11,224,234,17.2,17.5,2,0,20.9,1,15,35.0,8,0
CUST11781,52.0,32,Premium,Monthly,1312.41,13,14,232,234,17.7,18.4,0,0,42.4,0,10,46.0,8,0
CUST11782,30.0,46,Standard,Monthly,676.89,13,11,230,133,36.9,36.5,4,2,16.0,0,10,79.0,5,0
CUST11783,58.0,47,Premium,Quarterly,1219.05,24,20,259,177,22.3,22.5,2,1,27.9,0,5,48.0,9,0
CUST11784,56.0,48,Standard,Monthly,729.64,21,20,223,156,12.3,11.1,6,2,12.0,0,0,-10.0,7,0
CUST11785,32.0,23,Standard,Annual,638.97,11,1,207,57,17.0,13.8,3,0,9.0,0,0,22.0,10,1
CUST11786,46.0,45,Standard,Monthly,675.07,17,12,217,153,22.8,22.0,1,0,23.7,2,0,35.0,7,0
CUST11787,46.0,17,Premium,Monthly,1233.34,12,5,236,138,24.5,19.8,3,0,3.7,1,0,64.0,9,1
CUST11788,28.0,40,Standard,Monthly,722.56,13,11,214,123,8.4,8.0,0,0,10.8,1,15,11.0,6,0
CUST11789,49.0,21,Standard,Annual,589.33,15,5,250,99,9.5,5.9,3,2,15.4,0,0,46.0,7,1
CUST11790,19.0,2,Standard,Monthly,731.69,21,3,225,99,20.8,9.4,1,1,13.0,3,0,40.0,7,1
CUST11791,64.0,37,Standard,Monthly,668.7,25,7,208,105,14.2,8.1,3,2,37.7,2,10,67.0,5,0
CUST11792,31.0,6,Basic,Annual,370.14,16,11,217,172,13.3,13.2,1,1,13.7,0,10,17.0,18,1
CUST11793,37.0,44,Basic,Monthly,421.27,17,3,240,117,19.1,11.9,7,2,43.4,1,0,46.0,4,1
CUST11794,39.0,18,Basic,Annual,482.76,14,11,234,238,22.7,19.6,0,0,17.7,0,0,80.0,6,0
CUST11795,28.0,30,Premium,Monthly,1187.98,20,14,213,128,16.6,16.4,4,1,4.8,2,5,64.0,7,0
CUST11796,44.0,22,Basic,Quarterly,463.85,15,11,223,226,6.3,6.7,2,2,16.0,0,5,57.0,6,0
CUST11797,42.0,33,Basic,Annual,319.75,16,16,235,139,14.8,12.8,4,0,7.9,2,5,34.0,7,0
CUST11798,34.0,30,Standard,Quarterly,706.19,22,16,227,195,11.0,10.8,1,0,1.6,0,0,46.0,8,0
CUST11799,61.0,17,Basic,Monthly,369.24,17,12,225,152,21.4,22.7,5,2,26.4,1,0,39.0,8,1
CUST11800,45.0,43,Standard,Monthly,714.51,13,9,237,228,30.3,25.8,2,0,2.4,0,0,63.0,7,0
CUST11801,46.0,32,Basic,Annual,382.7,20,13,216,125,19.7,18.1,2,0,2.2,0,5,55.0,9,0
CUST11802,38.0,42,Premium,Monthly,1125.24,18,15,213,219,20.6,22.3,2,0,67.0,0,0,26.0,11,0
CUST11803,64.0,14,Premium,Monthly,1150.19,15,9,207,119,22.9,19.9,3,2,35.7,2,15,86.0,9,0
CUST11804,33.0,10,Premium,Quarterly,1108.62,13,12,229,154,26.1,26.1,1,1,10.0,0,5,72.0,4,0
CUST11805,54.0,47,Standard,Monthly,627.12,18,12,238,186,14.5,14.2,3,1,11.0,0,5,20.0,7,0
CUST11806,37.0,36,Standard,Monthly,725.42,17,14,221,205,17.7,15.7,0,0,21.5,1,0,33.0,6,0
CUST11807,23.0,34,Basic,Monthly,385.19,14,9,232,238,23.7,20.4,1,1,11.8,1,0,38.0,10,0
CUST11808,36.0,9,Basic,Monthly,411.7,13,2,231,57,12.3,8.2,1,0,7.3,2,0,62.0,9,1
CUST11809,22.0,42,Basic,Monthly,498.86,17,7,210,75,8.9,5.1,3,1,6.3,2,0,22.0,6,1
CUST11810,20.0,28,Standard,Quarterly,682.72,11,11,244,223,15.2,13.6,3,3,16.7,1,5,25.0,3,0
CUST11811,18.0,11,Standard,Monthly,733.89,17,16,230,192,25.5,26.1,2,1,5.2,1,10,64.0,11,0
CUST11812,55.0,14,Standard,Annual,700.55,11,5,237,56,18.8,13.8,2,0,47.5,1,15,56.0,9,1
CUST11813,32.0,39,Basic,Annual,550.95,12,12,249,142,15.2,14.3,0,0,21.4,0,10,-7.0,1,0
CUST11814,51.0,47,Standard,Quarterly,533.03,22,13,239,184,24.1,24.5,4,2,49.6,2,15,58.0,9,1
CUST11815,52.0,19,Standard,Monthly,659.53,12,11,249,235,21.3,19.1,3,1,35.7,0,20,5.0,10,0
CUST11816,42.0,15,Standard,Quarterly,734.97,15,10,238,187,13.3,12.9,1,0,23.7,0,20,26.0,12,0
CUST11817,41.0,28,Standard,Monthly,657.59,17,16,227,224,16.9,16.6,1,0,3.2,0,5,33.0,11,0
CUST11818,29.0,24,Basic,Monthly,430.13,16,16,238,230,11.9,11.4,1,1,7.4,1,0,30.0,9,0
CUST11819,35.0,8,Premium,Quarterly,1195.7,15,15,217,213,18.9,17.9,1,0,27.9,0,0,26.0,10,0
CUST11820,32.0,43,Standard,Monthly,746.57,11,7,227,140,21.8,22.6,3,1,20.8,1,20,16.0,9,0
CUST11821,61.0,9,Basic,Annual,672.2049999999999,14,10,235,158,3.3,3.3,2,1,20.1,1,0,55.0,7,0
CUST11822,33.0,47,Basic,Monthly,408.51,16,12,221,125,11.9,12.0,2,0,17.6,2,0,2.0,9,0
CUST11823,44.0,33,Standard,Quarterly,724.63,21,13,241,251,28.1,30.1,1,0,4.1,1,0,29.0,11,0
CUST11824,25.0,33,Premium,Monthly,1206.25,12,7,230,154,16.0,17.6,1,1,22.6,0,10,62.0,14,0
CUST11825,63.0,19,Standard,Annual,707.22,16,2,221,41,28.0,19.6,3,2,16.3,0,15,52.0,6,1
CUST11826,42.0,3,Basic,Monthly,465.13,18,19,243,167,10.3,9.7,1,1,13.5,1,5,7.0,10,0
CUST11827,34.0,10,Premium,Monthly,1106.61,13,11,228,130,14.8,15.5,2,1,34.2,2,0,-6.0,7,1
CUST11828,46.0,40,Standard,Monthly,705.87,17,15,241,164,19.3,17.1,4,1,16.1,2,10,15.0,5,1
CUST11829,25.0,47,Standard,Monthly,632.5,16,13,228,137,16.1,15.7,1,0,17.3,0,5,-10.0,9,0
CUST11830,32.0,42,Standard,Monthly,740.67,15,13,228,170,25.6,25.1,1,1,71.7,0,0,44.0,6,0
CUST11831,44.0,1,Basic,Monthly,352.91,19,10,243,120,17.3,9.5,3,0,11.7,0,15,31.0,7,1
CUST11832,63.0,29,Standard,Monthly,563.02,14,12,228,205,22.3,24.4,2,0,18.4,1,10,32.0,11,0
CUST11833,24.0,34,Standard,Monthly,741.98,15,9,217,196,11.4,12.0,3,1,28.1,1,0,55.0,4,0
CUST11834,20.0,13,Premium,Monthly,1184.24,15,12,214,166,19.6,19.0,2,1,23.6,0,0,64.0,8,1
CUST11835,46.0,1,Standard,Annual,718.61,17,7,221,43,16.1,8.7,3,3,12.1,2,0,48.0,8,1
CUST11836,61.0,34,Standard,Quarterly,777.49,18,13,233,234,12.0,11.2,3,0,10.5,0,10,36.0,8,0
CUST11837,41.0,29,Standard,Quarterly,719.43,16,14,228,235,20.8,22.0,2,0,12.9,1,5,24.0,10,0
CUST11838,20.0,48,Premium,Quarterly,1208.32,18,11,242,145,26.2,27.1,4,2,12.9,1,0,33.0,8,0
CUST11839,37.0,47,Premium,Monthly,1196.4,24,15,223,221,14.4,15.0,3,1,32.7,0,0,47.0,6,0
CUST11840,63.0,13,Standard,Monthly,635.9,23,5,227,93,20.5,15.0,3,1,29.6,0,5,65.0,6,0
CUST11841,32.0,48,Standard,Monthly,687.16,15,11,231,173,16.7,15.9,3,2,8.7,1,0,7.0,8,0
CUST11842,42.0,29,Standard,Annual,807.56,15,11,253,183,18.6,18.4,1,0,27.4,0,5,14.0,7,0
CUST11843,47.0,39,Standard,Annual,678.36,25,19,206,183,23.0,20.3,1,1,9.8,0,0,42.0,9,0
CUST11844,31.0,24,Basic,Monthly,390.42,20,20,225,191,26.7,25.1,4,1,27.2,0,15,-10.0,15,1
CUST11845,24.0,26,Standard,Monthly,768.14,23,14,261,158,25.5,22.2,2,0,55.4,0,10,49.0,5,0
CUST11846,34.0,17,Basic,Monthly,314.23,19,18,228,215,13.5,14.7,1,0,13.8,0,0,68.0,9,0
CUST11847,61.0,7,Premium,Monthly,1233.11,18,13,216,166,9.9,10.3,2,1,13.2,0,0,100.0,12,0
CUST11848,37.0,13,Basic,Monthly,311.61,9,4,227,109,5.9,2.9,4,1,48.3,0,5,44.0,11,1
CUST11849,53.0,5,Premium,Monthly,1220.96,10,10,242,183,21.8,19.6,2,0,12.1,2,10,63.0,13,0
CUST11850,26.0,26,Standard,Annual,697.77,13,9,212,171,14.8,13.9,4,0,27.2,0,10,43.0,10,0
CUST11851,55.0,3,Standard,Monthly,732.68,17,5,237,31,24.4,13.4,2,0,23.3,0,10,82.0,7,0
CUST11852,65.0,7,Standard,Annual,672.2049999999999,15,4,237,100,11.8,6.0,0,0,25.0,0,0,31.0,9,0
CUST11853,39.0,39,Basic,Quarterly,369.57,14,7,229,94,20.7,13.7,3,1,12.0,1,0,50.0,12,0
CUST11854,19.0,1,Standard,Quarterly,735.52,13,8,280,276,7.4,6.3,4,0,13.4,0,5,57.0,2,0
CUST11855,41.0,17,Basic,Quarterly,370.96,18,12,221,136,21.0,18.4,0,0,24.1,1,10,52.0,8,0
CUST11856,25.0,43,Standard,Quarterly,740.55,19,12,204,171,20.3,18.5,1,0,11.8,2,10,23.0,6,0
CUST11857,28.0,25,Standard,Quarterly,710.5,17,9,226,99,11.4,6.1,2,1,25.8,0,0,8.0,12,0
CUST11858,30.0,3,Standard,Quarterly,674.48,14,8,198,163,19.2,20.6,3,0,22.6,0,20,68.0,6,0
CUST11859,34.0,15,Basic,Monthly,381.66,14,7,229,40,30.4,21.9,1,0,18.9,1,0,48.0,5,0
CUST11860,25.0,29,Basic,Annual,399.19,19,19,238,137,22.1,21.7,2,1,22.3,1,0,44.0,5,0
CUST11861,38.0,43,Standard,Quarterly,686.89,17,13,239,169,35.7,31.3,1,1,15.4,0,0,64.0,6,0
CUST11862,35.0,32,Premium,Quarterly,1239.16,21,18,250,153,18.9,19.7,5,2,15.2,1,0,63.0,6,0
CUST11863,47.0,26,Standard,Annual,678.58,19,17,219,174,21.5,18.8,2,1,8.4,1,10,51.0,12,0
CUST11864,35.0,16,Standard,Monthly,667.48,12,11,200,201,15.1,14.2,5,2,14.9,1,0,58.0,6,0
CUST11865,63.0,25,Standard,Monthly,749.06,9,4,226,109,19.5,12.9,2,1,5.1,1,5,29.0,11,0
CUST11866,64.0,28,Basic,Monthly,375.78,15,12,254,260,12.1,11.4,0,0,48.8,1,0,55.0,5,0
CUST11867,48.0,9,Premium,Monthly,1169.28,20,17,212,221,23.4,21.8,2,1,13.7,0,0,3.0,9,0
CUST11868,55.0,1,Standard,Annual,562.29,22,8,225,123,13.2,6.3,2,2,10.3,0,15,42.0,7,0
CUST11869,49.0,29,Basic,Monthly,341.83,20,14,205,188,28.0,25.0,4,2,9.1,1,10,61.0,5,0
CUST11870,28.0,22,Standard,Monthly,652.88,14,10,233,160,9.9,10.5,2,0,13.4,0,0,24.0,6,0
CUST11871,62.0,16,Basic,Monthly,369.29,13,5,243,125,16.2,11.3,0,0,49.0,2,5,46.0,7,1
CUST11872,42.0,41,Premium,Monthly,1159.28,21,17,230,220,16.5,16.1,2,0,41.5,0,15,50.0,5,1
CUST11873,50.0,44,Basic,Quarterly,453.07,13,9,255,194,11.3,9.9,1,0,4.4,0,10,20.0,7,0
CUST11874,55.0,41,Standard,Annual,656.37,18,15,218,171,19.4,19.3,2,1,27.0,2,10,70.0,7,0
CUST11875,58.0,7,Basic,Monthly,360.47,16,12,226,154,14.8,15.6,1,0,12.4,0,5,50.0,8,0
CUST11876,25.0,14,Standard,Monthly,707.56,10,10,229,159,26.4,24.4,2,0,74.3,0,5,0.0,6,0
CUST11877,28.0,29,Standard,Monthly,638.41,11,6,241,251,13.1,13.9,1,0,37.8,0,0,44.0,5,0
CUST11878,39.0,19,Standard,Monthly,785.02,12,2,204,79,20.5,16.5,2,0,8.1,1,5,78.0,8,1
CUST11879,41.0,19,Standard,Monthly,743.12,17,14,221,143,17.5,19.2,2,1,9.4,2,5,42.0,10,0
CUST11880,58.0,2,Premium,Annual,1134.76,12,9,220,151,16.7,17.7,4,0,48.7,0,15,26.0,3,0
CUST11881,34.0,41,Basic,Monthly,454.75,13,10,215,130,18.5,16.7,1,1,29.9,0,0,28.0,3,0
CUST11882,29.0,45,Basic,Monthly,466.19,18,17,243,254,22.2,21.4,1,0,26.0,1,0,38.0,7,0
CUST11883,63.0,15,Basic,Monthly,336.18,13,9,234,235,6.7,5.8,0,0,6.2,1,0,12.0,8,0
CUST11884,49.0,3,Premium,Quarterly,1134.92,19,19,229,189,18.3,15.9,3,1,8.7,0,5,77.0,11,0
CUST11885,32.0,11,Standard,Quarterly,665.43,18,18,245,220,13.0,13.4,1,1,11.5,2,10,65.0,4,1
CUST11886,33.0,46,Standard,Quarterly,621.16,16,3,219,61,13.5,11.1,5,2,28.4,0,0,69.0,8,0
CUST11887,39.0,30,Standard,Monthly,656.08,18,17,213,139,19.5,21.3,6,3,11.8,1,10,4.0,5,0
CUST11888,45.0,40,Basic,Annual,376.99,19,16,210,214,24.6,22.6,2,1,5.2,0,5,45.0,2,1
CUST11889,37.0,18,Basic,Monthly,426.73,11,9,223,181,27.3,24.6,3,3,28.5,0,0,69.0,8,0
CUST11890,50.0,48,Basic,Monthly,403.47,17,18,241,144,14.5,14.4,4,0,12.2,2,0,18.0,6,0
CUST11891,27.0,2,Standard,Monthly,690.86,14,10,207,155,3.0,2.7,1,0,5.2,0,15,40.0,6,0
CUST11892,57.0,32,Basic,Monthly,372.43,18,11,211,180,18.4,17.0,1,1,33.9,0,5,15.0,7,0
CUST11893,49.0,8,Basic,Annual,327.06,26,7,240,128,7.1,4.8,4,2,19.0,1,10,63.0,14,0
CUST11894,50.0,22,Premium,Annual,1231.54,16,5,211,57,20.6,17.0,2,2,9.0,0,15,37.0,8,1
CUST11895,19.0,6,Premium,Monthly,1230.32,19,6,217,64,12.6,8.1,2,1,23.6,0,0,40.0,8,1
CUST11896,50.0,12,Basic,Annual,365.07,14,14,197,184,20.1,19.5,3,2,8.3,0,0,14.0,9,1
CUST11897,50.0,47,Basic,Quarterly,338.44,12,6,232,122,12.9,8.8,0,0,11.1,0,0,81.0,6,0
CUST11898,58.0,40,Basic,Annual,484.59,19,19,220,177,11.0,11.5,2,0,10.2,0,0,43.0,7,0
CUST11899,30.0,36,Standard,Monthly,712.57,24,16,244,165,11.2,10.2,2,1,18.5,1,15,62.0,9,0
CUST11900,47.0,15,Premium,Monthly,1220.83,8,6,233,181,20.4,21.5,0,0,28.3,1,0,52.0,8,0
CUST11901,50.0,28,Basic,Monthly,423.21,9,5,207,144,10.1,8.6,4,1,15.7,1,0,19.0,8,1
CUST11902,30.0,45,Basic,Annual,332.86,10,5,242,104,21.3,17.3,2,1,30.2,0,0,1.0,6,0
CUST11903,43.0,18,Standard,Monthly,781.46,12,10,255,256,28.7,29.9,2,0,8.2,0,20,37.0,5,0
CUST11904,39.0,2,Standard,Monthly,676.81,16,16,222,139,28.0,25.9,3,2,26.4,1,5,70.0,9,0
CUST11905,56.0,13,Basic,Monthly,444.21,15,11,241,232,8.4,8.7,3,0,35.0,2,10,-7.0,13,0
CUST11906,19.0,45,Standard,Monthly,779.21,20,6,249,93,9.9,7.0,2,1,33.4,0,0,91.0,7,1
CUST11907,55.0,15,Basic,Quarterly,403.48,21,16,237,246,20.9,20.8,1,0,6.9,0,0,63.0,3,0
CUST11908,56.0,20,Standard,Annual,634.02,14,8,216,169,11.6,11.9,1,0,77.6,0,10,47.0,9,1
CUST11909,43.0,29,Standard,Quarterly,561.86,16,13,241,220,21.7,22.3,5,2,13.9,0,5,39.0,14,0
CUST11910,63.0,42,Premium,Annual,1196.89,7,4,220,178,7.7,8.5,1,0,17.2,0,0,63.0,10,0
CUST11911,32.0,29,Standard,Monthly,712.76,14,6,247,111,17.6,8.6,3,2,3.2,2,5,11.0,5,1
CUST11912,51.0,3,Premium,Monthly,1167.06,18,17,236,135,23.7,23.0,4,1,35.0,0,5,53.0,6,1
CUST11913,59.0,19,Standard,Monthly,706.46,14,10,248,152,8.7,9.3,2,1,22.7,0,0,50.0,8,0
CUST11914,61.0,3,Standard,Monthly,722.67,16,14,231,161,17.3,17.1,3,1,31.4,0,5,87.0,7,0
CUST11915,57.0,14,Standard,Monthly,753.67,11,7,233,158,17.2,18.4,2,0,35.3,1,0,33.0,7,0
CUST11916,28.0,40,Premium,Quarterly,1186.43,19,3,241,133,21.6,15.2,1,0,9.3,1,10,43.0,7,1
CUST11917,20.0,4,Premium,Monthly,1196.51,14,13,230,209,14.0,14.7,4,2,35.3,1,5,40.0,8,1
CUST11918,23.0,11,Basic,Quarterly,389.18,13,12,248,257,9.4,10.1,0,0,26.3,0,15,29.0,10,0
CUST11919,26.0,31,Premium,Monthly,1200.85,21,15,228,161,3.0,3.2,3,1,37.9,3,0,79.0,7,0
CUST11920,23.0,43,Premium,Monthly,1170.77,9,6,255,260,26.0,27.7,2,2,37.9,1,5,18.0,4,1
CUST11921,26.0,32,Standard,Monthly,670.51,14,11,216,185,23.0,20.8,2,0,4.1,0,10,4.0,9,0
CUST11922,56.0,27,Basic,Monthly,373.97,13,5,222,96,17.9,13.0,2,0,23.0,0,5,48.0,7,0
CUST11923,48.0,30,Premium,Monthly,1207.59,17,6,234,131,17.7,9.4,2,0,23.5,1,5,24.0,7,1
CUST11924,49.0,43,Premium,Monthly,1152.4,9,7,236,213,20.6,18.4,6,0,13.0,0,5,48.0,11,0
CUST11925,58.0,2,Basic,Monthly,374.2,15,14,249,158,23.8,23.1,4,1,23.3,1,5,43.0,6,1
CUST11926,29.0,9,Premium,Monthly,1298.47,15,15,217,201,5.9,6.4,2,0,8.6,1,10,46.0,10,0
CUST11927,25.0,28,Basic,Monthly,448.3,17,12,244,223,7.3,7.3,2,1,20.8,4,5,43.0,11,1
CUST11928,25.0,31,Basic,Quarterly,346.36,16,15,233,244,6.4,6.9,1,1,5.5,0,15,-10.0,6,0
CUST11929,45.0,34,Standard,Quarterly,746.56,15,10,244,245,15.9,17.3,5,2,31.9,1,10,56.0,11,1
CUST11930,37.0,15,Standard,Monthly,733.51,15,11,243,217,19.1,16.6,2,1,13.6,0,10,47.0,7,0
CUST11931,64.0,48,Standard,Quarterly,693.28,15,10,219,198,24.1,21.4,2,0,25.9,1,15,89.0,11,0
CUST11932,24.0,25,Basic,Quarterly,360.06,14,11,211,216,3.0,2.8,1,0,27.4,0,5,70.0,8,0
CUST11933,28.0,36,Premium,Quarterly,1153.82,18,17,213,220,10.0,10.0,2,0,32.5,0,10,5.0,8,0
CUST11934,37.0,8,Basic,Monthly,411.31,12,3,234,35,18.8,13.0,3,1,21.1,3,0,69.0,7,1
CUST11935,33.0,9,Basic,Monthly,352.46,17,10,236,220,19.5,20.4,1,0,28.3,1,0,10.0,8,1
CUST11936,21.0,37,Basic,Quarterly,459.35,15,10,254,154,16.8,14.5,3,0,13.9,0,10,63.0,6,0
CUST11937,23.0,48,Standard,Monthly,774.94,19,16,234,226,11.2,10.0,1,0,64.8,3,0,78.0,5,0
CUST11938,39.0,45,Premium,Annual,1196.65,8,7,210,142,13.8,13.0,4,2,9.9,0,5,89.0,6,0
CUST11939,43.0,39,Standard,Annual,761.63,6,2,229,89,17.2,12.6,1,1,13.5,0,0,32.0,8,0
CUST11940,20.0,32,Premium,Monthly,1176.36,13,5,227,116,7.7,6.4,1,0,62.5,1,20,60.0,3,1
CUST11941,58.0,17,Basic,Monthly,359.71,15,8,249,131,12.9,8.5,4,1,19.9,0,5,67.0,7,0
CUST11942,59.0,35,Standard,Monthly,759.52,16,16,215,152,9.7,10.4,1,1,37.1,0,0,54.0,7,0
CUST11943,31.0,37,Standard,Monthly,785.89,21,6,230,78,21.0,17.3,0,0,22.2,1,5,0.0,9,1
CUST11944,28.0,19,Standard,Monthly,806.97,17,15,236,221,12.5,12.6,1,1,17.1,1,10,46.0,7,0
CUST11945,35.0,44,Basic,Monthly,417.3,18,18,229,186,10.2,9.8,0,0,15.4,1,15,56.0,9,0
CUST11946,29.0,29,Standard,Monthly,746.42,21,2,244,109,14.9,11.8,0,0,49.7,1,5,42.0,12,1
CUST11947,40.0,7,Standard,Monthly,716.08,14,12,225,235,22.5,22.3,4,0,15.9,1,0,21.0,4,0
CUST11948,29.0,28,Standard,Annual,776.19,9,8,238,178,17.9,16.8,0,0,27.6,1,15,37.0,7,0
CUST11949,30.0,9,Standard,Monthly,672.2049999999999,23,16,242,200,24.6,23.0,1,0,31.1,0,20,65.0,3,0
CUST11950,42.0,28,Basic,Annual,443.28,18,15,213,174,23.7,20.7,3,0,42.4,0,0,52.0,8,0
CUST11951,62.0,6,Standard,Annual,636.55,17,17,232,236,13.5,14.8,4,2,39.6,1,0,54.0,10,1
CUST11952,36.0,29,Basic,Monthly,386.29,21,15,227,165,18.8,19.4,1,0,22.4,0,5,36.0,5,0
CUST11953,63.0,17,Premium,Quarterly,1243.75,19,19,213,222,24.6,22.6,1,0,2.4,1,5,53.0,8,0
CUST11954,53.0,16,Standard,Monthly,738.82,10,3,247,46,15.1,11.1,2,1,6.9,0,5,-10.0,7,1
CUST11955,62.0,23,Basic,Quarterly,448.44,11,8,214,129,19.4,21.1,3,1,14.0,0,0,41.0,6,0
CUST11956,25.0,31,Premium,Monthly,1205.64,11,9,237,153,12.6,13.3,5,2,24.5,0,0,32.0,16,0
CUST11957,46.0,3,Standard,Monthly,663.14,11,8,225,172,16.6,16.9,0,0,5.5,0,5,43.0,11,0
CUST11958,49.0,21,Basic,Monthly,395.76,15,15,246,215,16.5,15.5,2,1,13.6,0,0,13.0,8,0
CUST11959,61.0,26,Standard,Monthly,701.59,12,9,232,188,21.8,20.9,3,1,27.5,1,0,51.0,2,1
CUST11960,35.0,36,Basic,Monthly,412.3,17,17,213,157,15.7,15.1,0,0,16.0,0,5,90.0,10,0
CUST11961,23.0,42,Premium,Monthly,1145.77,20,5,237,90,19.3,11.8,1,0,29.3,2,0,44.0,6,1
CUST11962,35.0,37,Premium,Monthly,1184.38,17,15,216,209,20.3,21.1,5,1,16.4,1,5,43.0,16,1
CUST11963,36.0,22,Premium,Monthly,1194.12,19,6,239,81,13.3,7.4,3,1,55.8,0,10,100.0,5,1
CUST11964,39.0,42,Standard,Monthly,575.68,13,5,222,47,15.6,8.6,0,0,20.1,2,0,18.0,9,0
CUST11965,42.0,12,Standard,Monthly,744.79,10,9,242,248,20.8,20.7,4,3,5.3,0,5,54.0,12,0
CUST11966,49.0,42,Standard,Monthly,708.02,9,6,234,198,29.0,30.6,0,0,9.7,1,5,82.0,8,0
CUST11967,58.0,13,Basic,Monthly,413.59,15,15,219,121,10.5,9.1,5,2,16.4,1,0,32.0,7,0
CUST11968,20.0,11,Standard,Annual,670.65,7,6,232,161,21.2,21.7,3,0,22.1,2,10,63.0,5,0
CUST11969,45.0,16,Standard,Monthly,731.24,12,12,203,145,25.3,23.6,2,2,12.1,0,0,46.0,12,0
CUST11970,27.0,8,Basic,Quarterly,353.24,19,19,255,210,18.6,16.4,1,1,5.2,1,0,15.0,7,0
CUST11971,52.0,40,Standard,Monthly,661.89,11,6,233,234,12.6,13.0,1,0,40.4,1,0,38.0,5,0
CUST11972,46.0,40,Premium,Annual,1233.56,14,4,238,55,17.7,12.3,1,0,24.7,1,5,41.0,11,1
CUST11973,32.0,45,Premium,Monthly,1218.64,17,14,203,135,12.2,12.6,0,0,33.3,1,5,26.0,7,0
CUST11974,50.0,2,Basic,Monthly,328.73,18,7,235,124,15.0,7.0,1,0,15.1,1,0,2.0,4,1
CUST11975,24.0,30,Basic,Monthly,485.76,8,5,241,212,20.3,22.3,2,0,10.2,1,15,32.0,6,0
CUST11976,29.0,30,Basic,Monthly,357.28,12,6,231,56,17.6,12.1,1,0,9.8,0,0,5.0,8,0
CUST11977,47.0,12,Premium,Monthly,1191.71,12,2,253,143,19.2,10.1,0,0,20.9,1,0,56.0,10,1
CUST11978,38.0,10,Basic,Monthly,495.07,10,6,225,176,11.0,11.4,2,0,16.5,1,0,56.0,10,1
CUST11979,48.0,44,Standard,Annual,585.71,21,20,243,254,14.3,12.7,1,0,18.1,0,0,10.0,8,0
CUST11980,41.0,11,Basic,Monthly,305.16,22,20,257,267,21.7,22.0,2,2,5.2,0,20,44.0,8,0
CUST11981,37.0,15,Standard,Monthly,723.31,17,16,237,170,8.0,6.9,2,1,18.2,0,10,8.0,8,0
CUST11982,54.0,16,Standard,Quarterly,562.68,16,7,234,71,10.0,7.6,1,0,24.0,2,10,33.0,4,1
CUST11983,21.0,17,Standard,Monthly,586.61,13,7,219,185,16.2,17.7,2,1,70.5,2,0,25.0,3,1
CUST11984,45.0,26,Basic,Annual,463.63,14,12,224,220,14.9,13.1,1,1,17.6,0,0,54.0,6,0
CUST11985,61.0,2,Standard,Monthly,676.51,13,14,224,160,22.6,22.6,1,0,21.0,0,20,2.0,9,0
CUST11986,37.0,12,Basic,Quarterly,519.78,15,11,199,202,3.6,3.2,4,0,4.3,0,0,67.0,6,0
CUST11987,41.0,26,Standard,Monthly,642.09,10,7,252,181,17.5,17.8,2,1,1.1,1,0,73.0,9,0
CUST11988,49.0,23,Premium,Annual,1181.48,14,9,244,209,26.2,24.1,4,0,25.3,0,0,38.0,5,0
CUST11989,58.0,18,Basic,Quarterly,428.73,13,12,211,192,20.0,18.5,1,0,25.2,3,0,8.0,5,1
CUST11990,53.0,32,Premium,Monthly,1224.93,23,20,248,179,8.8,8.2,1,1,4.2,1,10,-10.0,6,0
CUST11991,51.0,38,Standard,Monthly,684.98,8,5,236,171,32.6,29.4,3,0,59.8,0,0,69.0,6,1
CUST11992,53.0,47,Basic,Monthly,363.33,21,16,232,182,14.7,16.0,1,1,22.7,0,15,92.0,9,0
CUST11993,19.0,3,Standard,Annual,711.72,14,12,236,228,3.4,3.7,1,0,48.2,1,0,43.0,8,0
CUST11994,32.0,38,Basic,Monthly,474.73,11,9,197,118,22.9,24.4,0,0,20.7,1,0,13.0,10,1
CUST11995,51.0,3,Standard,Monthly,740.95,11,10,246,213,13.2,11.5,3,1,2.6,2,15,15.0,10,0
CUST11996,53.0,30,Standard,Monthly,664.21,10,1,229,102,29.2,13.8,2,2,22.9,1,5,72.0,4,1
CUST11997,23.0,1,Basic,Monthly,344.45,14,13,204,169,22.3,22.4,3,1,9.9,1,10,46.0,10,0
CUST11998,56.0,30,Standard,Monthly,660.9,15,7,215,87,30.8,17.9,1,0,12.7,0,0,18.0,11,0
CUST11999,59.0,45,Premium,Annual,1128.94,9,3,243,99,11.7,8.1,3,2,10.2,0,0,99.0,6,0
CUST12000,29.0,32,Premium,Monthly,1207.11,20,9,211,63,25.7,20.2,1,0,5.8,0,15,68.0,10,0
CUST12001,20.0,28,Standard,Annual,743.76,18,5,262,149,13.1,6.1,2,1,27.3,3,10,56.0,8,1
CUST12002,62.0,21,Premium,Monthly,1195.08,16,10,209,190,20.1,17.7,4,1,32.1,0,0,28.0,11,0
CUST12003,35.0,46,Standard,Monthly,793.59,18,17,256,158,19.0,20.4,1,0,16.4,0,0,73.0,8,0
CUST12004,57.0,13,Standard,Monthly,796.65,19,12,247,246,26.3,28.8,2,1,15.3,2,0,64.0,8,0
CUST12005,38.0,27,Premium,Monthly,1215.93,12,12,208,119,22.9,25.0,6,1,21.5,0,15,39.0,9,0
CUST12006,32.0,36,Standard,Annual,737.61,12,4,195,41,15.2,10.2,3,2,53.0,0,10,69.0,9,1
CUST12007,50.0,7,Standard,Annual,649.47,16,16,252,216,24.5,24.2,1,0,14.9,2,5,68.0,11,0
CUST12008,52.0,22,Standard,Monthly,679.16,11,9,241,158,17.4,17.4,3,1,20.1,0,10,49.0,4,0
CUST12009,43.0,10,Premium,Monthly,1268.97,13,5,225,103,22.2,13.9,2,1,6.9,0,15,13.0,5,0
CUST12010,25.0,39,Premium,Monthly,1167.14,12,3,257,41,19.8,16.8,2,0,4.2,0,10,16.0,5,1
CUST12011,53.0,15,Standard,Annual,672.2049999999999,16,17,225,154,16.7,16.9,2,0,10.9,1,0,2.0,9,0
CUST12012,65.0,15,Basic,Annual,460.19,14,6,249,53,10.1,7.3,2,0,54.5,0,0,75.0,14,1
CUST12013,47.0,4,Standard,Quarterly,740.34,14,10,227,222,19.2,17.9,3,1,5.2,1,10,5.0,8,0
CUST12014,40.0,32,Standard,Monthly,634.5,15,4,230,129,13.9,6.8,4,1,15.8,1,0,43.0,11,1
CUST12015,59.0,23,Basic,Monthly,381.84,11,4,217,52,10.6,8.8,2,2,14.2,1,10,2.0,9,0
CUST12016,61.0,6,Standard,Monthly,734.43,19,6,244,139,23.0,11.3,2,1,17.1,0,0,84.0,5,1
CUST12017,31.0,24,Standard,Monthly,644.78,13,12,255,170,14.2,14.8,2,1,38.2,2,0,13.0,10,0
CUST12018,31.0,20,Basic,Monthly,388.55,17,8,244,142,7.2,3.6,2,2,55.2,0,0,50.0,11,1
CUST12019,19.0,37,Basic,Monthly,440.37,16,4,214,125,18.0,9.3,2,0,21.1,0,0,3.0,2,0
CUST12020,54.0,20,Basic,Monthly,367.75,16,14,225,207,17.1,15.3,2,1,20.0,1,0,64.0,7,0
CUST12021,22.0,12,Premium,Annual,1152.45,17,14,260,197,17.6,17.9,2,1,7.9,1,0,69.0,9,0
CUST12022,55.0,33,Basic,Quarterly,299.96,16,14,221,137,17.6,17.7,3,0,2.5,2,0,42.0,7,0
CUST12023,62.0,28,Basic,Monthly,377.74,11,10,227,154,12.0,12.7,1,1,33.7,0,0,40.0,10,0
CUST12024,58.0,8,Standard,Monthly,741.52,20,13,234,208,15.6,14.3,3,1,21.9,0,15,62.0,5,0
CUST12025,64.0,1,Basic,Monthly,350.99,22,5,242,47,24.2,11.1,2,2,9.5,1,0,27.0,7,1
CUST12026,31.0,37,Basic,Quarterly,399.98,17,10,233,199,23.1,24.9,3,3,50.3,0,0,69.0,10,0
CUST12027,56.0,22,Basic,Quarterly,386.67,12,9,216,141,15.9,17.1,1,0,11.0,0,5,49.0,7,0
CUST12028,42.0,6,Standard,Quarterly,662.34,11,9,235,182,21.5,20.7,2,1,47.8,1,15,3.0,8,1
CUST12029,37.0,21,Standard,Quarterly,745.07,12,10,230,185,18.6,16.1,3,1,25.3,0,0,88.0,12,0
CUST12030,19.0,32,Standard,Monthly,789.32,14,5,239,140,16.0,9.2,1,1,12.3,0,0,47.0,5,1
CUST12031,56.0,35,Standard,Monthly,754.24,10,7,218,141,25.5,25.0,4,1,6.0,1,10,34.0,5,0
CUST12032,23.0,15,Premium,Monthly,1160.72,18,17,226,176,12.6,13.3,1,0,19.1,0,0,46.0,10,0
CUST12033,34.0,5,Standard,Monthly,808.58,14,11,214,192,19.8,20.4,3,0,3.2,0,15,24.0,6,0
CUST12034,42.0,46,Basic,Quarterly,454.08,21,14,269,278,8.0,7.0,2,0,21.3,0,5,38.0,8,0
CUST12035,45.0,48,Basic,Monthly,373.85,14,12,234,221,20.2,20.7,4,1,31.0,0,5,62.0,7,0
CUST12036,19.0,6,Standard,Monthly,656.36,13,4,248,88,14.0,7.2,1,0,4.7,4,5,59.0,9,0
CUST12037,52.0,25,Standard,Monthly,760.66,15,9,217,149,15.7,13.7,3,0,17.7,1,0,57.0,8,0
CUST12038,54.0,46,Basic,Annual,408.56,16,13,219,129,16.3,15.4,2,0,12.7,1,0,27.0,8,0
CUST12039,22.0,40,Standard,Monthly,652.21,17,6,238,87,4.7,3.5,2,1,46.0,0,0,20.0,8,0
CUST12040,18.0,29,Basic,Quarterly,390.85,12,9,240,162,8.3,8.8,2,0,10.6,0,10,52.0,6,0
CUST12041,57.0,7,Standard,Monthly,676.6,13,11,235,153,23.0,22.2,2,1,19.7,1,15,61.0,7,0
CUST12042,29.0,40,Standard,Monthly,653.68,11,11,213,140,18.6,18.6,1,0,1.4,0,0,24.0,9,0
CUST12043,53.0,13,Basic,Monthly,454.8,13,2,234,110,26.8,14.4,3,1,4.9,2,0,36.0,11,1
CUST12044,62.0,38,Standard,Quarterly,741.99,23,18,221,155,9.8,10.7,1,0,23.6,0,5,52.0,10,0
CUST12045,40.0,18,Basic,Monthly,445.12,18,7,230,57,23.1,16.8,1,0,32.1,1,0,40.0,5,1
CUST12046,64.0,2,Standard,Annual,744.36,12,8,242,167,20.8,22.1,1,0,12.7,1,0,71.0,6,1
CUST12047,48.0,8,Basic,Monthly,672.2049999999999,13,12,230,206,25.0,23.6,4,3,5.4,3,15,9.0,11,1
CUST12048,28.0,11,Premium,Monthly,1165.8,11,9,216,144,17.4,15.4,2,1,20.2,0,15,6.0,5,0
CUST12049,27.0,33,Basic,Annual,479.23,25,4,227,113,18.7,11.0,3,3,11.9,0,15,69.0,6,0
CUST12050,20.0,38,Premium,Monthly,1204.94,11,10,226,132,12.7,12.2,2,1,43.1,1,0,57.0,10,0
CUST12051,31.0,48,Standard,Monthly,618.12,15,15,214,171,16.4,14.8,2,0,19.0,0,0,44.0,7,0
CUST12052,33.0,27,Standard,Quarterly,710.93,18,12,219,213,15.1,13.2,1,1,33.5,4,5,34.0,2,0
CUST12053,27.0,20,Basic,Monthly,435.01,11,10,257,149,10.0,9.6,2,0,37.3,0,0,54.0,13,1
CUST12054,46.0,12,Premium,Quarterly,1227.82,16,15,209,172,18.8,19.1,5,0,8.2,1,0,47.0,11,0
CUST12055,27.0,43,Basic,Monthly,347.42,15,14,220,193,23.7,23.8,3,2,10.3,0,5,49.0,13,0
CUST12056,29.0,31,Basic,Monthly,502.77,22,18,241,204,25.1,26.2,1,0,4.8,1,10,40.0,9,0
CUST12057,47.0,27,Standard,Monthly,616.47,16,9,249,246,13.1,12.7,1,1,3.7,2,5,43.0,7,0
CUST12058,58.0,32,Basic,Annual,405.1,14,10,211,207,17.8,16.5,2,0,20.9,1,0,65.0,4,0
CUST12059,18.0,10,Basic,Monthly,494.51,15,11,239,138,17.2,16.9,0,0,26.8,0,5,65.0,6,0
CUST12060,22.0,3,Premium,Quarterly,1231.54,13,13,229,167,26.8,29.4,3,1,47.7,0,5,53.0,13,0
CUST12061,37.0,45,Premium,Annual,1244.99,5,5,258,228,28.7,24.7,3,0,26.8,1,0,42.0,5,0
CUST12062,25.0,27,Standard,Monthly,641.08,10,3,228,63,10.2,7.5,1,1,10.9,2,0,53.0,12,1
CUST12063,60.0,35,Premium,Monthly,1218.09,20,20,236,225,20.9,19.5,0,0,20.5,0,5,72.0,9,0
CUST12064,29.0,31,Standard,Monthly,696.99,18,7,220,121,21.2,15.5,1,0,28.7,1,0,38.0,9,1
CUST12065,18.0,15,Basic,Monthly,336.85,18,14,239,165,16.8,16.1,3,1,14.1,0,0,35.0,6,0
CUST12066,37.0,16,Standard,Monthly,746.58,12,8,201,187,10.4,10.5,2,1,7.3,0,0,54.0,11,0
CUST12067,45.0,13,Standard,Quarterly,653.93,14,14,206,162,22.2,21.8,0,0,3.9,2,15,60.0,3,0
CUST12068,60.0,35,Premium,Annual,1160.45,16,15,237,195,25.3,21.7,4,1,5.6,2,5,39.0,2,0
CUST12069,54.0,11,Basic,Annual,422.79,14,6,237,88,14.7,11.1,3,2,14.1,0,0,53.0,6,0
CUST12070,64.0,21,Standard,Annual,691.12,16,14,245,147,25.2,22.9,1,1,19.2,1,0,21.0,12,0
CUST12071,54.0,11,Basic,Annual,408.31,18,12,255,249,18.0,16.9,5,1,8.0,0,20,42.0,7,0
CUST12072,29.0,30,Basic,Monthly,387.75,12,9,244,240,26.5,24.6,2,2,17.6,1,20,81.0,7,1
CUST12073,54.0,48,Basic,Quarterly,476.72,10,7,227,178,26.5,28.2,1,1,5.3,1,0,43.0,8,0
CUST12074,61.0,35,Premium,Annual,1148.12,16,11,208,180,17.9,15.4,2,2,37.4,1,15,26.0,6,0
CUST12075,45.0,22,Premium,Monthly,1173.44,19,19,240,211,20.5,19.2,2,1,10.8,2,5,29.0,12,0
CUST12076,64.0,38,Standard,Annual,725.46,12,11,234,151,13.8,13.1,1,1,18.6,0,10,11.0,10,0
CUST12077,32.0,31,Standard,Monthly,644.66,16,11,219,133,8.3,8.3,1,0,40.6,1,0,83.0,6,0
CUST12078,23.0,14,Basic,Quarterly,672.2049999999999,11,7,224,126,19.5,20.4,0,0,9.7,0,0,17.0,8,0
CUST12079,61.0,24,Basic,Quarterly,406.58,16,7,223,39,9.2,5.8,3,1,22.4,0,5,-10.0,5,1
CUST12080,37.0,32,Basic,Annual,446.7,15,11,222,160,30.6,31.7,1,0,25.1,3,0,7.0,8,0
CUST12081,31.0,36,Standard,Monthly,753.88,13,11,214,127,24.8,22.3,3,1,22.6,1,15,43.0,6,0
CUST12082,19.0,32,Standard,Quarterly,704.05,27,19,214,168,17.1,18.4,1,0,17.2,1,10,24.0,6,0
CUST12083,26.0,15,Standard,Monthly,662.03,25,20,242,142,34.0,32.4,2,1,18.0,2,10,45.0,3,0
CUST12084,54.0,43,Basic,Monthly,414.16,23,17,226,134,14.2,12.1,1,1,51.1,3,0,51.0,9,0
CUST12085,37.0,35,Basic,Quarterly,430.14,15,11,228,181,15.6,15.9,4,2,2.7,1,5,26.0,9,0
CUST12086,43.0,3,Basic,Monthly,413.4,12,7,221,42,15.6,12.7,3,1,1.9,1,0,19.0,6,0
CUST12087,46.0,16,Standard,Quarterly,766.88,20,14,225,189,17.6,15.5,5,4,35.3,0,15,65.0,13,0
CUST12088,18.0,5,Premium,Monthly,1143.22,21,8,234,95,16.1,11.3,1,0,26.9,1,5,49.0,13,1
CUST12089,52.0,21,Standard,Monthly,660.67,17,13,244,216,20.7,20.5,4,1,20.9,1,0,-10.0,6,0
CUST12090,23.0,10,Premium,Quarterly,1259.24,15,10,244,187,12.0,11.6,0,0,18.0,2,5,4.0,12,0
CUST12091,54.0,19,Standard,Monthly,617.98,17,11,259,226,18.8,17.8,5,4,10.8,1,0,-3.0,15,0
CUST12092,22.0,25,Standard,Monthly,669.33,18,13,260,183,14.7,13.3,3,1,33.8,0,0,38.0,5,0
CUST12093,50.0,4,Basic,Annual,358.77,17,17,251,193,18.4,20.0,4,1,19.8,1,0,47.0,7,0
CUST12094,31.0,29,Premium,Monthly,1112.97,16,15,182,136,11.5,11.8,1,0,9.9,2,15,38.0,8,0
CUST12095,29.0,19,Standard,Quarterly,688.71,9,8,231,165,12.8,12.7,2,0,24.8,0,5,26.0,6,0
CUST12096,59.0,43,Basic,Monthly,440.05,14,3,228,31,30.8,20.7,2,2,15.9,1,0,68.0,5,1
CUST12097,37.0,2,Standard,Monthly,707.6,19,15,221,130,12.5,13.2,4,1,12.4,0,0,50.0,7,0
CUST12098,41.0,10,Standard,Monthly,742.98,21,14,225,181,21.1,21.3,2,1,11.9,1,5,19.0,9,0
CUST12099,60.0,43,Standard,Monthly,764.56,9,5,215,176,14.8,13.0,3,2,84.6,0,5,21.0,5,1
CUST12100,51.0,25,Premium,Monthly,1177.79,17,12,248,178,11.9,12.2,1,0,4.6,0,0,23.0,5,0
CUST12101,42.0,20,Standard,Monthly,844.58,14,11,244,253,18.4,18.2,2,0,24.1,0,5,33.0,5,0
CUST12102,46.0,48,Standard,Monthly,680.0,8,5,228,189,12.8,14.0,3,2,14.5,0,0,43.0,10,0
CUST12103,56.0,19,Basic,Monthly,387.31,13,8,225,224,21.1,21.8,1,1,25.2,0,15,52.0,3,0
CUST12104,48.0,23,Basic,Monthly,360.08,18,12,225,188,17.3,16.1,3,0,86.5,0,0,21.0,6,1
CUST12105,64.0,24,Basic,Monthly,429.0,18,13,225,145,26.0,23.0,3,2,49.4,2,15,8.0,7,1
CUST12106,60.0,11,Basic,Monthly,383.02,15,4,234,57,10.2,4.9,0,0,20.7,0,5,52.0,8,1
CUST12107,40.0,46,Standard,Annual,694.66,16,10,239,237,19.7,20.0,3,1,55.4,0,15,63.0,14,0
CUST12108,61.0,34,Standard,Quarterly,687.71,18,12,255,200,20.2,18.1,2,0,31.8,0,5,85.0,8,0
CUST12109,55.0,28,Basic,Quarterly,386.47,15,3,238,80,12.0,7.7,5,1,29.6,0,15,52.0,9,0
CUST12110,37.0,5,Premium,Monthly,1207.71,20,12,264,175,14.0,14.8,1,0,17.7,0,0,24.0,4,0
CUST12111,40.0,5,Basic,Annual,374.24,15,11,221,211,9.5,8.4,1,0,39.6,0,0,57.0,10,0
CUST12112,62.0,21,Basic,Quarterly,376.82,14,8,219,128,8.6,8.9,4,1,27.1,0,0,38.0,9,1
CUST12113,33.0,12,Basic,Quarterly,458.01,18,4,247,36,17.3,8.1,2,1,13.1,1,0,8.0,8,1
CUST12114,59.0,4,Standard,Monthly,682.86,16,6,213,75,22.8,17.3,4,2,33.4,0,15,41.0,7,1
CUST12115,25.0,42,Basic,Annual,420.1,18,8,250,129,17.2,9.8,1,1,14.7,2,0,43.0,7,1
CUST12116,38.0,20,Standard,Annual,650.08,13,8,218,197,17.5,17.6,0,0,6.4,0,20,78.0,9,0
CUST12117,18.0,38,Standard,Annual,674.54,15,10,255,230,10.2,11.2,2,0,6.9,0,10,44.0,7,0
CUST12118,25.0,25,Premium,Monthly,1131.21,17,2,256,117,5.4,4.0,3,1,26.3,2,15,22.0,6,1
CUST12119,46.0,14,Basic,Monthly,500.99,12,13,225,178,20.1,18.3,2,0,32.2,0,0,-5.0,12,0
CUST12120,49.0,11,Basic,Monthly,474.65,12,12,247,239,14.0,12.2,1,1,14.1,1,0,11.0,15,1
CUST12121,55.0,32,Basic,Monthly,431.75,13,5,218,42,7.2,4.6,0,0,9.5,0,0,18.0,4,1
CUST12122,22.0,11,Standard,Annual,817.31,7,6,219,188,14.7,12.5,1,1,14.1,0,10,84.0,6,0
CUST12123,64.0,18,Basic,Monthly,441.37,13,5,245,46,19.5,15.8,2,0,4.6,1,20,37.0,5,0
CUST12124,39.0,27,Premium,Monthly,1189.54,14,7,230,71,20.4,10.2,1,0,33.6,0,0,40.0,6,0
CUST12125,64.0,18,Standard,Monthly,719.49,21,19,243,255,19.2,17.8,3,1,11.2,3,10,70.0,8,0
CUST12126,51.0,23,Standard,Monthly,773.84,15,9,235,192,13.8,12.9,2,0,22.0,1,0,57.0,11,0
CUST12127,18.0,11,Standard,Monthly,650.58,10,8,220,158,21.6,22.4,2,1,23.2,0,20,35.0,10,0
CUST12128,43.0,21,Basic,Quarterly,334.5,14,12,235,213,17.9,16.4,1,0,23.9,0,15,71.0,9,1
CUST12129,60.0,44,Basic,Monthly,421.33,14,12,221,190,12.7,11.7,3,1,40.0,1,0,25.0,11,1
CUST12130,27.0,5,Basic,Monthly,366.72,9,9,231,154,11.3,11.1,1,0,28.0,0,10,49.0,4,0
CUST12131,47.0,23,Standard,Monthly,574.71,14,13,240,237,19.2,18.5,0,0,20.6,2,10,11.0,9,1
CUST12132,35.0,41,Basic,Monthly,330.64,18,17,253,148,23.2,25.3,7,0,20.7,0,10,49.0,4,0
CUST12133,34.0,25,Basic,Monthly,381.87,20,15,231,197,21.6,19.7,3,1,4.7,0,0,67.0,11,1
CUST12134,43.0,41,Premium,Quarterly,1201.65,16,9,222,175,19.0,16.6,2,0,23.9,1,10,64.0,9,0
CUST12135,25.0,10,Basic,Quarterly,403.29,12,11,223,158,21.8,21.5,4,0,24.4,0,0,65.0,11,0
CUST12136,64.0,22,Premium,Quarterly,1309.29,14,15,232,223,32.2,28.9,3,2,19.9,0,5,100.0,5,0
CUST12137,57.0,19,Standard,Quarterly,687.58,15,11,231,203,19.7,18.8,0,0,23.6,0,0,35.0,7,0
CUST12138,29.0,1,Basic,Monthly,414.3,12,13,225,209,18.9,17.0,1,1,41.0,1,5,19.0,7,1
CUST12139,44.0,7,Basic,Annual,309.58,16,6,237,38,21.3,13.7,1,0,46.7,1,15,53.0,13,1
CUST12140,25.0,4,Basic,Annual,397.29,14,10,233,238,22.5,21.0,0,0,34.9,1,0,20.0,5,0
CUST12141,42.0,1,Standard,Annual,717.38,12,8,241,174,10.0,10.4,4,1,27.4,0,15,14.0,8,1
CUST12142,63.0,15,Standard,Monthly,623.36,9,3,221,62,19.1,13.9,2,0,31.6,0,0,36.0,9,1
CUST12143,21.0,40,Standard,Annual,647.63,18,17,215,219,24.0,26.1,1,1,59.1,1,0,92.0,8,0
CUST12144,50.0,12,Premium,Annual,1225.9,16,12,214,127,28.5,27.9,4,3,32.9,0,0,59.0,7,0
CUST12145,18.0,22,Standard,Annual,668.95,14,14,232,140,18.1,19.9,3,1,11.4,0,5,52.0,10,0
CUST12146,36.0,22,Basic,Monthly,393.36,14,12,235,246,15.3,15.5,1,0,10.8,0,0,0.0,5,1
CUST12147,42.0,47,Basic,Quarterly,428.74,28,20,224,232,19.0,16.8,3,0,16.4,1,15,26.0,14,0
CUST12148,33.0,17,Premium,Annual,1311.03,13,12,201,188,14.1,15.2,2,1,29.4,2,0,78.0,9,0
CUST12149,31.0,29,Basic,Quarterly,386.8,8,1,224,119,27.4,15.8,3,2,14.0,0,5,35.0,3,1
CUST12150,65.0,46,Basic,Monthly,496.31,6,6,227,182,20.9,18.5,2,0,11.0,0,5,97.0,8,0
CUST12151,22.0,14,Standard,Annual,591.27,20,13,233,158,17.7,18.5,3,1,29.5,0,0,53.0,11,0
CUST12152,58.0,20,Standard,Monthly,707.16,10,7,250,192,24.7,24.8,2,0,8.5,2,15,38.0,7,1
CUST12153,43.0,48,Premium,Monthly,1180.63,11,9,217,166,11.1,11.9,0,0,10.3,1,0,34.0,10,0
CUST12154,45.0,33,Standard,Monthly,669.71,13,13,218,124,5.6,5.9,0,0,14.8,1,10,40.0,2,1
CUST12155,19.0,43,Basic,Annual,435.19,12,10,226,176,20.5,19.1,1,1,4.3,0,0,6.0,9,0
CUST12156,23.0,15,Premium,Monthly,1187.2,21,18,218,172,24.4,22.3,4,2,2.4,0,0,66.0,10,0
CUST12157,26.0,12,Basic,Monthly,287.63,17,4,210,74,17.1,10.9,4,1,12.7,0,15,53.0,7,1
CUST12158,50.0,40,Basic,Quarterly,311.64,14,4,240,40,13.9,7.0,1,0,52.4,0,5,36.0,7,1
CUST12159,58.0,20,Standard,Quarterly,738.71,14,13,217,213,12.3,10.6,4,1,4.7,0,5,39.0,15,0
CUST12160,42.0,30,Basic,Monthly,308.95,18,7,232,82,10.6,8.7,2,0,20.1,0,0,62.0,12,1
CUST12161,65.0,38,Standard,Annual,740.19,16,10,248,187,22.0,19.5,3,2,44.9,2,0,93.0,11,0
CUST12162,30.0,3,Basic,Annual,405.86,17,12,220,184,22.9,22.8,1,0,0.7,0,10,80.0,9,0
CUST12163,26.0,28,Standard,Monthly,689.63,13,9,242,158,23.5,20.5,1,1,14.6,0,5,43.0,10,0
CUST12164,30.0,26,Standard,Monthly,672.2049999999999,18,12,225,168,18.0,16.3,4,1,23.1,1,0,21.0,9,1
CUST12165,48.0,30,Standard,Monthly,727.31,16,11,246,220,11.1,10.9,2,0,56.1,2,0,4.0,3,1
CUST12166,58.0,13,Premium,Monthly,1134.24,11,7,218,165,13.7,12.1,2,0,16.7,0,15,45.0,11,0
CUST12167,28.0,13,Basic,Monthly,401.33,20,7,239,133,21.6,17.7,2,1,30.3,1,15,22.0,11,0
CUST12168,21.0,2,Standard,Annual,672.2049999999999,15,13,223,191,11.8,12.7,4,1,5.1,0,0,46.0,3,0
CUST12169,51.0,37,Standard,Annual,708.0,18,6,228,49,17.4,14.1,2,0,19.3,1,10,49.0,8,1
CUST12170,55.0,38,Basic,Monthly,434.56,16,7,247,40,11.9,9.6,3,0,38.8,0,0,60.0,5,1
CUST12171,63.0,2,Standard,Monthly,708.13,11,10,234,218,13.8,14.8,4,1,20.3,1,10,13.0,10,0
CUST12172,21.0,36,Standard,Monthly,732.47,14,9,232,202,11.1,10.1,2,0,8.5,0,0,20.0,6,0
CUST12173,55.0,26,Basic,Monthly,360.5,18,8,249,65,18.1,9.7,2,1,1.5,0,10,34.0,7,0
CUST12174,36.0,11,Standard,Monthly,695.58,14,10,230,213,9.2,8.7,4,2,3.2,0,5,49.0,11,0
CUST12175,23.0,8,Basic,Annual,385.91,15,12,221,128,13.4,13.9,1,0,8.8,0,0,47.0,5,0
CUST12176,51.0,44,Standard,Annual,682.31,13,2,227,126,23.1,18.0,0,0,6.1,0,5,100.0,7,0
CUST12177,35.0,40,Basic,Monthly,354.96,10,9,246,215,24.3,22.2,1,0,25.8,1,0,-10.0,13,0
CUST12178,30.0,43,Premium,Annual,1175.25,11,11,233,156,22.0,22.1,4,2,11.7,0,0,70.0,7,0
CUST12179,58.0,22,Standard,Monthly,637.8,20,18,240,203,26.5,27.5,2,1,18.1,0,0,68.0,11,0
CUST12180,42.0,20,Standard,Quarterly,605.82,18,11,225,213,10.1,9.9,1,1,6.1,0,20,19.0,10,0
CUST12181,36.0,8,Standard,Monthly,660.46,16,4,227,123,17.5,12.2,3,2,38.4,0,15,30.0,6,1
CUST12182,62.0,29,Premium,Monthly,1233.43,14,3,239,81,18.5,8.8,2,0,31.4,2,10,86.0,9,1
CUST12183,28.0,40,Standard,Annual,711.87,11,2,221,97,29.7,20.7,1,1,4.6,0,15,26.0,10,1
CUST12184,18.0,26,Basic,Monthly,329.89,8,8,239,149,16.6,16.5,2,0,30.3,0,5,27.0,3,0
CUST12185,41.0,30,Standard,Quarterly,676.67,12,6,271,98,22.8,11.9,0,0,20.7,1,0,45.0,13,0
CUST12186,24.0,17,Premium,Monthly,1237.09,15,15,205,184,28.2,30.2,1,0,19.9,0,15,55.0,6,1
CUST12187,42.0,20,Standard,Monthly,674.33,15,5,219,126,18.8,10.4,1,0,19.4,1,0,67.0,4,0
CUST12188,38.0,16,Standard,Monthly,621.02,21,18,200,138,15.2,16.6,0,0,6.0,0,20,68.0,8,0
CUST12189,32.0,46,Premium,Monthly,1323.17,18,2,210,53,15.7,9.6,3,0,29.6,0,5,62.0,14,1
CUST12190,18.0,43,Premium,Quarterly,1189.82,10,8,231,186,7.7,7.9,2,0,54.3,2,5,-6.0,4,0
CUST12191,29.0,7,Premium,Monthly,1135.0,8,8,190,110,15.2,16.2,4,1,12.6,4,0,41.0,13,0
CUST12192,24.0,16,Basic,Quarterly,408.42,14,14,234,236,9.5,8.2,3,1,17.8,0,0,59.0,7,1
CUST12193,32.0,45,Standard,Quarterly,694.29,17,11,211,197,22.7,24.5,4,2,5.7,0,10,59.0,9,0
CUST12194,38.0,47,Standard,Quarterly,614.22,13,6,226,35,8.6,6.1,2,0,40.4,0,0,24.0,8,0
CUST12195,36.0,48,Standard,Monthly,704.14,14,14,243,187,20.4,17.6,2,0,8.0,0,0,16.0,9,0
CUST12196,46.0,27,Standard,Annual,753.11,16,13,236,243,24.8,22.6,2,1,23.0,1,0,15.0,16,0
CUST12197,42.0,23,Basic,Monthly,386.19,8,8,253,237,22.4,22.3,3,1,27.6,2,5,54.0,6,1
CUST12198,50.0,24,Standard,Monthly,585.69,13,6,220,67,15.1,10.8,0,0,13.4,0,5,67.0,11,0
CUST12199,49.0,9,Standard,Monthly,717.81,11,2,212,95,22.6,16.5,3,3,25.0,1,0,46.0,8,1
CUST12200,52.0,35,Basic,Monthly,432.16,12,7,236,163,18.1,18.2,1,0,2.6,0,0,15.0,8,0
CUST12201,61.0,20,Standard,Monthly,666.75,15,9,202,131,15.3,14.7,4,1,20.8,0,5,46.0,6,0
CUST12202,55.0,37,Basic,Quarterly,367.15,19,11,233,160,15.8,16.8,5,2,21.3,0,0,18.0,12,0
CUST12203,43.0,42,Basic,Monthly,523.18,12,12,235,164,20.7,18.9,2,1,38.9,2,0,24.0,6,0
CUST12204,28.0,17,Basic,Monthly,362.8,17,13,209,192,8.7,8.0,6,2,6.3,1,5,33.0,6,1
CUST12205,52.0,47,Standard,Quarterly,637.3,17,10,249,154,15.0,13.0,5,2,17.2,0,10,22.0,5,0
CUST12206,25.0,31,Standard,Monthly,700.38,15,11,245,230,20.2,19.9,3,1,31.4,1,5,14.0,6,0
CUST12207,63.0,8,Standard,Monthly,730.62,16,12,251,204,14.9,14.1,1,0,8.3,0,5,81.0,8,0
CUST12208,31.0,15,Standard,Monthly,728.28,10,10,248,184,10.2,9.6,1,0,17.4,3,5,-5.0,9,0
CUST12209,27.0,31,Premium,Quarterly,1063.26,12,11,219,153,12.7,12.2,3,0,9.3,0,0,27.0,2,0
CUST12210,19.0,30,Basic,Monthly,362.66,20,18,233,188,19.0,20.2,2,1,3.6,1,0,43.0,3,0
CUST12211,63.0,46,Basic,Monthly,462.41,15,8,257,182,20.9,18.3,1,0,6.3,0,0,73.0,8,0
CUST12212,26.0,20,Premium,Monthly,1216.97,23,10,223,54,24.5,15.1,1,1,17.5,2,20,49.0,7,1
CUST12213,20.0,39,Basic,Quarterly,331.03,19,12,234,215,22.7,20.4,3,0,47.7,0,0,35.0,10,1
CUST12214,38.0,12,Premium,Quarterly,1267.33,10,9,223,192,22.6,20.4,2,0,59.3,2,10,23.0,7,0
CUST12215,43.0,17,Premium,Annual,1252.07,15,9,208,192,6.5,5.9,2,0,29.3,2,10,71.0,9,0
CUST12216,25.0,42,Standard,Monthly,682.69,12,4,233,45,22.5,14.0,1,1,10.0,1,10,22.0,7,0
CUST12217,65.0,30,Premium,Monthly,1247.37,17,9,204,195,14.9,14.5,5,2,3.5,1,0,47.0,6,0
CUST12218,19.0,29,Basic,Monthly,508.99,8,2,234,76,9.4,4.8,2,1,6.3,1,5,38.0,10,0
CUST12219,23.0,19,Basic,Monthly,341.01,14,12,222,233,21.3,22.9,1,0,29.6,1,0,54.0,7,0
CUST12220,45.0,46,Standard,Monthly,729.55,16,9,225,177,19.1,19.0,3,1,22.0,0,0,81.0,9,0
CUST12221,46.0,11,Standard,Monthly,808.23,10,5,242,55,23.3,10.7,1,1,18.3,1,0,60.0,8,1
CUST12222,43.0,34,Premium,Monthly,1234.92,17,8,195,36,14.8,12.5,1,1,33.7,0,10,39.0,6,0
CUST12223,42.0,7,Basic,Quarterly,357.51,16,10,243,202,18.0,18.8,1,0,32.1,1,5,84.0,5,0
CUST12224,29.0,44,Standard,Monthly,712.14,14,4,217,116,7.2,4.6,4,0,22.3,1,10,81.0,9,0
CUST12225,22.0,34,Standard,Quarterly,774.34,15,11,212,140,29.8,25.4,0,0,8.5,1,15,70.0,5,0
CUST12226,51.0,20,Standard,Monthly,643.13,12,12,223,170,10.0,10.4,4,1,14.2,0,5,49.0,10,0
CUST12227,65.0,38,Basic,Monthly,397.34,22,15,229,141,13.1,14.0,3,2,3.9,0,0,23.0,5,0
CUST12228,54.0,24,Standard,Monthly,685.61,15,16,257,165,11.8,11.8,2,1,18.5,0,15,-10.0,6,0
CUST12229,32.0,10,Premium,Monthly,1164.27,14,6,226,120,19.2,13.5,3,0,9.9,0,0,47.0,10,1
CUST12230,61.0,32,Basic,Monthly,412.29,14,10,240,133,12.9,13.5,2,0,4.3,1,0,61.0,15,0
CUST12231,53.0,15,Premium,Monthly,1193.46,8,5,241,240,24.5,23.9,1,0,15.2,2,0,9.0,11,0
CUST12232,32.0,37,Standard,Annual,734.38,14,12,207,179,19.9,21.0,2,1,14.5,1,5,52.0,11,0
CUST12233,60.0,20,Standard,Quarterly,761.75,11,7,235,181,9.1,9.5,4,2,20.0,0,15,31.0,10,0
CUST12234,65.0,3,Standard,Monthly,628.99,17,15,241,172,22.7,24.5,3,0,26.3,2,5,55.0,11,0
CUST12235,40.0,37,Basic,Annual,402.71,16,2,217,102,23.5,12.9,5,1,13.4,2,0,27.0,9,0
CUST12236,23.0,40,Standard,Quarterly,696.08,15,11,248,251,13.6,13.4,3,0,5.5,0,5,24.0,5,0
CUST12237,63.0,8,Premium,Quarterly,1210.19,14,14,216,196,11.1,9.6,2,2,41.8,0,10,40.0,7,0
CUST12238,61.0,40,Standard,Annual,698.15,15,14,246,177,20.4,17.4,1,0,40.1,1,10,13.0,8,0
CUST12239,60.0,44,Premium,Monthly,1145.06,16,2,227,34,22.0,11.4,2,0,9.4,0,0,66.0,8,0
CUST12240,62.0,23,Standard,Monthly,779.01,10,9,213,152,12.0,11.2,1,0,23.1,1,0,43.0,8,0
CUST12241,38.0,40,Basic,Monthly,502.44,9,4,208,112,23.5,18.7,2,1,44.2,0,0,13.0,11,1
CUST12242,40.0,11,Standard,Monthly,729.08,11,7,218,206,14.6,14.1,2,1,24.0,1,5,27.0,7,1
CUST12243,60.0,46,Premium,Monthly,1231.9,12,9,195,177,25.1,23.0,5,0,14.3,1,10,57.0,7,0
CUST12244,33.0,8,Basic,Monthly,406.21,14,10,257,205,8.5,8.5,3,0,13.6,2,5,34.0,7,0
CUST12245,64.0,29,Premium,Annual,1252.31,17,7,236,93,13.6,11.1,0,0,4.4,1,0,60.0,7,0
CUST12246,32.0,30,Premium,Annual,1064.63,17,16,222,142,16.7,15.3,1,0,6.1,1,0,17.0,7,0
CUST12247,42.0,10,Standard,Annual,698.79,15,7,232,100,12.1,5.5,1,0,10.8,1,5,35.0,7,0
CUST12248,53.0,39,Basic,Annual,367.51,14,9,246,223,17.8,18.1,2,0,13.8,2,0,40.0,10,1
CUST12249,28.0,28,Standard,Annual,707.02,15,4,220,67,15.9,11.5,0,0,14.1,1,5,98.0,10,1
CUST12250,32.0,36,Basic,Monthly,459.09,17,17,218,161,16.7,15.6,3,2,74.1,0,15,24.0,11,1
CUST12251,21.0,13,Standard,Monthly,700.05,14,13,209,175,15.6,16.6,3,2,14.1,1,0,58.0,14,0
CUST12252,38.0,32,Standard,Monthly,679.17,13,7,218,160,10.3,9.8,2,1,13.1,1,0,54.0,7,0
CUST12253,30.0,36,Standard,Annual,621.82,14,3,214,46,17.9,13.0,2,0,13.3,1,15,86.0,13,0
CUST12254,39.0,37,Standard,Monthly,692.99,11,7,200,171,17.2,17.4,4,0,7.4,0,0,76.0,7,0
CUST12255,36.0,26,Standard,Quarterly,735.98,14,12,215,158,11.9,12.9,3,2,28.9,0,20,30.0,5,0
CUST12256,51.0,22,Standard,Monthly,652.74,15,12,243,147,25.5,24.9,4,2,22.9,3,15,16.0,6,0
CUST12257,31.0,4,Standard,Monthly,588.82,13,7,232,102,19.9,10.7,1,1,14.5,2,0,7.0,4,0
CUST12258,21.0,31,Standard,Quarterly,824.08,12,8,237,193,22.3,21.5,2,1,4.9,1,5,48.0,10,0
CUST12259,65.0,18,Standard,Monthly,717.43,13,11,212,135,13.1,11.9,2,2,37.2,1,0,67.0,10,0
CUST12260,63.0,38,Premium,Monthly,1186.81,13,12,224,223,4.1,3.7,2,1,50.4,1,0,71.0,7,1
CUST12261,44.0,24,Standard,Monthly,775.5,22,20,260,251,28.5,25.2,1,0,17.3,0,5,35.0,8,0
CUST12262,46.0,23,Standard,Monthly,706.78,15,11,254,184,19.0,16.3,2,0,1.9,0,0,43.0,7,0
CUST12263,64.0,22,Standard,Quarterly,772.26,15,13,249,240,20.2,19.9,1,0,12.8,0,20,78.0,5,1
CUST12264,45.0,2,Basic,Monthly,467.55,16,7,228,40,19.9,10.7,4,2,10.5,0,5,23.0,4,1
CUST12265,52.0,31,Basic,Monthly,328.9,16,12,245,154,20.4,21.7,4,1,28.6,0,10,-10.0,8,0
CUST12266,25.0,11,Premium,Monthly,1224.3,16,16,231,198,11.6,12.7,1,0,33.9,1,0,71.0,8,1
CUST12267,33.0,28,Standard,Annual,793.89,16,5,223,124,11.8,5.7,1,1,11.6,1,10,13.0,13,1
CUST12268,59.0,46,Standard,Monthly,644.07,15,14,229,136,11.8,11.4,1,0,6.9,0,0,35.0,11,0
CUST12269,53.0,32,Standard,Quarterly,644.75,8,6,226,160,21.3,20.0,4,1,9.6,0,5,53.0,7,0
CUST12270,47.0,5,Basic,Quarterly,354.05,16,4,232,116,10.7,6.3,2,0,28.3,2,15,30.0,10,1
CUST12271,35.0,38,Standard,Monthly,747.97,18,7,218,92,8.8,6.0,3,2,22.5,0,5,69.0,8,0
CUST12272,19.0,10,Standard,Annual,714.64,15,9,240,172,14.1,13.2,2,1,19.8,1,0,100.0,7,0
CUST12273,30.0,40,Standard,Quarterly,592.53,12,2,235,83,16.4,10.1,4,2,32.4,3,0,22.0,9,1
CUST12274,21.0,46,Standard,Monthly,672.2049999999999,13,6,263,33,17.7,14.0,1,0,32.3,0,15,45.0,10,1
CUST12275,43.0,24,Basic,Monthly,385.14,22,20,222,125,15.1,14.9,2,2,34.9,1,10,42.0,7,0
CUST12276,42.0,35,Basic,Annual,392.82,19,15,231,164,20.9,21.5,0,0,18.6,0,5,50.0,13,0
CUST12277,47.0,44,Premium,Quarterly,1152.96,14,11,248,239,25.0,27.1,5,1,20.7,1,10,27.0,7,0
CUST12278,28.0,48,Standard,Monthly,718.15,15,13,224,168,18.3,19.1,1,0,22.7,2,15,26.0,4,0
CUST12279,24.0,23,Standard,Monthly,756.78,17,16,237,180,25.0,23.1,4,1,19.9,0,0,26.0,4,0
CUST12280,48.0,17,Basic,Annual,363.69,13,10,235,184,21.3,22.1,1,0,7.6,0,15,30.0,7,0
CUST12281,61.0,1,Basic,Quarterly,306.46,17,11,208,193,12.3,11.8,1,1,44.8,0,10,31.0,8,0
CUST12282,27.0,31,Standard,Quarterly,682.33,12,2,222,129,12.9,8.7,1,0,8.6,0,5,-10.0,9,0
CUST12283,56.0,31,Standard,Monthly,740.6,26,14,214,122,12.6,8.8,2,1,16.0,0,0,44.0,15,0
CUST12284,30.0,42,Standard,Quarterly,675.84,11,7,226,148,16.9,15.4,2,1,12.3,0,15,34.0,6,0
CUST12285,48.0,42,Basic,Monthly,316.63,14,12,233,150,16.3,14.9,3,0,10.8,1,10,24.0,9,1
CUST12286,24.0,34,Standard,Monthly,740.98,16,2,233,83,21.6,12.9,3,3,45.9,1,20,44.0,10,1
CUST12287,59.0,9,Basic,Quarterly,476.84,6,2,258,127,17.1,14.1,2,1,61.9,1,5,42.0,11,1
CUST12288,59.0,22,Basic,Annual,400.1,8,7,238,165,19.5,19.9,1,0,17.1,0,0,32.0,4,0
CUST12289,53.0,13,Standard,Monthly,610.68,13,2,222,41,11.0,8.5,5,0,16.4,1,0,42.0,6,1
CUST12290,37.0,25,Basic,Monthly,381.52,12,9,257,187,19.4,18.2,2,1,10.0,0,10,27.0,4,0
CUST12291,21.0,48,Basic,Quarterly,407.33,15,4,230,127,15.1,7.0,4,0,11.2,0,5,13.0,7,1
CUST12292,24.0,18,Standard,Monthly,654.47,19,4,208,71,14.7,8.5,6,1,15.4,0,0,91.0,8,0
CUST12293,18.0,12,Standard,Annual,731.09,17,10,231,240,14.1,12.3,1,0,30.7,0,0,30.0,6,0
CUST12294,61.0,40,Premium,Quarterly,1149.09,22,12,193,199,27.1,27.8,3,1,19.4,0,0,49.0,4,0
CUST12295,62.0,17,Standard,Monthly,700.41,18,14,241,229,10.9,10.7,4,2,30.8,0,0,100.0,6,0
CUST12296,59.0,15,Basic,Annual,386.44,15,9,234,240,22.1,22.2,5,2,41.0,0,15,32.0,5,0
CUST12297,64.0,42,Basic,Quarterly,432.87,16,13,224,146,17.7,18.3,5,0,44.3,0,15,54.0,8,0
CUST12298,30.0,15,Premium,Annual,1198.22,9,6,240,222,9.8,10.0,2,1,18.6,0,15,100.0,6,0
CUST12299,39.0,15,Standard,Quarterly,688.19,14,10,227,161,16.2,14.2,2,1,48.7,1,0,1.0,9,0
CUST12300,38.0,39,Standard,Annual,654.84,11,10,256,234,4.0,4.2,3,0,7.3,1,0,75.0,7,0
CUST12301,39.0,13,Basic,Monthly,400.91,13,2,236,103,28.3,17.2,4,1,26.0,0,0,48.0,10,1
CUST12302,45.0,17,Standard,Monthly,684.69,18,17,209,145,15.8,16.2,3,2,13.1,0,0,29.0,12,0
CUST12303,26.0,32,Basic,Annual,351.12,11,9,268,276,24.7,22.6,3,2,45.8,1,0,43.0,5,0
CUST12304,43.0,9,Standard,Monthly,707.77,18,9,221,62,26.1,16.7,1,0,52.3,1,20,33.0,6,0
CUST12305,26.0,40,Premium,Monthly,1219.02,20,7,217,69,14.6,8.2,1,0,11.7,0,15,81.0,14,1
CUST12306,32.0,20,Premium,Quarterly,1180.39,9,9,213,189,18.2,17.2,4,1,29.6,2,0,42.0,5,0
CUST12307,27.0,26,Standard,Annual,750.24,18,15,234,164,19.1,19.0,2,1,18.2,2,0,59.0,6,0
CUST12308,41.0,27,Standard,Monthly,713.52,13,2,225,54,29.4,24.2,1,1,13.5,0,0,29.0,7,1
CUST12309,59.0,21,Premium,Annual,1128.39,9,4,223,77,16.9,9.2,1,0,31.9,1,10,49.0,9,0
CUST12310,25.0,18,Standard,Quarterly,772.56,8,7,218,220,17.7,15.3,2,0,18.7,0,10,32.0,5,1
CUST12311,41.0,13,Basic,Monthly,441.18,14,13,239,247,9.6,8.9,1,0,34.0,0,5,7.0,23,1
CUST12312,33.0,16,Standard,Annual,754.1,18,5,207,76,12.6,9.9,4,4,12.5,0,15,75.0,9,0
CUST12313,43.0,9,Basic,Monthly,421.03,13,11,234,228,15.0,14.6,2,2,16.0,1,0,51.0,11,0
CUST12314,44.0,12,Standard,Monthly,570.43,19,5,248,94,25.8,16.4,2,2,11.0,1,0,61.0,8,0
CUST12315,54.0,44,Standard,Monthly,759.09,21,17,203,151,29.4,27.8,4,2,31.7,2,0,24.0,6,0
CUST12316,21.0,38,Standard,Monthly,702.34,13,8,266,190,21.0,22.0,0,0,9.5,0,0,72.0,9,0
CUST12317,41.0,19,Standard,Monthly,718.43,18,16,228,190,20.1,18.5,1,1,11.9,0,5,54.0,4,0
CUST12318,42.0,7,Basic,Annual,428.72,23,13,240,154,22.1,23.5,0,0,13.1,0,0,46.0,8,0
CUST12319,53.0,35,Standard,Quarterly,805.5,18,4,228,48,13.9,10.0,1,0,20.5,1,5,68.0,8,0
CUST12320,56.0,48,Premium,Monthly,1168.96,12,7,230,202,26.3,24.7,1,1,30.3,0,10,34.0,7,0
CUST12321,27.0,18,Standard,Quarterly,670.38,19,7,219,118,9.4,6.7,2,2,10.0,1,5,74.0,6,0
CUST12322,42.0,16,Basic,Monthly,352.19,11,8,242,149,15.3,14.9,1,1,11.1,1,0,25.0,15,1
CUST12323,35.0,39,Premium,Monthly,1140.15,19,16,254,144,21.9,20.5,0,0,10.2,1,0,43.0,7,0
CUST12324,36.0,4,Premium,Annual,1141.17,15,16,233,217,15.1,13.1,3,1,44.5,1,0,19.0,7,1
CUST12325,53.0,25,Basic,Monthly,297.15,11,7,240,172,32.8,29.3,0,0,18.4,0,15,13.0,5,0
CUST12326,27.0,32,Basic,Monthly,422.47,15,4,236,36,22.0,10.1,3,1,7.3,1,0,30.0,8,1
CUST12327,50.0,40,Standard,Quarterly,808.33,23,17,262,246,23.9,25.8,1,0,28.5,1,0,38.0,12,0
CUST12328,22.0,13,Premium,Monthly,1311.84,16,6,241,124,13.4,8.1,2,0,18.6,0,5,56.0,11,1
CUST12329,64.0,45,Premium,Annual,1152.12,20,16,259,198,23.8,23.6,2,1,9.1,0,0,26.0,6,0
CUST12330,52.0,17,Premium,Monthly,1184.03,15,4,206,29,22.9,14.9,2,1,8.3,0,0,57.0,7,1
CUST12331,61.0,37,Standard,Monthly,766.83,11,4,247,97,27.4,18.4,2,1,25.8,0,0,34.0,8,1
CUST12332,42.0,6,Standard,Monthly,722.78,21,2,251,43,4.8,3.1,0,0,48.2,1,0,30.0,4,1
CUST12333,50.0,19,Basic,Monthly,406.4,9,7,232,146,13.3,13.8,1,0,11.6,2,20,58.0,14,0
CUST12334,38.0,13,Basic,Monthly,384.88,12,4,248,31,20.0,14.5,2,1,13.2,0,5,28.0,14,1
CUST12335,34.0,26,Standard,Monthly,763.81,17,16,215,181,20.2,21.1,4,2,26.1,1,0,88.0,12,0
CUST12336,39.0,14,Standard,Annual,639.98,19,9,231,114,17.7,12.9,3,1,8.4,2,5,53.0,7,0
CUST12337,65.0,31,Standard,Annual,725.45,20,5,246,38,8.8,7.4,1,1,25.3,0,5,8.0,12,1
CUST12338,54.0,4,Standard,Monthly,717.97,12,9,219,159,19.2,19.3,1,0,15.7,1,0,39.0,6,0
CUST12339,32.0,39,Basic,Monthly,401.39,14,11,215,163,19.9,18.6,0,0,4.2,2,5,26.0,14,0
CUST12340,52.0,8,Standard,Monthly,742.33,15,3,230,136,18.0,14.4,2,0,44.0,0,10,1.0,5,1
CUST12341,45.0,25,Basic,Annual,400.86,13,6,231,46,17.8,13.3,0,0,5.9,0,0,68.0,9,0
CUST12342,24.0,13,Standard,Annual,669.6,21,18,231,201,23.7,21.4,1,0,35.1,0,5,69.0,7,0
CUST12343,49.0,32,Standard,Monthly,704.09,18,18,238,184,17.1,14.8,1,0,16.6,0,10,24.0,10,0
CUST12344,28.0,38,Standard,Quarterly,611.43,23,15,233,196,10.5,10.0,2,1,21.4,0,0,60.0,9,0
CUST12345,27.0,38,Premium,Monthly,1232.7,18,8,225,127,26.4,20.3,2,0,8.2,0,5,64.0,6,0
CUST12346,26.0,28,Basic,Monthly,446.75,15,13,225,176,26.1,24.9,3,0,22.2,1,20,42.0,11,0
CUST12347,31.0,30,Standard,Monthly,662.89,20,10,240,117,17.8,12.2,3,1,55.3,1,10,66.0,10,1
CUST12348,30.0,3,Basic,Monthly,349.8,13,11,234,177,23.3,20.7,2,0,8.8,0,5,49.0,6,0
CUST12349,42.0,28,Standard,Monthly,664.91,11,11,235,166,8.9,9.6,4,1,14.1,0,10,71.0,8,0
CUST12350,19.0,3,Premium,Monthly,1195.53,11,11,232,137,17.1,18.0,1,1,21.4,1,5,13.0,6,0
CUST12351,52.0,45,Standard,Quarterly,710.87,17,15,228,130,7.7,7.0,0,0,18.3,2,20,46.0,7,1
CUST12352,24.0,34,Premium,Monthly,1287.85,10,6,239,152,24.7,25.5,4,2,37.0,0,0,47.0,8,0
CUST12353,38.0,16,Basic,Monthly,480.9,12,6,245,44,9.0,6.2,2,1,21.6,0,10,13.0,14,1
CUST12354,35.0,22,Premium,Monthly,1244.73,13,4,247,51,15.5,8.8,2,0,12.9,0,0,15.0,7,1
CUST12355,20.0,32,Basic,Monthly,405.67,12,8,227,194,19.3,18.2,3,3,29.2,0,0,2.0,9,1
CUST12356,59.0,38,Premium,Monthly,1148.02,13,8,228,235,22.9,24.7,1,1,7.2,1,10,43.0,6,0
CUST12357,56.0,8,Basic,Monthly,491.38,17,3,250,61,21.2,9.6,6,3,17.1,0,10,31.0,4,1
CUST12358,58.0,8,Basic,Monthly,385.38,14,8,217,163,24.9,25.9,1,0,10.5,0,0,10.0,10,0
CUST12359,28.0,6,Standard,Monthly,714.48,10,9,241,219,22.8,22.6,5,3,15.1,1,0,72.0,9,0
CUST12360,56.0,14,Premium,Monthly,1233.5,14,9,265,222,25.9,26.3,1,0,18.3,0,0,52.0,8,0
CUST12361,41.0,32,Basic,Monthly,402.39,19,11,249,203,7.5,7.3,4,2,56.4,0,15,24.0,12,0
CUST12362,42.0,35,Standard,Quarterly,762.31,12,9,218,183,15.1,15.6,1,0,13.9,0,5,47.0,9,0
CUST12363,36.0,10,Premium,Quarterly,1224.05,6,3,203,101,20.7,10.4,3,0,21.8,2,0,36.0,5,1
CUST12364,21.0,3,Standard,Monthly,753.38,18,11,224,209,27.4,23.5,2,2,8.5,0,10,3.0,13,0
CUST12365,43.0,12,Basic,Monthly,423.6,12,7,248,219,15.0,15.1,0,0,11.0,0,10,49.0,8,0
CUST12366,55.0,31,Standard,Monthly,696.92,20,11,215,70,29.8,20.5,4,3,18.6,0,15,83.0,10,1
CUST12367,59.0,29,Standard,Monthly,703.08,11,10,234,240,20.1,17.4,2,0,10.1,1,15,77.0,3,0
CUST12368,49.0,5,Premium,Monthly,1195.58,21,12,251,191,13.7,13.1,1,0,8.9,0,0,45.0,8,0
CUST12369,56.0,25,Standard,Monthly,628.36,18,15,251,143,11.1,11.9,0,0,4.3,0,5,31.0,10,0
CUST12370,62.0,41,Standard,Monthly,643.95,14,4,249,127,22.4,15.7,2,0,10.9,1,5,56.0,9,0
CUST12371,63.0,31,Premium,Annual,1239.73,25,12,255,44,14.2,7.4,1,0,8.2,1,5,49.0,13,0
CUST12372,53.0,21,Standard,Monthly,629.73,17,13,209,123,16.4,14.5,1,0,11.6,0,5,39.0,10,0
CUST12373,57.0,20,Basic,Monthly,376.77,16,10,242,178,19.0,17.9,4,0,30.1,1,0,89.0,5,0
CUST12374,54.0,39,Basic,Monthly,341.24,14,9,211,122,19.2,17.2,1,1,34.2,0,15,32.0,3,1
CUST12375,50.0,22,Standard,Annual,673.83,17,12,223,192,29.5,29.9,1,0,28.9,1,0,66.0,8,1
CUST12376,53.0,4,Basic,Quarterly,390.46,16,11,236,152,20.4,21.2,5,2,38.6,1,0,46.0,9,0
CUST12377,20.0,13,Premium,Monthly,1176.66,10,9,232,187,14.4,15.4,2,0,10.6,1,0,46.0,11,1
CUST12378,26.0,45,Standard,Annual,620.44,17,10,237,143,13.5,14.4,2,0,14.7,2,5,1.0,12,1
CUST12379,25.0,42,Basic,Monthly,388.8,15,3,222,115,28.0,20.4,6,1,39.7,1,20,70.0,3,1
CUST12380,50.0,20,Standard,Annual,646.26,14,13,222,209,14.9,13.1,7,2,21.1,0,0,63.0,11,0
CUST12381,23.0,13,Standard,Annual,663.99,14,13,246,183,21.5,23.2,3,3,7.4,2,5,47.0,6,0
CUST12382,58.0,17,Premium,Monthly,1239.73,15,6,254,133,19.2,11.0,4,2,7.7,1,0,68.0,11,1
CUST12383,56.0,36,Premium,Quarterly,1251.55,19,18,257,165,20.5,19.8,0,0,3.8,1,5,52.0,15,0
CUST12384,21.0,33,Standard,Monthly,626.9,15,10,240,230,26.4,25.3,3,2,1.0,0,15,10.0,7,0
CUST12385,30.0,1,Standard,Monthly,785.28,8,5,240,198,19.7,19.5,1,1,6.8,1,15,18.0,8,0
CUST12386,19.0,15,Standard,Monthly,670.95,15,9,239,171,22.9,22.9,4,1,3.4,2,5,40.0,4,0
CUST12387,22.0,13,Standard,Quarterly,665.94,18,9,246,127,19.8,14.9,0,0,11.3,1,10,0.0,12,1
CUST12388,61.0,17,Basic,Monthly,349.96,14,10,216,137,15.3,14.5,3,2,17.4,1,0,70.0,8,0
CUST12389,44.0,24,Basic,Monthly,402.08,16,3,240,82,21.0,17.2,1,1,34.7,1,5,37.0,11,1
CUST12390,49.0,8,Standard,Quarterly,807.99,7,4,232,79,14.1,9.1,1,0,30.3,0,10,45.0,9,0
CUST12391,38.0,27,Basic,Monthly,314.32,12,12,248,166,11.0,12.1,3,2,3.9,0,0,17.0,6,0
CUST12392,25.0,45,Basic,Monthly,285.87,19,19,232,185,21.5,19.8,1,0,41.4,0,15,58.0,7,0
CUST12393,55.0,23,Standard,Monthly,713.77,14,14,250,151,20.8,20.5,3,2,41.4,0,10,38.0,4,1
CUST12394,25.0,46,Basic,Monthly,430.31,19,15,208,125,20.2,19.9,3,2,43.4,0,10,34.0,3,1
CUST12395,20.0,8,Standard,Monthly,701.9,17,17,262,263,17.9,17.2,5,3,11.6,1,0,77.0,9,0
CUST12396,61.0,8,Standard,Monthly,731.77,16,16,226,176,17.6,16.0,5,0,13.4,1,0,75.0,7,0
CUST12397,20.0,26,Premium,Annual,1136.78,15,11,197,144,11.5,11.4,1,1,16.2,0,10,61.0,6,0
CUST12398,39.0,47,Standard,Quarterly,647.03,13,4,234,100,6.8,3.6,3,1,5.2,0,5,47.0,9,0
CUST12399,42.0,13,Basic,Monthly,405.82,16,5,209,108,23.3,19.7,1,1,33.4,0,5,29.0,11,1
CUST12400,19.0,39,Standard,Monthly,795.69,11,8,245,176,23.2,21.1,5,2,10.3,1,0,35.0,4,0
CUST12401,40.0,37,Premium,Monthly,1229.84,8,7,250,172,16.5,14.5,3,1,9.1,0,0,34.0,8,0
CUST12402,61.0,28,Premium,Quarterly,1232.4,17,7,214,37,26.8,19.2,3,1,36.5,1,10,52.0,9,1
CUST12403,19.0,25,Standard,Monthly,639.95,13,6,262,153,21.0,17.1,4,0,12.8,1,10,41.0,6,1
CUST12404,55.0,16,Basic,Monthly,422.23,8,3,237,35,20.0,13.5,1,0,14.0,1,5,42.0,7,0
CUST12405,34.0,2,Premium,Annual,1133.98,11,8,212,186,30.1,32.7,0,0,20.6,0,10,81.0,8,0
CUST12406,52.0,18,Basic,Monthly,496.23,13,2,258,97,10.5,7.0,2,1,25.2,1,15,71.0,7,1
CUST12407,51.0,17,Standard,Monthly,643.34,11,2,210,105,17.7,8.3,1,0,8.2,0,15,22.0,9,1
CUST12408,40.0,30,Standard,Annual,655.19,17,11,217,214,12.9,11.4,2,1,7.9,1,5,49.0,7,0
CUST12409,47.0,39,Basic,Quarterly,317.98,12,11,210,145,15.8,16.3,3,0,9.0,0,0,23.0,12,0
CUST12410,25.0,13,Basic,Monthly,403.72,20,19,241,156,17.6,17.5,3,1,7.7,0,0,57.0,9,0
CUST12411,39.0,32,Basic,Quarterly,401.41,7,6,256,230,17.7,15.3,0,0,28.0,1,5,90.0,10,1
CUST12412,61.0,29,Standard,Monthly,782.23,16,8,222,110,11.6,6.6,3,1,6.4,1,0,33.0,7,0
CUST12413,53.0,46,Premium,Quarterly,1241.7,11,7,218,130,18.4,18.1,2,0,55.4,0,5,62.0,14,0
CUST12414,22.0,30,Basic,Monthly,355.51,16,13,229,137,13.1,13.2,0,0,24.7,0,5,82.0,7,0
CUST12415,30.0,18,Premium,Annual,1247.04,13,7,265,248,25.2,26.6,1,0,17.5,0,10,39.0,11,0
CUST12416,46.0,13,Basic,Annual,330.61,23,19,246,139,22.6,21.9,6,0,28.8,0,0,54.0,4,0
CUST12417,48.0,43,Standard,Annual,659.49,18,18,225,156,20.1,20.4,1,0,10.6,0,0,85.0,7,0
CUST12418,64.0,21,Basic,Annual,405.52,12,3,225,63,15.1,11.8,4,1,15.0,0,15,19.0,5,0
CUST12419,33.0,30,Premium,Monthly,1136.75,19,16,225,209,18.9,19.0,3,1,38.1,0,0,16.0,6,0
CUST12420,59.0,21,Standard,Monthly,757.56,8,4,236,138,22.2,15.1,2,0,8.4,1,15,11.0,10,1
CUST12421,47.0,48,Standard,Monthly,824.36,10,10,226,148,16.0,14.1,5,2,18.7,0,5,61.0,5,0
CUST12422,33.0,17,Premium,Quarterly,1182.8,12,12,234,216,8.5,8.6,4,1,6.2,1,0,17.0,4,0
CUST12423,29.0,40,Standard,Annual,663.16,12,12,217,201,22.3,23.3,1,0,44.5,2,0,56.0,5,0
CUST12424,34.0,19,Premium,Monthly,1191.87,6,4,222,180,21.2,19.0,3,2,79.5,0,5,76.0,11,1
CUST12425,33.0,15,Standard,Annual,668.34,16,16,233,160,19.9,19.4,1,0,14.8,0,0,25.0,10,0
CUST12426,29.0,9,Premium,Annual,1213.4,17,17,220,185,13.4,12.8,4,2,20.4,1,15,23.0,6,0
CUST12427,25.0,10,Standard,Annual,626.27,19,15,241,245,23.8,21.4,3,2,24.7,0,10,59.0,11,0
CUST12428,37.0,44,Basic,Annual,416.52,23,17,229,132,24.9,22.7,1,1,23.1,3,5,43.0,5,0
CUST12429,20.0,31,Standard,Monthly,804.16,14,11,243,166,19.7,17.9,2,0,84.8,2,15,-10.0,10,1
CUST12430,33.0,23,Basic,Monthly,288.88,12,9,212,147,15.6,14.9,3,1,11.1,0,0,80.0,10,0
CUST12431,47.0,30,Standard,Monthly,634.72,17,11,226,196,15.7,14.9,3,1,31.1,1,15,56.0,6,0
CUST12432,62.0,33,Standard,Monthly,674.52,11,9,219,192,15.6,15.4,1,1,0.5,0,10,32.0,9,0
CUST12433,40.0,9,Standard,Quarterly,728.8,6,5,252,165,15.4,13.4,2,1,5.1,0,5,31.0,6,0
CUST12434,45.0,47,Basic,Annual,447.97,13,10,234,154,15.9,15.8,3,0,19.6,1,0,60.0,6,0
CUST12435,57.0,1,Basic,Annual,443.55,13,8,214,217,19.9,17.1,3,1,10.1,1,5,41.0,7,1
CUST12436,22.0,44,Standard,Quarterly,605.96,14,13,227,211,23.4,21.4,2,0,61.2,0,20,43.0,5,0
CUST12437,37.0,35,Premium,Monthly,1161.91,20,13,250,254,26.7,26.1,4,2,3.6,1,0,46.0,5,0
CUST12438,57.0,11,Standard,Monthly,649.48,19,9,248,34,12.5,6.0,3,1,15.7,0,0,22.0,13,1
CUST12439,61.0,34,Standard,Monthly,695.41,14,12,224,168,13.5,14.1,2,1,10.7,0,5,33.0,7,0
CUST12440,18.0,16,Standard,Monthly,700.01,8,6,237,145,23.1,19.8,4,1,7.9,1,10,37.0,7,0
CUST12441,47.0,9,Standard,Monthly,623.69,13,3,226,60,12.5,7.0,1,0,23.2,0,0,23.0,8,0
CUST12442,38.0,32,Basic,Monthly,374.82,18,13,211,153,11.0,10.4,0,0,19.6,0,10,49.0,11,0
CUST12443,37.0,15,Standard,Monthly,730.93,13,12,217,166,12.3,12.6,2,1,30.3,0,15,54.0,8,0
CUST12444,23.0,12,Basic,Monthly,364.44,18,15,219,167,16.9,15.6,1,1,9.4,1,0,84.0,10,1
CUST12445,39.0,33,Premium,Quarterly,1187.99,12,9,221,225,27.8,28.8,4,2,11.4,3,20,23.0,6,0
CUST12446,35.0,45,Basic,Monthly,492.33,12,8,230,134,17.2,17.2,1,0,11.0,1,0,64.0,12,0
CUST12447,25.0,14,Standard,Monthly,808.45,14,12,239,155,19.6,20.6,0,0,31.5,2,0,78.0,12,0
CUST12448,56.0,8,Basic,Monthly,280.13,14,3,218,31,10.8,8.8,2,0,22.1,0,0,66.0,7,1
CUST12449,49.0,8,Basic,Annual,405.26,13,11,238,236,24.4,26.3,2,1,20.6,0,5,30.0,3,0
CUST12450,50.0,27,Standard,Monthly,859.44,16,15,205,207,23.2,23.2,1,0,33.0,0,20,34.0,14,0
CUST12451,33.0,12,Basic,Monthly,425.34,23,19,222,184,15.2,16.3,1,0,6.7,1,0,43.0,10,0
CUST12452,29.0,1,Basic,Quarterly,400.02,15,14,253,144,13.9,12.3,2,0,5.6,1,5,37.0,9,0
CUST12453,55.0,43,Standard,Monthly,771.2,20,6,225,98,23.7,14.2,1,0,32.5,3,0,41.0,11,1
CUST12454,51.0,40,Basic,Annual,411.0,22,20,245,247,16.6,16.4,1,0,18.5,0,0,30.0,8,0
CUST12455,31.0,42,Basic,Monthly,438.0,10,10,215,172,14.0,15.3,1,0,24.8,2,20,61.0,9,0
CUST12456,53.0,11,Premium,Monthly,1187.43,13,2,226,91,15.8,11.1,3,0,31.2,1,10,-10.0,9,1
CUST12457,42.0,39,Standard,Monthly,710.19,13,13,223,153,19.4,18.0,1,0,34.8,1,10,22.0,6,1
CUST12458,40.0,43,Premium,Quarterly,1222.46,19,16,254,143,22.4,22.8,1,1,38.6,1,10,18.0,6,1
CUST12459,62.0,31,Premium,Monthly,1246.61,12,12,227,190,19.9,17.1,1,0,42.1,0,0,82.0,13,0
CUST12460,19.0,17,Standard,Monthly,675.26,13,7,237,229,19.6,19.0,2,2,26.7,3,0,48.0,3,0
CUST12461,58.0,33,Basic,Monthly,373.76,21,11,250,73,16.6,8.6,3,2,8.5,0,0,37.0,13,1
CUST12462,38.0,32,Standard,Monthly,592.99,12,12,236,230,18.9,16.3,1,0,10.8,3,20,37.0,8,1
CUST12463,19.0,29,Premium,Monthly,1177.71,12,4,250,57,15.7,7.1,4,2,7.0,1,10,7.0,8,1
CUST12464,44.0,21,Standard,Quarterly,751.42,19,17,241,206,16.4,16.9,2,0,34.4,2,0,76.0,10,0
CUST12465,26.0,21,Standard,Quarterly,724.48,21,20,191,184,26.5,26.2,3,2,23.1,0,5,33.0,6,0
CUST12466,18.0,40,Basic,Monthly,344.18,15,10,204,114,18.3,15.6,2,0,18.6,0,15,57.0,10,0
CUST12467,28.0,23,Premium,Monthly,1094.29,9,7,214,220,15.8,15.0,2,0,19.2,0,0,26.0,7,1
CUST12468,20.0,6,Standard,Quarterly,691.17,13,6,241,140,14.0,9.2,5,2,9.7,0,0,41.0,9,1
CUST12469,40.0,22,Premium,Monthly,1249.81,17,14,229,235,4.8,5.2,3,1,14.7,1,0,19.0,3,0
CUST12470,43.0,38,Basic,Monthly,372.66,11,6,229,213,30.5,32.6,2,1,30.8,1,15,36.0,5,1
CUST12471,21.0,37,Basic,Monthly,319.53,19,11,243,152,31.2,26.5,1,1,19.1,1,10,68.0,4,0
CUST12472,35.0,45,Basic,Quarterly,366.58,12,3,239,38,21.8,17.1,3,2,8.0,1,5,45.0,9,1
CUST12473,23.0,8,Standard,Annual,716.94,23,16,232,169,11.8,10.6,4,1,18.9,1,0,51.0,8,0
CUST12474,52.0,41,Basic,Quarterly,467.33,17,11,232,158,34.4,32.8,1,1,63.3,2,0,44.0,8,0
CUST12475,39.0,35,Basic,Monthly,384.88,15,14,229,176,9.6,9.7,1,0,12.3,2,0,83.0,3,0
CUST12476,60.0,11,Premium,Monthly,1257.02,21,18,209,178,20.4,18.1,1,0,19.9,3,15,22.0,7,0
CUST12477,32.0,24,Basic,Annual,450.92,12,11,207,159,7.7,8.3,0,0,6.3,3,15,39.0,5,0
CUST12478,39.0,21,Premium,Monthly,1134.28,18,11,219,127,5.0,5.2,1,0,11.5,1,0,47.0,8,0
CUST12479,54.0,2,Standard,Annual,767.79,16,13,216,224,19.4,18.5,2,1,10.3,1,0,17.0,9,0
CUST12480,59.0,40,Premium,Annual,1215.23,17,2,245,144,20.2,9.5,0,0,17.2,2,15,45.0,7,0
CUST12481,29.0,19,Standard,Monthly,632.63,13,13,221,216,18.7,18.4,3,2,43.6,3,0,43.0,12,1
CUST12482,64.0,39,Premium,Annual,1295.85,13,12,235,138,27.0,26.8,2,0,55.2,1,0,45.0,4,0
CUST12483,59.0,28,Premium,Monthly,1192.09,12,12,239,228,17.7,18.9,2,0,5.0,0,0,45.0,6,0
CUST12484,55.0,17,Basic,Annual,292.11,16,9,221,104,22.9,11.3,2,1,25.5,1,5,25.0,2,0
CUST12485,35.0,6,Basic,Monthly,360.16,10,1,222,130,13.3,6.7,1,1,24.8,2,15,1.0,8,1
CUST12486,62.0,19,Basic,Monthly,346.62,15,12,228,201,25.8,22.6,3,1,55.7,0,0,47.0,4,0
CUST12487,52.0,38,Standard,Quarterly,661.5,13,1,200,45,26.3,17.3,3,0,27.1,0,0,20.0,6,0
CUST12488,47.0,28,Premium,Quarterly,1174.51,20,3,242,117,16.5,12.8,0,0,13.9,0,0,40.0,4,1
CUST12489,41.0,2,Standard,Monthly,684.84,19,16,208,126,20.3,17.3,4,0,16.4,2,0,23.0,15,0
CUST12490,59.0,38,Standard,Monthly,682.77,13,7,238,234,13.8,12.1,2,1,30.6,1,15,5.0,8,1
CUST12491,47.0,37,Basic,Monthly,393.64,15,13,227,162,16.7,14.6,3,2,35.8,1,0,51.0,8,0
CUST12492,31.0,4,Premium,Monthly,1231.31,13,9,217,145,22.4,21.2,1,0,15.8,1,0,60.0,8,0
CUST12493,23.0,22,Premium,Monthly,1157.95,14,8,223,177,20.9,21.0,2,1,20.2,0,5,70.0,11,0
CUST12494,20.0,26,Basic,Monthly,463.96,14,8,215,134,7.6,8.4,2,1,3.5,0,0,31.0,6,0
CUST12495,33.0,43,Standard,Monthly,631.61,16,16,202,141,11.2,10.2,1,0,0.4,0,0,43.0,17,0
CUST12496,24.0,36,Basic,Monthly,432.83,20,14,214,159,14.5,12.8,2,1,36.5,1,5,51.0,8,0
CUST12497,31.0,13,Standard,Monthly,789.38,19,19,238,164,19.3,18.4,1,1,6.2,1,10,68.0,7,1
CUST12498,26.0,32,Standard,Monthly,689.25,13,7,258,132,12.5,9.9,3,1,10.3,0,0,-2.0,6,1
CUST12499,32.0,17,Basic,Monthly,409.64,13,13,224,166,9.5,8.1,2,2,21.8,1,20,5.0,10,0
CUST12500,38.0,41,Standard,Annual,645.76,12,12,225,211,3.0,3.0,1,0,13.6,3,5,77.0,14,0
CUST12501,52.0,36,Basic,Monthly,370.85,20,20,225,227,30.5,32.6,2,0,5.8,2,15,0.0,11,0
CUST12502,19.0,46,Standard,Annual,785.22,14,10,210,126,19.2,20.5,3,2,8.5,0,5,65.0,10,0
CUST12503,44.0,19,Standard,Quarterly,740.17,14,9,226,217,9.3,8.2,4,0,52.8,1,5,75.0,4,0
CUST12504,19.0,35,Basic,Quarterly,422.02,16,14,235,239,24.2,21.5,2,1,56.3,0,20,62.0,11,0
CUST12505,52.0,46,Standard,Quarterly,592.41,17,13,203,181,27.0,26.2,1,0,32.5,0,10,17.0,8,0
CUST12506,35.0,40,Standard,Annual,659.59,14,8,227,238,19.3,18.2,4,2,9.3,1,0,20.0,3,0
CUST12507,31.0,28,Standard,Monthly,794.64,16,14,214,154,21.7,22.3,0,0,12.7,0,5,41.0,10,0
CUST12508,37.0,1,Basic,Monthly,421.6,14,12,224,216,25.9,25.2,1,0,6.6,2,0,43.0,6,1
CUST12509,35.0,42,Standard,Quarterly,728.46,18,18,242,215,21.6,18.5,2,0,43.4,1,0,86.0,13,0
CUST12510,27.0,18,Premium,Monthly,1208.38,15,13,243,173,21.8,20.1,3,1,13.1,1,15,49.0,11,0
CUST12511,42.0,48,Basic,Annual,365.29,13,11,201,181,8.8,9.5,1,0,6.4,0,10,2.0,10,0
CUST12512,19.0,40,Basic,Monthly,417.29,19,2,243,136,3.0,2.2,2,2,3.6,1,0,46.0,7,1
CUST12513,42.0,33,Basic,Quarterly,314.84,15,12,212,137,23.2,24.3,2,1,20.6,0,0,37.0,4,0
CUST12514,50.0,12,Standard,Monthly,610.7,15,4,238,60,16.7,10.3,0,0,39.6,0,5,43.0,5,1
CUST12515,53.0,8,Basic,Monthly,358.56,6,4,242,219,15.3,15.6,1,0,9.7,0,0,1.0,10,0
CUST12516,48.0,24,Standard,Monthly,709.57,14,11,234,212,23.8,21.3,1,1,15.4,2,0,48.0,6,0
CUST12517,31.0,16,Standard,Quarterly,612.67,19,17,219,179,12.3,12.7,3,2,31.0,3,0,4.0,4,0
CUST12518,18.0,4,Standard,Annual,705.99,16,12,222,178,17.8,18.6,5,2,15.7,1,10,-10.0,5,0
CUST12519,63.0,38,Standard,Monthly,644.3,19,13,228,146,18.3,16.0,4,1,59.5,0,0,48.0,6,0
CUST12520,33.0,44,Standard,Annual,651.71,7,5,240,184,22.1,19.8,2,1,3.6,1,0,90.0,9,0
CUST12521,63.0,27,Standard,Monthly,770.48,12,8,214,211,20.0,19.4,2,0,5.8,0,15,21.0,9,0
CUST12522,20.0,9,Basic,Monthly,401.05,17,12,231,226,20.1,20.2,2,0,9.8,1,10,30.0,9,0
CUST12523,52.0,47,Basic,Monthly,349.29,17,4,233,39,15.6,9.2,3,1,22.0,2,5,64.0,6,1
CUST12524,58.0,16,Premium,Monthly,1209.28,10,1,251,88,15.7,10.6,2,0,21.7,0,0,71.0,9,0
CUST12525,23.0,12,Basic,Monthly,318.17,21,14,240,239,20.0,20.6,3,1,24.3,2,5,45.0,13,1
CUST12526,42.0,31,Standard,Monthly,720.03,17,7,219,116,15.0,12.7,3,0,43.5,0,10,24.0,4,0
CUST12527,30.0,24,Premium,Quarterly,1259.9,16,10,258,193,13.0,12.9,1,0,19.7,2,0,75.0,5,0
CUST12528,51.0,14,Basic,Quarterly,435.4,15,2,228,75,25.7,12.1,1,0,45.2,0,5,11.0,7,1
CUST12529,25.0,45,Standard,Monthly,817.67,14,11,224,175,14.0,12.4,2,1,3.3,1,10,29.0,9,0
CUST12530,38.0,25,Standard,Monthly,592.39,10,10,264,248,15.2,14.9,2,0,25.8,0,10,57.0,8,0
CUST12531,51.0,34,Premium,Monthly,1205.98,10,7,230,144,25.4,26.3,1,0,29.6,1,0,3.0,11,0
CUST12532,21.0,3,Premium,Monthly,1125.11,20,6,229,92,13.9,11.7,4,1,10.2,0,0,52.0,8,1
CUST12533,42.0,24,Standard,Monthly,689.47,10,5,214,27,19.9,13.7,2,0,14.2,0,0,70.0,6,0
CUST12534,32.0,42,Basic,Monthly,399.08,10,6,221,204,20.5,19.9,5,2,32.6,2,15,84.0,10,0
CUST12535,21.0,9,Standard,Annual,824.39,7,3,221,46,17.5,9.3,1,0,17.3,0,0,32.0,11,1
CUST12536,62.0,26,Standard,Annual,695.71,19,16,211,126,15.7,15.1,1,0,30.2,1,10,31.0,6,0
CUST12537,29.0,20,Standard,Monthly,694.69,16,11,232,200,11.2,9.6,4,2,11.4,0,20,60.0,10,0
CUST12538,49.0,40,Basic,Monthly,454.28,13,4,227,122,21.8,17.3,0,0,27.9,2,15,27.0,11,1
CUST12539,49.0,10,Basic,Monthly,396.09,15,14,223,220,24.6,21.4,4,3,23.9,0,0,34.0,11,1
CUST12540,45.0,19,Standard,Quarterly,799.71,13,9,237,212,24.0,21.3,2,1,13.7,1,15,50.0,6,0
CUST12541,30.0,3,Standard,Monthly,735.83,9,6,203,132,20.2,20.4,3,0,19.7,1,10,51.0,7,1
CUST12542,48.0,24,Basic,Monthly,444.57,16,16,258,167,6.1,5.2,3,1,27.7,0,15,-6.0,13,0
CUST12543,31.0,5,Standard,Quarterly,596.28,24,19,207,205,22.6,22.5,3,2,33.0,0,0,13.0,7,0
CUST12544,37.0,3,Premium,Monthly,1308.19,12,12,222,135,17.3,17.5,1,0,24.7,2,10,-4.0,8,0
CUST12545,35.0,27,Standard,Monthly,662.89,15,11,251,224,14.4,15.1,3,1,13.5,0,5,0.0,5,0
CUST12546,46.0,16,Basic,Monthly,398.46,15,7,219,108,21.9,13.4,4,2,6.8,0,5,14.0,5,1
CUST12547,23.0,15,Basic,Monthly,363.1,17,11,250,190,19.4,16.5,1,0,30.8,1,10,36.0,11,0
CUST12548,49.0,35,Basic,Monthly,342.67,11,11,244,188,24.1,25.1,3,0,9.8,1,0,39.0,8,0
CUST12549,46.0,12,Premium,Monthly,1132.88,12,12,208,213,20.0,18.5,1,0,5.9,2,0,-10.0,10,0
CUST12550,60.0,41,Standard,Monthly,704.68,17,18,213,209,16.4,17.6,1,1,13.3,2,5,19.0,11,1
CUST12551,19.0,44,Standard,Monthly,590.66,14,11,239,235,15.9,14.3,2,2,10.4,0,0,4.0,6,0
CUST12552,40.0,26,Standard,Quarterly,685.65,15,14,235,177,21.7,21.6,1,0,84.4,0,0,37.0,5,1
CUST12553,36.0,47,Standard,Monthly,757.18,18,14,239,144,10.0,8.7,4,1,18.3,0,20,26.0,5,0
CUST12554,48.0,34,Premium,Monthly,1233.76,15,12,222,233,15.0,14.3,2,2,53.5,0,0,73.0,11,0
CUST12555,22.0,23,Standard,Quarterly,722.78,16,15,227,141,4.8,5.2,3,0,36.6,1,0,39.0,5,0
CUST12556,36.0,31,Basic,Quarterly,349.75,11,7,243,196,20.5,20.6,2,0,7.5,1,0,27.0,1,0
CUST12557,51.0,20,Basic,Annual,311.76,17,11,187,128,21.9,22.4,4,1,18.6,0,5,35.0,7,0
CUST12558,27.0,12,Standard,Monthly,756.3,13,4,188,99,13.4,10.0,2,0,14.1,1,15,26.0,14,0
CUST12559,42.0,23,Premium,Monthly,1174.31,18,17,200,140,11.4,12.4,2,1,10.8,0,0,76.0,5,0
CUST12560,19.0,4,Basic,Quarterly,394.43,18,9,252,80,23.7,16.3,4,1,21.4,1,5,34.0,6,0
CUST12561,28.0,23,Premium,Quarterly,1188.13,21,11,261,133,13.7,6.8,2,0,19.3,1,0,53.0,8,0
CUST12562,48.0,48,Standard,Monthly,735.98,15,16,231,174,21.9,18.7,3,1,31.3,0,10,62.0,7,0
CUST12563,32.0,48,Basic,Annual,500.38,16,12,230,135,17.9,15.3,3,2,8.6,0,5,25.0,7,0
CUST12564,26.0,1,Basic,Monthly,479.43,18,12,189,167,14.8,12.8,1,1,32.3,2,10,-3.0,8,0
CUST12565,40.0,25,Basic,Annual,270.73,17,15,239,176,21.5,23.2,2,2,10.3,2,15,30.0,5,0
CUST12566,36.0,2,Standard,Annual,682.03,10,10,233,243,18.2,17.1,9,3,49.6,1,15,58.0,7,0
CUST12567,26.0,30,Basic,Quarterly,324.93,19,11,226,134,27.0,24.9,3,0,9.4,1,20,0.0,8,0
CUST12568,52.0,3,Standard,Annual,750.61,16,14,201,123,13.6,13.0,2,0,11.9,0,5,48.0,8,0
CUST12569,38.0,21,Standard,Quarterly,699.22,13,7,233,210,10.1,9.6,2,0,21.9,0,5,63.0,9,0
CUST12570,26.0,25,Standard,Monthly,732.34,13,11,259,241,17.9,16.3,3,1,3.6,0,0,77.0,7,0
CUST12571,45.0,20,Basic,Monthly,377.32,11,7,220,173,20.9,18.2,1,0,19.1,2,0,59.0,14,0
CUST12572,63.0,22,Standard,Monthly,641.83,16,6,244,116,16.9,13.0,4,2,54.6,1,5,49.0,7,1
CUST12573,24.0,21,Standard,Monthly,651.24,17,4,236,108,28.8,20.0,5,2,9.2,0,10,47.0,6,1
CUST12574,33.0,33,Standard,Quarterly,614.68,12,12,212,152,25.3,24.0,0,0,14.9,1,0,12.0,7,0
CUST12575,42.0,38,Premium,Monthly,1129.5,12,11,228,151,14.8,16.0,0,0,23.2,1,0,18.0,5,0
CUST12576,50.0,15,Basic,Monthly,317.91,20,20,211,206,18.4,17.8,1,0,50.5,1,10,-1.0,11,1
CUST12577,21.0,46,Premium,Monthly,1142.04,13,6,240,82,7.2,4.8,1,0,10.4,1,0,44.0,7,0
CUST12578,21.0,15,Standard,Annual,638.92,15,8,241,182,24.3,26.3,2,0,38.3,1,5,53.0,14,0
CUST12579,56.0,46,Standard,Monthly,720.68,20,14,223,206,13.9,13.6,2,2,30.5,0,5,45.0,8,0
CUST12580,57.0,25,Standard,Monthly,718.52,17,17,237,131,19.2,18.7,2,2,28.7,0,15,49.0,12,1
CUST12581,34.0,21,Standard,Monthly,720.62,11,10,210,208,16.5,15.5,1,0,29.3,1,0,61.0,8,1
CUST12582,54.0,24,Basic,Quarterly,463.62,17,8,247,39,9.1,6.3,4,3,9.9,0,0,9.0,14,1
CUST12583,56.0,5,Standard,Monthly,694.69,17,11,209,123,23.0,21.8,3,1,11.9,1,0,44.0,5,0
CUST12584,46.0,6,Standard,Quarterly,656.06,17,9,228,132,11.6,6.7,2,1,37.8,0,0,48.0,8,1
CUST12585,53.0,43,Standard,Monthly,820.63,15,11,218,173,14.9,14.3,1,0,8.3,0,0,30.0,12,0
CUST12586,55.0,48,Basic,Monthly,448.81,16,5,206,80,23.1,12.9,1,1,22.6,0,10,-10.0,8,1
CUST12587,56.0,44,Premium,Annual,1207.38,10,7,214,212,12.2,12.9,2,0,13.2,1,5,16.0,14,0
CUST12588,54.0,47,Standard,Monthly,703.56,15,12,224,222,26.9,25.7,5,0,35.0,1,10,29.0,5,0
CUST12589,52.0,23,Basic,Monthly,414.93,20,17,241,182,12.1,11.0,4,1,7.3,0,5,46.0,8,0
CUST12590,24.0,4,Standard,Monthly,687.88,17,12,210,140,11.0,10.9,0,0,33.3,2,5,43.0,7,0
CUST12591,44.0,27,Standard,Monthly,706.05,16,7,230,88,18.3,8.5,2,1,25.2,1,15,90.0,7,1
CUST12592,45.0,18,Standard,Monthly,726.47,13,12,223,208,27.8,28.5,0,0,29.2,0,10,66.0,12,0
CUST12593,39.0,21,Standard,Monthly,659.04,9,7,223,226,18.0,16.7,4,0,14.6,1,0,41.0,6,1
CUST12594,31.0,28,Premium,Monthly,1109.12,13,11,218,128,23.9,26.1,1,1,54.4,2,0,45.0,6,0
CUST12595,24.0,35,Basic,Monthly,284.84,10,8,203,113,10.0,9.3,2,2,10.5,0,0,74.0,7,0
CUST12596,54.0,22,Standard,Quarterly,747.83,19,19,235,226,15.8,17.3,2,0,39.1,1,10,75.0,10,1
CUST12597,39.0,40,Premium,Quarterly,1111.94,13,11,206,153,16.2,14.5,3,1,46.4,0,0,50.0,8,0
CUST12598,22.0,23,Premium,Monthly,1224.59,17,17,231,159,10.4,11.5,5,2,34.8,0,5,85.0,7,0
CUST12599,19.0,3,Standard,Monthly,635.51,17,14,219,141,8.5,7.3,1,0,30.6,0,0,20.0,12,1
CUST12600,44.0,40,Premium,Monthly,1136.4,11,8,252,182,16.6,17.0,0,0,38.5,1,0,41.0,7,0
CUST12601,38.0,10,Basic,Monthly,359.5,19,14,250,259,27.5,28.4,1,0,9.4,1,0,100.0,5,0
CUST12602,55.0,25,Premium,Monthly,1209.68,15,3,222,51,19.3,11.9,4,2,10.4,2,20,60.0,7,1
CUST12603,32.0,8,Basic,Monthly,328.13,11,9,217,155,13.9,14.5,4,1,35.2,0,0,38.0,9,0
CUST12604,38.0,11,Basic,Monthly,365.07,15,13,249,257,5.8,5.6,2,1,11.6,0,15,45.0,10,0
CUST12605,27.0,5,Basic,Monthly,397.59,14,3,224,113,15.8,9.5,6,2,35.1,0,10,46.0,2,1
CUST12606,40.0,45,Standard,Monthly,632.44,14,5,250,44,15.4,11.2,4,3,26.7,2,0,84.0,12,0
CUST12607,56.0,37,Basic,Annual,477.55,14,13,224,147,20.3,20.5,1,0,5.8,0,0,62.0,4,0
CUST12608,22.0,45,Basic,Monthly,304.26,10,4,243,109,16.5,12.9,1,0,27.5,0,15,40.0,7,1
CUST12609,18.0,38,Basic,Quarterly,387.0,10,2,202,62,21.8,15.1,0,0,51.1,1,10,0.0,12,1
CUST12610,30.0,29,Basic,Annual,468.99,6,6,225,146,22.6,20.6,4,1,2.7,1,0,24.0,8,1
CUST12611,38.0,5,Standard,Monthly,626.15,14,11,211,215,17.6,17.1,0,0,18.0,2,15,44.0,8,1
CUST12612,43.0,9,Standard,Monthly,692.97,15,2,202,100,17.7,9.6,2,1,12.6,1,0,39.0,4,0
CUST12613,62.0,48,Basic,Monthly,406.31,15,14,205,214,18.2,19.4,1,1,10.3,1,0,69.0,3,0
CUST12614,38.0,2,Standard,Monthly,654.63,13,9,252,152,7.5,6.6,2,1,13.7,3,0,36.0,9,0
CUST12615,35.0,1,Premium,Monthly,1194.74,15,14,221,123,22.3,24.1,2,0,18.1,2,10,63.0,14,0
CUST12616,54.0,40,Standard,Quarterly,729.88,14,9,239,236,28.2,30.5,1,1,47.7,2,0,5.0,12,1
CUST12617,62.0,30,Basic,Monthly,373.31,16,9,246,207,18.4,15.6,1,1,17.0,2,15,29.0,8,0
CUST12618,49.0,11,Standard,Monthly,741.04,13,2,238,125,13.3,6.4,2,1,8.4,1,0,59.0,8,1
CUST12619,53.0,28,Basic,Quarterly,420.6,14,10,230,136,18.0,17.9,0,0,5.9,1,0,94.0,7,0
CUST12620,34.0,44,Basic,Quarterly,366.94,21,9,213,42,15.4,8.0,3,1,11.4,0,10,38.0,9,1
CUST12621,52.0,12,Basic,Monthly,461.01,12,4,215,33,18.2,15.3,1,0,21.9,0,10,63.0,9,1
CUST12622,28.0,39,Premium,Quarterly,1158.25,15,14,251,199,16.1,15.7,3,0,2.5,1,0,75.0,9,0
CUST12623,38.0,26,Basic,Monthly,446.07,18,7,241,39,5.1,3.1,3,1,18.1,1,5,66.0,12,1
CUST12624,43.0,13,Basic,Monthly,359.23,14,13,208,181,18.6,16.2,4,1,8.0,1,10,61.0,7,0
CUST12625,21.0,8,Basic,Monthly,381.62,15,15,222,229,31.3,28.3,1,1,8.2,0,10,33.0,6,0
CUST12626,51.0,28,Premium,Monthly,1190.05,11,8,250,219,10.0,10.3,0,0,10.5,0,5,80.0,9,0
CUST12627,65.0,30,Standard,Annual,717.62,15,2,231,125,24.6,20.4,0,0,45.3,0,15,9.0,8,0
CUST12628,35.0,9,Basic,Monthly,266.26,14,11,187,134,20.4,21.6,2,1,20.0,0,15,10.0,15,0
CUST12629,57.0,39,Standard,Monthly,724.19,15,12,239,188,12.5,11.9,2,1,14.7,0,15,89.0,9,0
CUST12630,52.0,31,Standard,Monthly,693.36,16,15,215,146,9.9,9.5,0,0,18.6,0,0,51.0,9,0
CUST12631,58.0,21,Standard,Monthly,714.72,24,16,232,171,19.6,20.9,1,0,7.8,0,0,11.0,11,0
CUST12632,46.0,47,Basic,Monthly,426.64,11,3,236,75,20.2,10.4,2,1,7.9,0,0,6.0,12,1
CUST12633,46.0,34,Premium,Monthly,1220.66,15,7,220,89,9.0,7.4,3,0,24.7,1,10,5.0,10,0
CUST12634,55.0,31,Basic,Annual,288.6,16,10,216,187,23.6,25.8,4,4,12.6,1,0,93.0,9,0
CUST12635,59.0,25,Standard,Monthly,640.64,18,9,254,100,15.0,11.6,2,2,3.9,0,0,40.0,6,0
CUST12636,38.0,12,Basic,Monthly,417.3,11,7,218,166,21.0,18.8,1,0,24.8,0,15,29.0,8,1
CUST12637,59.0,1,Standard,Monthly,709.98,16,16,219,190,22.2,19.8,1,1,11.1,0,0,83.0,6,0
CUST12638,30.0,22,Standard,Monthly,655.57,9,9,236,225,23.4,24.9,4,2,3.5,1,0,48.0,10,0
CUST12639,58.0,40,Standard,Monthly,739.57,18,13,216,198,12.1,12.1,3,1,18.8,0,15,34.0,7,0
CUST12640,34.0,37,Basic,Annual,384.9,19,13,237,135,30.1,26.4,2,1,25.0,0,0,69.0,5,0
CUST12641,26.0,47,Standard,Annual,747.71,10,7,237,217,12.5,13.4,4,1,52.8,2,15,57.0,14,1
CUST12642,58.0,1,Basic,Monthly,465.55,9,9,203,185,23.4,22.5,3,0,2.8,1,0,57.0,9,0
CUST12643,18.0,1,Standard,Monthly,714.31,10,7,240,144,15.0,16.5,2,2,26.2,0,0,35.0,9,0
CUST12644,19.0,42,Premium,Annual,1229.56,14,14,217,136,18.3,16.9,3,1,32.5,1,0,20.0,9,0
CUST12645,65.0,42,Standard,Monthly,665.53,22,19,234,221,17.3,16.9,3,2,80.7,0,15,17.0,9,0
CUST12646,46.0,21,Standard,Monthly,748.07,7,7,238,197,20.8,18.6,3,1,38.9,0,10,45.0,6,0
CUST12647,50.0,15,Standard,Monthly,711.0,18,15,213,205,24.3,23.3,4,0,38.3,1,0,42.0,7,0
CUST12648,27.0,17,Standard,Quarterly,682.79,10,5,216,107,14.3,10.8,0,0,38.2,1,10,54.0,10,0
CUST12649,57.0,22,Premium,Monthly,1131.96,18,4,231,56,12.7,6.6,5,3,13.3,1,0,31.0,9,1
CUST12650,38.0,38,Basic,Annual,372.3,20,5,237,43,5.6,4.0,3,0,16.2,0,5,74.0,6,1
CUST12651,45.0,35,Standard,Quarterly,637.98,18,2,219,49,19.1,9.7,1,0,18.9,0,0,9.0,11,1
CUST12652,28.0,45,Standard,Monthly,740.88,13,11,231,187,17.0,18.6,3,0,9.5,0,15,52.0,7,0
CUST12653,51.0,16,Standard,Quarterly,672.2049999999999,13,3,229,95,18.7,8.9,3,0,27.5,2,5,19.0,6,1
CUST12654,25.0,8,Basic,Annual,449.39,16,16,214,194,17.4,16.9,2,0,20.3,1,15,36.0,6,0
CUST12655,42.0,47,Standard,Monthly,835.73,20,20,205,214,22.6,22.7,3,2,36.6,0,5,19.0,5,0
CUST12656,25.0,17,Premium,Monthly,1173.68,12,4,195,108,15.0,7.8,0,0,13.2,2,5,33.0,11,0
CUST12657,32.0,17,Premium,Monthly,1231.81,17,6,207,70,20.1,16.6,1,1,6.7,1,10,15.0,8,1
CUST12658,34.0,26,Standard,Monthly,634.03,19,11,222,131,17.8,18.5,2,0,8.9,0,10,17.0,6,0
CUST12659,40.0,13,Standard,Monthly,688.15,16,16,231,189,12.2,13.3,4,1,8.3,2,0,66.0,5,1
CUST12660,41.0,17,Premium,Monthly,1117.75,13,8,254,174,13.9,14.4,1,0,17.1,1,5,7.0,10,0
CUST12661,62.0,38,Basic,Monthly,430.25,17,11,240,214,23.5,24.8,3,1,30.8,0,10,58.0,4,0
CUST12662,36.0,17,Basic,Annual,379.45,13,9,211,130,22.9,22.6,5,2,36.4,0,0,63.0,11,0
CUST12663,22.0,48,Standard,Monthly,586.0,15,13,217,131,22.4,22.8,2,1,4.5,3,0,60.0,9,0
CUST12664,49.0,14,Premium,Monthly,1161.32,12,3,258,69,17.0,14.1,2,1,64.1,3,0,41.0,7,1
CUST12665,61.0,45,Premium,Monthly,1297.62,17,12,218,161,4.5,4.2,2,0,1.4,0,10,15.0,9,0
CUST12666,18.0,6,Standard,Monthly,721.57,14,9,233,225,8.0,7.4,3,1,5.8,1,0,3.0,8,0
CUST12667,40.0,35,Basic,Monthly,441.3,13,12,251,243,16.4,15.4,2,1,23.0,0,0,12.0,10,0
CUST12668,54.0,46,Standard,Monthly,705.9,16,16,219,133,8.9,8.3,3,0,13.2,1,0,13.0,5,0
CUST12669,25.0,14,Basic,Monthly,389.01,20,12,206,197,24.9,24.5,1,0,18.6,2,0,49.0,6,1
CUST12670,30.0,47,Basic,Quarterly,399.86,22,2,236,77,13.1,7.5,6,2,5.8,1,0,7.0,9,1
CUST12671,25.0,8,Standard,Quarterly,712.5,12,10,243,195,16.4,16.0,2,1,9.2,1,15,37.0,8,0
CUST12672,40.0,15,Basic,Monthly,338.68,12,11,219,131,28.4,30.7,0,0,8.9,1,0,43.0,13,0
CUST12673,60.0,27,Premium,Quarterly,1240.97,16,15,245,225,24.2,23.0,1,0,20.3,1,5,34.0,5,0
CUST12674,18.0,13,Standard,Quarterly,760.7,14,7,236,122,20.1,10.8,5,3,28.5,0,15,35.0,6,0
CUST12675,62.0,31,Standard,Monthly,688.19,15,15,235,162,19.3,18.1,3,1,9.3,0,20,74.0,6,0
CUST12676,41.0,35,Basic,Annual,370.23,17,11,238,142,13.5,14.4,0,0,15.7,1,10,54.0,7,0
CUST12677,52.0,6,Basic,Annual,358.2,14,8,257,210,22.6,24.5,1,1,15.9,1,20,60.0,7,0
CUST12678,41.0,5,Basic,Monthly,495.76,24,20,217,189,19.3,20.7,2,1,19.5,0,0,33.0,4,1
CUST12679,34.0,22,Premium,Monthly,1174.13,15,14,221,220,17.2,15.8,4,3,13.3,0,10,62.0,7,0
CUST12680,22.0,23,Premium,Monthly,1234.93,16,2,225,87,21.8,13.4,2,0,20.8,3,15,50.0,4,1
CUST12681,37.0,25,Standard,Monthly,688.57,16,6,243,41,22.0,12.9,3,1,11.1,1,0,47.0,8,0
CUST12682,38.0,34,Basic,Quarterly,385.6,13,12,241,224,12.2,11.3,4,1,42.9,1,0,32.0,10,0
CUST12683,57.0,26,Premium,Monthly,1156.94,13,12,227,159,23.5,20.8,5,1,10.5,2,10,48.0,11,0
CUST12684,48.0,47,Basic,Quarterly,345.63,12,2,230,115,17.5,11.7,2,1,17.1,0,0,95.0,11,0
CUST12685,63.0,5,Basic,Quarterly,439.7,16,10,251,196,18.5,20.2,1,0,14.4,3,0,57.0,7,0
CUST12686,53.0,26,Standard,Quarterly,644.39,15,14,231,192,10.1,9.6,0,0,18.6,1,10,85.0,5,0
CUST12687,28.0,20,Premium,Quarterly,1224.44,14,2,229,75,10.3,7.6,1,1,32.0,1,0,-5.0,9,0
CUST12688,32.0,6,Basic,Monthly,403.98,17,10,225,203,9.3,8.1,3,1,81.7,1,0,44.0,4,1
CUST12689,36.0,6,Basic,Monthly,440.4,21,20,222,131,32.4,33.7,2,1,10.6,2,15,63.0,4,0
CUST12690,24.0,18,Premium,Quarterly,1165.45,12,3,273,40,31.6,16.7,0,0,12.3,0,0,52.0,4,0
CUST12691,45.0,4,Basic,Monthly,458.41,9,6,208,129,7.8,7.0,1,1,6.0,0,15,55.0,8,0
CUST12692,60.0,17,Basic,Monthly,391.23,15,14,222,125,8.9,8.9,3,1,22.3,1,0,32.0,9,1
CUST12693,22.0,14,Standard,Annual,841.54,10,4,207,117,14.9,10.6,1,0,6.5,2,15,43.0,3,1
CUST12694,22.0,14,Premium,Quarterly,1110.22,17,12,233,196,24.6,25.1,4,1,40.2,1,15,2.0,9,0
CUST12695,47.0,13,Standard,Monthly,832.59,22,9,209,54,21.8,16.4,2,0,56.6,1,0,38.0,5,1
CUST12696,49.0,7,Premium,Quarterly,1192.05,17,6,243,55,31.0,19.9,2,1,27.3,2,15,45.0,11,1
CUST12697,25.0,44,Standard,Quarterly,711.25,10,5,213,127,16.2,9.9,1,0,21.5,0,5,28.0,12,0
CUST12698,27.0,15,Basic,Monthly,365.76,16,7,241,118,13.8,8.4,2,1,7.5,0,5,43.0,7,1
CUST12699,55.0,19,Premium,Monthly,1112.71,18,7,234,56,18.3,12.7,4,2,39.5,0,5,-7.0,7,0
CUST12700,64.0,43,Standard,Annual,669.94,12,13,236,155,17.0,17.8,3,1,4.4,0,0,10.0,6,0
CUST12701,49.0,47,Basic,Monthly,378.89,17,15,251,238,17.8,17.2,3,1,26.8,0,10,74.0,7,0
CUST12702,65.0,44,Standard,Monthly,709.05,13,3,233,62,18.6,12.9,0,0,10.8,0,0,48.0,5,0
CUST12703,45.0,35,Basic,Monthly,460.66,20,2,229,52,30.7,18.6,0,0,26.4,0,0,33.0,5,1
CUST12704,34.0,17,Basic,Quarterly,409.49,5,4,250,249,18.7,16.0,5,0,8.6,0,10,66.0,7,0
CUST12705,48.0,35,Basic,Monthly,410.45,12,10,259,247,11.6,11.5,2,1,4.4,2,0,77.0,3,0
CUST12706,25.0,19,Standard,Monthly,720.14,16,15,233,219,16.3,17.1,1,0,14.7,0,5,87.0,15,0
CUST12707,57.0,20,Premium,Monthly,1102.48,17,8,235,135,22.4,14.6,2,0,30.2,0,0,-5.0,8,1
CUST12708,42.0,36,Standard,Annual,607.56,9,9,225,129,21.6,21.4,5,0,27.8,0,5,77.0,13,0
CUST12709,26.0,35,Premium,Monthly,1116.67,10,8,221,188,21.3,20.3,1,0,36.1,0,0,13.0,11,0
CUST12710,19.0,32,Basic,Monthly,378.47,17,8,213,45,7.8,4.2,0,0,14.9,0,15,50.0,6,0
CUST12711,32.0,48,Basic,Annual,296.06,11,8,212,213,8.6,9.3,6,3,33.8,2,5,57.0,6,0
CUST12712,20.0,44,Basic,Monthly,361.06,16,13,207,150,17.2,16.7,4,1,17.1,0,0,82.0,8,0
CUST12713,53.0,40,Basic,Annual,323.75,23,6,220,59,20.7,11.9,3,3,7.2,1,0,54.0,7,0
CUST12714,21.0,24,Basic,Annual,425.82,13,12,241,196,13.0,13.7,4,2,8.4,0,5,49.0,6,1
CUST12715,31.0,17,Standard,Annual,672.2049999999999,13,11,236,224,27.0,27.1,1,0,8.1,0,5,21.0,6,0
CUST12716,58.0,7,Premium,Monthly,1182.46,15,9,225,154,21.2,21.9,3,1,10.8,0,15,0.0,8,0
CUST12717,58.0,43,Premium,Quarterly,1094.5,17,11,223,228,14.9,16.0,1,0,18.2,0,0,20.0,9,0
CUST12718,42.0,1,Basic,Quarterly,385.96,21,17,222,182,34.7,32.0,3,1,35.1,0,15,77.0,4,0
CUST12719,27.0,35,Premium,Annual,1217.07,13,12,217,211,15.2,14.8,2,1,33.9,1,10,43.0,11,0
CUST12720,38.0,32,Basic,Monthly,443.59,21,19,251,204,15.8,15.8,2,0,15.3,0,5,84.0,9,0
CUST12721,53.0,36,Basic,Quarterly,495.44,19,13,228,213,15.5,14.5,1,1,23.1,4,15,43.0,8,0
CUST12722,29.0,13,Premium,Monthly,1260.52,15,6,241,98,18.3,13.4,1,0,14.3,0,15,62.0,6,0
CUST12723,44.0,6,Standard,Monthly,708.06,15,11,234,222,11.6,11.8,1,1,3.4,0,10,46.0,8,0
CUST12724,57.0,14,Basic,Monthly,383.31,13,13,218,177,22.4,23.2,2,1,34.9,0,0,74.0,9,0
CUST12725,19.0,37,Standard,Quarterly,658.14,14,12,205,159,23.2,24.5,3,0,26.2,0,0,36.0,11,0
CUST12726,30.0,48,Basic,Monthly,473.56,15,11,229,139,22.0,20.1,3,0,4.2,0,5,39.0,3,0
CUST12727,49.0,15,Standard,Monthly,708.16,8,6,224,206,15.3,15.8,1,1,29.6,0,0,72.0,7,0
CUST12728,48.0,47,Standard,Annual,733.68,8,3,238,111,15.3,8.2,1,0,25.5,3,5,-10.0,8,0
CUST12729,33.0,4,Premium,Monthly,1166.54,10,8,247,160,21.7,23.0,1,0,9.0,0,5,38.0,6,0
CUST12730,49.0,40,Basic,Quarterly,330.75,14,13,257,158,19.3,18.8,3,2,22.6,0,5,0.0,7,0
CUST12731,49.0,16,Standard,Monthly,676.98,8,8,259,143,13.2,12.9,5,4,55.9,0,5,41.0,8,0
CUST12732,51.0,28,Standard,Monthly,682.34,13,10,250,220,5.9,5.1,1,1,22.5,0,0,31.0,11,0
CUST12733,28.0,16,Standard,Quarterly,709.55,17,11,222,152,15.6,16.6,3,2,23.2,1,0,57.0,2,0
CUST12734,27.0,4,Basic,Annual,358.44,23,20,208,130,21.1,20.8,0,0,16.6,0,5,54.0,5,0
CUST12735,32.0,45,Standard,Monthly,700.37,17,16,211,150,21.0,20.9,3,0,28.1,0,5,35.0,7,0
CUST12736,34.0,26,Premium,Quarterly,1263.77,12,1,242,129,8.9,6.0,3,1,27.5,2,0,18.0,5,1
CUST12737,57.0,28,Premium,Monthly,1106.99,19,5,234,85,23.0,18.5,3,1,31.1,0,0,44.0,5,0
CUST12738,35.0,32,Premium,Monthly,1082.57,16,15,208,153,29.1,25.0,2,0,19.1,1,0,75.0,3,0
CUST12739,26.0,45,Premium,Monthly,1267.53,17,13,236,188,15.9,17.2,3,2,13.4,0,5,17.0,9,0
CUST12740,42.0,2,Standard,Monthly,618.5,19,16,240,183,16.8,17.9,2,0,23.6,1,5,4.0,5,0
CUST12741,57.0,31,Premium,Monthly,1178.1,11,4,249,47,14.9,11.3,4,2,38.4,0,0,-4.0,12,1
CUST12742,31.0,3,Basic,Monthly,432.47,11,10,216,122,15.9,15.9,1,0,2.4,0,5,4.0,6,1
CUST12743,42.0,8,Standard,Monthly,695.74,12,4,211,50,25.3,14.9,1,0,21.4,0,0,42.0,8,1
CUST12744,39.0,24,Basic,Monthly,394.97,18,11,240,161,13.3,14.0,1,0,57.9,1,10,7.0,9,0
CUST12745,47.0,15,Standard,Monthly,702.98,11,7,242,220,19.5,20.2,1,1,21.0,1,15,33.0,11,1
CUST12746,37.0,43,Basic,Monthly,537.53,15,7,232,124,16.3,13.3,4,0,49.7,0,0,54.0,10,1
CUST12747,38.0,31,Premium,Annual,1296.93,16,3,243,61,19.1,10.9,2,2,13.6,0,0,-10.0,8,0
CUST12748,61.0,9,Basic,Quarterly,360.85,13,3,221,97,16.3,11.5,2,0,24.0,2,10,67.0,10,0
CUST12749,49.0,39,Basic,Monthly,456.8,15,2,217,50,22.9,17.5,1,0,23.9,0,15,78.0,5,1
CUST12750,63.0,45,Standard,Annual,726.8,14,10,241,187,24.2,25.2,0,0,20.5,1,5,89.0,4,0
CUST12751,38.0,2,Basic,Quarterly,397.93,16,5,218,119,20.2,9.4,3,1,87.1,1,0,79.0,8,1
CUST12752,52.0,8,Basic,Monthly,349.07,13,10,197,114,16.7,15.2,5,2,15.7,1,15,100.0,7,0
CUST12753,49.0,7,Basic,Monthly,423.83,16,12,215,218,22.7,23.9,4,2,12.5,0,5,48.0,6,0
CUST12754,47.0,44,Standard,Quarterly,682.17,12,9,232,226,13.5,14.0,3,1,16.3,1,5,62.0,4,0
CUST12755,56.0,39,Standard,Monthly,678.12,8,4,228,111,20.6,9.3,2,2,3.9,0,5,36.0,3,0
CUST12756,29.0,42,Standard,Quarterly,656.81,17,16,237,221,14.9,15.9,1,1,24.0,1,0,59.0,8,0
CUST12757,58.0,16,Standard,Quarterly,753.99,14,8,219,155,19.3,17.0,1,1,7.6,1,10,45.0,6,0
CUST12758,64.0,35,Standard,Quarterly,656.77,19,20,255,233,12.2,10.7,2,1,2.9,2,5,0.0,13,0
CUST12759,35.0,30,Basic,Annual,357.11,22,20,256,207,25.1,23.5,2,0,11.5,1,20,4.0,4,0
CUST12760,38.0,10,Basic,Monthly,441.79,20,6,221,64,10.5,5.2,1,0,21.0,1,0,87.0,6,0
CUST12761,30.0,38,Standard,Monthly,691.06,17,6,217,90,17.2,12.6,1,0,12.8,0,5,46.0,9,0
CUST12762,38.0,18,Basic,Annual,392.54,11,8,202,209,9.1,8.7,4,0,12.9,0,5,78.0,9,0
CUST12763,25.0,5,Basic,Monthly,455.81,15,13,211,204,25.0,22.2,1,1,9.8,3,15,28.0,10,0
CUST12764,63.0,29,Standard,Quarterly,771.25,17,15,209,198,27.3,28.1,5,2,70.5,0,0,20.0,13,0
CUST12765,57.0,39,Standard,Annual,581.97,7,5,222,156,10.9,10.9,2,0,23.9,0,10,40.0,13,0
CUST12766,63.0,34,Basic,Quarterly,391.92,16,12,239,166,19.9,21.9,3,2,21.8,1,5,62.0,7,0
CUST12767,24.0,43,Basic,Monthly,321.44,10,7,232,194,16.2,16.9,2,1,15.8,1,5,77.0,11,1
CUST12768,40.0,45,Premium,Monthly,1177.73,15,8,224,53,21.1,16.8,3,0,14.2,0,15,47.0,5,0
CUST12769,61.0,23,Premium,Monthly,1198.63,15,12,240,244,27.5,28.3,3,0,17.9,0,5,58.0,9,0
CUST12770,49.0,5,Standard,Monthly,679.48,8,2,271,95,20.3,10.7,2,0,1.7,0,10,38.0,9,0
CUST12771,28.0,30,Standard,Quarterly,642.61,10,8,231,197,13.4,14.6,5,1,37.7,1,5,78.0,12,1
CUST12772,39.0,6,Standard,Quarterly,639.82,19,19,213,194,13.9,11.8,2,2,35.2,0,0,79.0,7,0
CUST12773,39.0,46,Premium,Quarterly,1239.04,16,10,249,165,15.9,14.4,2,1,6.6,0,0,22.0,8,0
CUST12774,60.0,44,Premium,Monthly,1283.41,12,7,233,176,13.6,13.3,2,0,5.2,1,0,52.0,8,0
CUST12775,42.0,4,Basic,Monthly,285.67,19,11,242,156,22.6,19.6,1,0,15.0,1,10,17.0,11,1
CUST12776,39.0,29,Premium,Quarterly,1180.98,19,15,235,211,23.1,21.6,4,2,12.1,0,0,62.0,10,0
CUST12777,45.0,23,Basic,Monthly,439.26,17,15,252,247,25.6,24.9,0,0,42.0,1,10,32.0,7,0
CUST12778,46.0,6,Basic,Monthly,397.21,16,13,261,258,15.5,14.9,5,1,25.7,0,0,22.0,8,1
CUST12779,30.0,32,Standard,Quarterly,637.75,8,6,234,207,24.9,24.1,2,1,19.8,2,5,-9.0,8,1
CUST12780,35.0,42,Standard,Quarterly,672.72,16,12,225,163,28.1,30.1,3,2,19.9,0,0,69.0,7,0
CUST12781,19.0,18,Premium,Monthly,1215.62,17,6,233,42,10.0,4.8,1,1,19.2,1,0,47.0,12,1
CUST12782,46.0,15,Basic,Annual,382.1,12,5,236,98,15.1,11.1,2,2,10.7,1,0,48.0,7,1
CUST12783,38.0,40,Standard,Monthly,696.36,22,6,207,84,17.4,8.9,3,1,7.6,3,15,63.0,11,0
CUST12784,32.0,32,Premium,Annual,1197.95,17,11,227,172,22.9,21.1,3,1,7.6,0,0,23.0,9,0
CUST12785,44.0,9,Premium,Monthly,1170.16,15,14,223,225,26.0,26.4,3,0,6.1,0,0,19.0,7,0
CUST12786,48.0,37,Basic,Monthly,443.91,5,4,223,216,7.6,7.0,2,1,14.2,0,15,56.0,6,0
CUST12787,32.0,10,Standard,Annual,672.74,10,7,208,206,14.0,13.1,3,1,18.7,1,0,71.0,6,0
CUST12788,40.0,20,Standard,Monthly,643.7,13,10,240,240,24.9,26.7,1,1,18.8,2,5,55.0,10,1
CUST12789,41.0,6,Basic,Quarterly,521.63,16,8,242,145,12.9,7.5,1,0,2.5,2,15,82.0,8,0
CUST12790,61.0,48,Premium,Annual,1194.72,18,3,219,103,22.8,18.1,5,2,22.9,0,10,56.0,8,1
CUST12791,30.0,3,Premium,Annual,1055.99,17,11,235,196,21.4,22.4,3,1,27.2,0,10,55.0,14,1
CUST12792,39.0,42,Basic,Annual,468.01,13,10,227,129,22.7,19.7,1,1,8.0,0,5,63.0,9,0
CUST12793,60.0,11,Basic,Monthly,467.83,19,5,233,123,22.7,18.2,3,1,23.7,2,10,36.0,6,1
CUST12794,54.0,43,Basic,Quarterly,424.14,12,8,222,174,15.4,13.5,2,1,7.8,0,20,11.0,4,0
CUST12795,50.0,17,Premium,Monthly,1233.74,11,11,222,153,16.4,14.7,3,2,15.3,0,15,42.0,6,0
CUST12796,20.0,32,Basic,Monthly,517.79,22,19,236,244,15.9,13.8,0,0,30.7,2,5,60.0,7,0
CUST12797,36.0,4,Standard,Annual,646.05,13,4,214,91,19.4,13.3,2,1,9.9,2,0,21.0,7,1
CUST12798,40.0,4,Standard,Monthly,706.33,16,11,224,229,5.2,4.5,3,2,26.4,0,20,7.0,6,1
CUST12799,42.0,17,Standard,Monthly,807.33,18,17,208,131,20.9,20.5,0,0,3.7,0,0,24.0,8,0
CUST12800,47.0,41,Basic,Monthly,518.99,9,7,244,180,28.3,25.7,3,3,8.1,0,0,75.0,11,0
CUST12801,56.0,19,Basic,Quarterly,378.86,16,11,234,178,19.2,18.1,1,0,15.8,0,0,54.0,3,0
CUST12802,61.0,5,Premium,Annual,1309.56,16,16,223,204,17.3,16.8,1,0,2.2,0,0,39.0,13,0
CUST12803,64.0,32,Premium,Monthly,1243.14,9,5,250,164,18.4,17.8,3,1,24.0,1,10,18.0,12,0
CUST12804,42.0,22,Standard,Monthly,781.24,18,8,242,34,21.2,10.8,1,0,13.6,0,0,49.0,6,0
CUST12805,54.0,6,Basic,Annual,441.34,16,7,254,114,24.9,20.5,2,0,21.3,0,0,47.0,9,0
CUST12806,64.0,35,Basic,Monthly,415.8,19,20,244,231,17.6,16.3,2,0,30.1,0,0,53.0,8,1
CUST12807,25.0,22,Standard,Monthly,820.52,20,16,238,144,17.0,14.6,5,2,4.1,1,0,100.0,11,0
CUST12808,59.0,1,Basic,Monthly,369.93,17,16,232,183,9.8,10.5,5,3,26.9,1,10,54.0,11,0
CUST12809,33.0,20,Premium,Monthly,1303.63,24,13,231,236,18.3,20.0,0,0,13.0,0,5,25.0,9,0
CUST12810,25.0,22,Standard,Monthly,812.34,10,1,228,53,10.8,7.7,1,0,39.6,5,10,7.0,7,1
CUST12811,18.0,48,Basic,Annual,473.97,17,7,250,119,14.7,12.5,3,0,17.3,0,10,28.0,7,1
CUST12812,61.0,11,Premium,Monthly,1195.05,9,8,252,200,23.3,20.6,1,1,27.0,1,0,31.0,9,0
CUST12813,22.0,13,Premium,Annual,1212.44,11,7,247,251,24.1,23.4,1,1,14.0,0,10,63.0,15,0
CUST12814,20.0,42,Basic,Annual,328.89,14,11,249,198,20.8,19.2,7,2,14.8,0,10,27.0,7,0
CUST12815,18.0,3,Standard,Quarterly,674.11,14,11,230,173,25.3,27.8,6,3,11.7,1,0,17.0,7,0
CUST12816,21.0,9,Basic,Monthly,433.14,13,8,225,197,8.1,7.3,2,1,24.7,1,0,55.0,4,0
CUST12817,57.0,12,Standard,Monthly,620.53,11,8,220,224,27.8,26.2,3,1,18.8,0,0,27.0,11,1
CUST12818,52.0,23,Basic,Monthly,382.61,11,10,241,138,12.9,13.0,2,0,16.2,0,0,56.0,10,1
CUST12819,49.0,14,Standard,Annual,805.97,15,11,221,139,19.8,18.5,2,1,1.0,0,5,21.0,8,0
CUST12820,59.0,33,Premium,Monthly,1190.51,9,2,234,126,14.0,8.0,3,1,20.1,1,0,30.0,3,1
CUST12821,51.0,18,Standard,Monthly,755.85,12,12,242,143,19.9,21.7,1,1,43.4,0,0,27.0,7,0
CUST12822,60.0,41,Basic,Monthly,430.16,20,11,257,180,18.1,17.7,2,2,18.7,0,0,52.0,9,0
CUST12823,42.0,9,Standard,Monthly,682.08,17,14,248,165,24.8,26.8,3,0,10.3,1,0,38.0,11,0
CUST12824,27.0,23,Basic,Monthly,390.47,15,7,255,49,32.8,27.3,2,1,5.1,0,0,11.0,7,1
CUST12825,38.0,10,Premium,Monthly,1208.18,11,4,234,112,23.3,12.0,3,1,30.4,0,5,9.0,10,1
CUST12826,63.0,19,Standard,Monthly,586.19,16,2,230,118,17.3,14.0,4,2,48.7,4,0,34.0,8,1
CUST12827,56.0,47,Basic,Monthly,451.08,16,15,247,252,27.2,24.0,1,1,41.6,0,15,7.0,10,1
CUST12828,44.0,5,Basic,Monthly,392.49,11,6,228,143,7.8,8.1,4,2,16.5,1,15,32.0,7,0
CUST12829,44.0,47,Standard,Quarterly,753.01,17,14,219,163,14.5,14.0,7,2,23.3,0,10,48.0,8,0
CUST12830,19.0,23,Basic,Monthly,420.35,19,18,209,142,16.6,15.8,3,1,23.7,0,0,12.0,11,0
CUST12831,58.0,30,Standard,Monthly,690.06,21,13,231,190,16.3,16.6,2,2,11.4,0,15,63.0,7,0
CUST12832,65.0,25,Basic,Monthly,409.87,14,8,210,193,13.6,14.0,1,0,14.1,1,0,77.0,11,0
CUST12833,30.0,28,Basic,Monthly,410.05,13,4,247,86,22.2,13.8,3,0,12.6,2,0,69.0,8,1
CUST12834,26.0,34,Standard,Annual,780.19,11,1,223,130,18.0,13.1,2,0,41.2,1,10,59.0,7,1
CUST12835,53.0,45,Premium,Monthly,1202.45,12,9,234,229,17.2,17.6,8,1,10.4,1,0,53.0,8,0
CUST12836,39.0,48,Premium,Quarterly,1214.85,14,6,264,133,26.5,13.9,3,1,25.0,0,5,48.0,8,0
CUST12837,59.0,47,Basic,Annual,329.6,14,13,227,143,15.3,15.8,1,0,42.2,1,10,51.0,11,0
CUST12838,43.0,25,Standard,Annual,696.41,19,20,237,159,24.2,21.4,4,1,15.5,1,0,27.0,10,0
CUST12839,29.0,10,Basic,Monthly,478.99,19,5,205,93,16.4,10.6,1,0,35.4,0,0,41.0,9,1
CUST12840,34.0,14,Standard,Monthly,722.59,19,15,236,245,16.5,14.8,3,0,28.5,0,20,46.0,8,0
CUST12841,31.0,42,Standard,Quarterly,639.54,16,15,236,174,13.4,12.6,0,0,23.8,1,10,58.0,4,0
CUST12842,31.0,46,Premium,Monthly,1145.44,18,8,208,114,9.3,5.9,1,1,28.7,0,0,2.0,4,0
CUST12843,51.0,30,Premium,Annual,1158.22,11,11,228,224,14.0,12.7,1,1,43.4,1,5,47.0,12,0
CUST12844,37.0,41,Standard,Quarterly,753.98,13,12,222,144,7.3,7.5,2,0,19.9,0,0,69.0,7,0
CUST12845,28.0,25,Standard,Quarterly,747.21,13,8,227,204,19.5,19.0,4,1,75.7,0,15,27.0,12,0
CUST12846,33.0,14,Premium,Monthly,1009.02,21,14,212,120,16.1,14.1,1,1,87.7,0,0,39.0,6,0
CUST12847,48.0,35,Premium,Quarterly,1194.52,21,14,224,125,24.5,23.2,2,1,13.4,0,10,-5.0,13,0
CUST12848,23.0,48,Basic,Quarterly,407.12,12,12,239,185,13.6,14.6,5,2,8.4,0,20,44.0,8,0
CUST12849,36.0,34,Basic,Annual,346.08,17,7,236,114,16.5,13.2,5,3,5.9,0,20,5.0,8,1
CUST12850,54.0,10,Standard,Monthly,677.52,17,14,243,151,25.3,23.8,3,0,7.2,0,0,28.0,5,0
CUST12851,21.0,35,Basic,Monthly,472.2,15,13,215,200,23.3,20.2,0,0,32.8,2,15,41.0,4,0
CUST12852,64.0,11,Basic,Monthly,421.49,16,15,211,130,18.8,16.6,2,0,46.1,0,0,27.0,10,1
CUST12853,21.0,11,Basic,Monthly,371.52,16,11,242,198,11.8,12.3,3,2,18.6,1,0,38.0,15,0
CUST12854,37.0,21,Standard,Monthly,688.7,16,5,244,82,21.5,14.0,2,0,5.7,2,0,51.0,8,1
CUST12855,27.0,21,Basic,Annual,386.47,11,9,249,231,16.3,15.0,3,3,40.9,1,5,41.0,7,1
CUST12856,41.0,22,Basic,Monthly,414.51,14,14,246,234,14.9,14.1,3,2,9.3,1,5,46.0,9,1
CUST12857,52.0,45,Basic,Annual,320.36,20,19,233,136,26.0,27.4,1,0,34.2,0,10,-5.0,12,0
CUST12858,43.0,7,Premium,Monthly,1162.16,13,10,239,154,26.8,25.5,2,1,52.1,0,15,38.0,11,0
CUST12859,54.0,17,Premium,Monthly,1255.95,12,7,222,221,12.7,13.2,3,2,19.7,0,0,-10.0,12,0
CUST12860,55.0,2,Standard,Monthly,695.01,13,11,232,176,28.3,26.1,3,0,13.3,0,0,32.0,5,0
CUST12861,38.0,12,Standard,Monthly,652.26,18,17,224,177,17.5,18.0,3,2,26.8,0,5,88.0,6,0
CUST12862,57.0,42,Premium,Annual,1154.52,13,11,217,138,22.7,21.9,4,1,15.4,1,10,65.0,8,0
CUST12863,56.0,18,Basic,Monthly,438.65,19,14,220,230,29.0,28.6,3,0,10.9,2,0,6.0,6,1
CUST12864,38.0,11,Basic,Quarterly,370.52,8,5,237,240,17.0,17.0,2,0,5.3,0,15,28.0,8,0
CUST12865,27.0,16,Basic,Monthly,427.1,17,17,234,129,19.6,18.8,0,0,22.7,2,0,38.0,7,1
CUST12866,55.0,18,Basic,Annual,364.52,18,9,232,112,22.3,12.1,2,2,18.3,0,10,55.0,5,0
CUST12867,63.0,35,Standard,Monthly,636.85,22,15,229,226,27.5,25.2,4,3,17.4,0,0,63.0,9,0
CUST12868,21.0,26,Premium,Monthly,1212.44,18,17,248,190,18.1,19.9,2,1,11.5,1,5,83.0,11,0
CUST12869,62.0,16,Standard,Monthly,693.64,16,17,234,180,22.9,24.6,2,2,14.9,1,15,18.0,6,0
CUST12870,37.0,6,Standard,Monthly,736.68,14,12,222,164,13.4,13.1,0,0,54.5,2,0,47.0,8,1
CUST12871,34.0,44,Premium,Monthly,1247.63,11,2,242,67,9.1,4.7,0,0,19.7,0,15,-2.0,10,1
CUST12872,24.0,43,Basic,Annual,379.31,10,3,222,89,13.9,7.1,2,0,21.0,3,5,52.0,6,0
CUST12873,21.0,47,Basic,Quarterly,418.19,18,10,228,177,13.9,14.8,0,0,11.9,0,10,54.0,9,0
CUST12874,46.0,47,Standard,Quarterly,677.62,18,12,238,194,23.9,25.8,6,2,18.6,1,10,43.0,10,0
CUST12875,31.0,48,Standard,Monthly,733.85,15,6,227,70,17.6,9.0,1,0,39.5,0,0,58.0,10,1
CUST12876,20.0,42,Basic,Monthly,411.84,13,8,245,231,14.3,14.8,3,1,10.9,0,15,20.0,9,0
CUST12877,41.0,12,Standard,Monthly,664.69,13,13,227,215,12.7,12.7,3,1,26.4,5,0,9.0,10,0
CUST12878,54.0,13,Standard,Annual,660.08,18,12,228,188,15.5,14.3,1,0,20.7,0,5,18.0,9,0
CUST12879,33.0,4,Standard,Annual,713.78,13,5,221,53,23.5,18.8,1,0,11.2,1,15,51.0,8,1
CUST12880,21.0,39,Standard,Annual,762.92,15,4,236,52,12.7,7.9,4,0,3.5,0,0,75.0,12,0
CUST12881,41.0,2,Basic,Annual,448.57,11,9,234,221,17.2,15.1,4,1,21.3,1,5,21.0,10,0
CUST12882,51.0,26,Basic,Monthly,347.13,16,7,262,56,15.7,10.7,6,2,19.8,0,0,25.0,8,1
CUST12883,47.0,27,Standard,Monthly,652.92,18,18,217,144,20.1,17.3,1,0,14.0,1,0,45.0,11,0
CUST12884,35.0,27,Basic,Monthly,361.02,11,2,241,71,29.0,18.0,3,1,20.5,0,0,100.0,9,0
CUST12885,36.0,15,Premium,Monthly,1166.19,14,13,220,154,14.1,14.0,1,1,17.6,0,15,31.0,5,0
CUST12886,48.0,8,Standard,Monthly,599.08,20,17,230,225,19.9,19.5,1,0,16.0,1,0,66.0,4,0
CUST12887,36.0,7,Basic,Monthly,442.45,13,8,258,244,17.9,18.4,2,0,16.9,4,0,38.0,9,1
CUST12888,63.0,47,Standard,Quarterly,673.93,12,3,235,32,15.2,11.5,1,0,40.1,0,15,28.0,4,0
CUST12889,36.0,46,Standard,Annual,724.41,19,16,203,121,18.3,16.3,2,1,11.3,1,0,9.0,9,1
CUST12890,39.0,40,Basic,Quarterly,381.63,11,11,235,241,28.9,25.5,0,0,15.3,0,10,34.0,11,0
CUST12891,41.0,12,Premium,Annual,1197.74,8,1,234,89,17.6,9.5,2,1,8.0,1,5,63.0,5,0
CUST12892,62.0,13,Premium,Monthly,1161.31,15,9,244,208,17.6,18.9,2,1,33.0,0,10,20.0,10,0
CUST12893,29.0,43,Standard,Monthly,697.45,13,8,211,201,15.7,15.0,0,0,21.9,1,0,44.0,6,0
CUST12894,47.0,17,Basic,Quarterly,351.08,14,10,225,139,20.5,21.5,0,0,15.5,0,10,21.0,3,0
CUST12895,55.0,17,Standard,Monthly,697.85,18,5,244,88,12.0,9.8,3,0,10.8,1,15,32.0,11,1
CUST12896,48.0,36,Standard,Monthly,779.15,19,5,224,37,18.7,12.8,2,1,23.8,1,0,4.0,4,1
CUST12897,53.0,21,Basic,Monthly,427.63,16,7,253,66,20.7,10.8,8,2,11.9,1,0,100.0,10,1
CUST12898,36.0,8,Basic,Monthly,415.01,18,15,245,223,12.9,12.3,3,1,14.4,0,20,50.0,9,0
CUST12899,65.0,5,Premium,Monthly,1126.41,17,15,256,161,27.6,25.3,4,1,15.6,0,0,34.0,5,0
CUST12900,62.0,26,Basic,Monthly,430.2,16,11,217,167,27.4,27.0,1,1,23.1,1,0,74.0,10,0
CUST12901,53.0,16,Standard,Monthly,735.54,21,14,232,156,31.5,32.9,4,2,7.3,1,0,40.0,6,0
CUST12902,47.0,36,Standard,Quarterly,713.75,13,2,236,84,21.4,10.0,5,1,35.6,1,0,53.0,10,0
CUST12903,50.0,28,Standard,Monthly,710.79,14,8,206,121,20.5,18.9,4,3,12.3,0,5,81.0,8,0
CUST12904,35.0,29,Basic,Monthly,391.29,8,3,233,74,17.5,8.5,2,0,10.1,2,0,79.0,13,1
CUST12905,45.0,47,Premium,Monthly,1234.72,25,8,228,85,18.4,15.4,4,1,33.4,0,0,13.0,5,0
CUST12906,64.0,12,Standard,Monthly,775.84,15,2,231,53,23.6,12.2,0,0,24.0,1,15,42.0,11,1
CUST12907,28.0,37,Standard,Quarterly,717.18,12,4,216,38,18.1,9.2,2,1,36.7,1,10,74.0,5,1
CUST12908,62.0,30,Standard,Quarterly,645.56,12,8,238,180,17.1,17.1,2,0,13.9,0,0,15.0,3,0
CUST12909,50.0,23,Standard,Quarterly,649.76,11,8,227,223,21.4,19.6,1,0,18.6,1,0,36.0,8,0
CUST12910,34.0,16,Premium,Monthly,1238.94,22,3,222,41,14.2,10.7,2,0,13.5,2,20,35.0,7,1
CUST12911,23.0,14,Standard,Monthly,646.0,18,14,203,139,27.5,25.1,0,0,8.3,0,20,55.0,7,1
CUST12912,21.0,10,Standard,Monthly,710.06,23,15,239,148,18.1,18.0,1,0,54.6,1,20,62.0,9,1
CUST12913,37.0,7,Premium,Monthly,1180.0,17,9,251,66,22.6,10.2,5,3,31.8,1,15,71.0,9,0
CUST12914,65.0,45,Standard,Monthly,640.03,22,8,247,131,13.2,8.1,3,0,21.8,0,5,44.0,7,1
CUST12915,64.0,37,Basic,Monthly,444.77,21,20,223,141,17.7,18.2,3,0,26.8,0,0,16.0,4,0
CUST12916,44.0,29,Basic,Monthly,437.87,17,10,255,246,15.6,14.8,3,1,36.8,2,20,33.0,7,0
CUST12917,32.0,3,Premium,Quarterly,1124.44,13,13,224,196,15.9,13.8,3,1,24.6,0,10,16.0,7,1
CUST12918,23.0,15,Standard,Monthly,725.48,19,18,222,124,11.2,10.6,1,0,16.9,0,10,25.0,9,0
CUST12919,64.0,36,Standard,Quarterly,717.44,13,12,236,241,24.3,26.8,5,1,19.2,0,10,60.0,12,0
CUST12920,31.0,47,Standard,Monthly,745.06,15,15,225,233,20.9,19.1,3,3,8.8,0,5,6.0,9,0
CUST12921,28.0,46,Basic,Monthly,408.17,10,6,221,224,9.5,8.7,2,1,22.6,1,5,28.0,8,0
CUST12922,56.0,19,Standard,Annual,777.48,20,13,233,187,16.7,14.9,1,0,19.6,0,0,64.0,11,0
CUST12923,26.0,13,Basic,Annual,392.03,28,19,230,152,16.7,15.3,0,0,13.5,3,0,59.0,10,0
CUST12924,43.0,42,Standard,Monthly,684.03,9,6,235,175,20.4,20.3,3,0,13.5,0,0,22.0,5,0
CUST12925,33.0,21,Standard,Monthly,645.39,20,8,241,119,17.1,10.1,1,0,6.3,0,5,20.0,6,0
CUST12926,22.0,37,Standard,Monthly,647.63,19,16,241,178,24.5,24.6,2,1,38.3,1,15,81.0,5,0
CUST12927,27.0,27,Standard,Monthly,642.65,11,6,229,207,23.8,22.7,1,1,26.3,0,0,51.0,9,0
CUST12928,20.0,29,Premium,Annual,1211.01,21,16,243,230,31.2,29.6,2,0,52.8,0,15,22.0,6,1
CUST12929,30.0,20,Standard,Annual,684.2,20,10,235,48,4.6,3.5,0,0,20.0,1,0,41.0,11,0
CUST12930,60.0,25,Basic,Quarterly,417.19,15,13,232,175,26.2,22.3,2,1,7.6,0,15,69.0,15,0
CUST12931,47.0,6,Basic,Monthly,332.49,19,20,224,230,22.8,23.9,3,1,12.6,1,0,20.0,10,1
CUST12932,62.0,36,Standard,Quarterly,651.94,19,15,243,164,16.9,16.5,3,1,40.4,0,5,19.0,5,0
CUST12933,23.0,2,Premium,Monthly,672.2049999999999,17,13,229,166,16.5,14.1,2,0,6.2,0,0,48.0,8,0
CUST12934,34.0,22,Premium,Annual,1318.31,13,10,232,132,17.5,16.1,2,0,5.1,3,0,8.0,9,0
CUST12935,62.0,32,Premium,Annual,1189.89,12,11,219,157,19.5,18.3,0,0,32.9,1,0,25.0,7,0
CUST12936,36.0,16,Basic,Monthly,395.35,12,7,223,164,14.8,15.4,2,1,14.8,1,10,31.0,6,0
CUST12937,59.0,18,Standard,Monthly,694.74,13,13,223,134,8.4,8.0,1,0,44.8,0,0,-10.0,7,0
CUST12938,52.0,5,Standard,Monthly,784.41,14,7,241,57,14.9,7.4,3,0,36.6,0,15,44.0,3,1
CUST12939,63.0,36,Basic,Monthly,310.27,11,3,221,116,16.4,7.9,5,0,22.9,2,10,57.0,5,1
CUST12940,43.0,30,Basic,Annual,395.71,10,10,235,165,21.4,18.4,0,0,9.9,1,0,91.0,10,0
CUST12941,22.0,45,Premium,Monthly,1109.75,16,16,238,133,10.9,11.9,2,1,8.1,2,5,57.0,9,0
CUST12942,46.0,19,Basic,Monthly,672.2049999999999,11,10,222,218,21.9,19.6,0,0,30.7,3,0,16.0,11,0
CUST12943,54.0,23,Basic,Monthly,358.62,20,11,244,205,10.8,9.9,1,1,24.1,1,5,31.0,9,0
CUST12944,37.0,34,Basic,Annual,421.67,16,15,235,149,20.4,21.4,1,1,23.8,1,10,89.0,5,0
CUST12945,38.0,13,Premium,Monthly,1155.12,14,6,232,118,21.3,17.4,3,1,26.7,1,0,53.0,10,1
CUST12946,27.0,43,Standard,Annual,720.77,16,12,214,145,17.2,16.4,0,0,27.5,0,10,68.0,3,0
CUST12947,22.0,29,Standard,Annual,704.86,16,10,223,148,18.3,19.5,4,1,21.1,1,5,28.0,6,0
CUST12948,53.0,36,Premium,Annual,1191.35,17,4,246,74,22.2,15.3,3,0,19.6,0,5,37.0,10,1
CUST12949,23.0,22,Basic,Monthly,468.57,11,10,205,131,14.5,13.4,2,0,9.1,1,10,40.0,4,0
CUST12950,43.0,47,Standard,Monthly,666.22,16,2,238,91,19.9,11.5,2,0,7.4,0,0,65.0,6,1
CUST12951,21.0,36,Basic,Monthly,419.94,8,8,234,223,15.9,16.7,3,1,11.2,0,0,31.0,10,0
CUST12952,56.0,9,Basic,Monthly,299.83,19,12,223,157,27.3,26.0,4,2,41.4,1,0,57.0,7,1
CUST12953,56.0,39,Premium,Monthly,1204.43,19,11,212,120,21.3,21.1,3,1,10.9,0,10,42.0,12,0
CUST12954,52.0,19,Standard,Quarterly,684.85,14,6,240,70,11.7,6.4,1,0,19.7,1,0,12.0,10,0
CUST12955,18.0,38,Standard,Monthly,633.98,21,20,239,145,28.9,31.5,2,0,13.2,2,15,42.0,11,0
CUST12956,41.0,6,Standard,Annual,720.92,13,13,242,241,24.0,23.5,1,0,12.4,1,5,70.0,12,0
CUST12957,53.0,47,Standard,Monthly,658.36,6,6,226,170,10.8,9.4,3,0,10.1,0,10,42.0,6,0
CUST12958,23.0,15,Basic,Quarterly,494.27,15,10,203,115,8.8,9.1,5,2,44.5,0,0,34.0,9,0
CUST12959,58.0,20,Basic,Quarterly,265.14,16,17,235,195,10.6,9.8,3,0,14.5,1,0,78.0,10,0
CUST12960,63.0,9,Basic,Quarterly,412.65,20,20,221,145,12.1,12.3,1,1,18.6,1,10,52.0,7,0
CUST12961,61.0,32,Basic,Annual,401.35,9,6,233,156,18.9,17.7,0,0,7.0,0,0,7.0,7,0
CUST12962,48.0,4,Premium,Quarterly,1183.55,8,7,234,148,18.5,19.0,0,0,23.8,1,0,35.0,7,0
CUST12963,37.0,18,Basic,Annual,369.89,11,9,248,231,22.4,21.1,2,1,14.5,1,0,49.0,6,0
CUST12964,41.0,5,Basic,Monthly,402.77,16,12,240,132,16.1,17.5,2,1,34.6,0,0,48.0,5,0
CUST12965,42.0,20,Standard,Monthly,757.42,15,16,220,169,16.4,14.5,0,0,2.6,2,0,55.0,10,0
CUST12966,53.0,23,Premium,Monthly,1107.03,18,7,243,68,18.7,12.0,3,2,18.8,0,15,38.0,5,1
CUST12967,38.0,11,Basic,Monthly,354.67,17,15,212,175,24.8,25.9,1,0,10.4,2,0,37.0,12,0
CUST12968,47.0,37,Basic,Monthly,341.23,9,2,227,106,6.6,3.0,3,0,32.1,1,10,42.0,10,1
CUST12969,41.0,22,Standard,Monthly,638.65,18,15,252,142,16.5,15.9,0,0,18.6,1,0,62.0,7,0
CUST12970,61.0,4,Standard,Monthly,717.85,13,2,238,36,25.9,15.8,2,0,19.8,2,15,25.0,10,1
CUST12971,59.0,29,Standard,Monthly,731.41,18,12,226,189,18.4,18.4,2,2,21.8,0,10,40.0,12,0
CUST12972,47.0,44,Premium,Monthly,1257.58,17,13,242,163,16.2,16.5,3,1,20.3,3,0,48.0,4,0
CUST12973,39.0,34,Premium,Annual,1232.28,13,13,223,208,13.1,11.2,5,2,2.4,0,10,29.0,2,0
CUST12974,45.0,13,Standard,Monthly,736.74,16,2,236,33,23.4,13.1,1,0,13.8,0,0,54.0,10,0
CUST12975,24.0,42,Standard,Quarterly,621.35,16,13,221,204,15.1,14.3,4,1,34.4,1,10,51.0,5,0
CUST12976,52.0,9,Standard,Monthly,780.6,20,13,217,182,15.1,14.5,0,0,15.6,0,15,-10.0,8,0
CUST12977,45.0,42,Basic,Annual,387.46,15,11,238,234,26.2,27.5,2,0,10.0,0,0,43.0,4,0
CUST12978,31.0,31,Premium,Annual,1255.81,19,18,249,205,11.7,11.5,1,1,12.7,0,5,77.0,11,0
CUST12979,27.0,7,Standard,Quarterly,623.31,13,12,246,158,27.8,30.5,2,0,33.4,1,5,79.0,7,0
CUST12980,33.0,4,Basic,Quarterly,385.72,13,2,211,110,19.0,9.0,3,0,1.7,0,5,59.0,12,0
CUST12981,33.0,19,Standard,Monthly,750.87,18,16,251,236,18.1,18.7,1,0,27.8,0,0,74.0,7,0
CUST12982,48.0,42,Basic,Annual,400.54,14,8,226,234,19.7,19.7,3,2,30.1,1,0,38.0,3,0
CUST12983,59.0,30,Standard,Annual,657.53,21,12,206,123,18.1,17.3,1,0,25.9,1,15,56.0,5,0
CUST12984,42.0,31,Standard,Annual,771.04,20,5,237,44,14.8,12.4,4,0,7.3,1,0,46.0,9,1
CUST12985,30.0,35,Standard,Quarterly,634.57,13,9,219,174,20.1,17.1,6,2,11.9,0,0,59.0,9,1
CUST12986,23.0,21,Premium,Monthly,1197.88,13,3,239,66,15.1,11.1,4,2,18.8,0,0,88.0,8,0
CUST12987,61.0,31,Basic,Annual,434.21,14,13,238,248,20.6,22.4,4,2,15.0,1,0,67.0,11,0
CUST12988,26.0,19,Standard,Monthly,814.26,11,2,246,59,31.9,16.3,3,1,26.4,0,10,33.0,4,0
CUST12989,62.0,31,Standard,Monthly,673.79,15,14,225,201,22.0,22.5,2,1,8.9,2,5,82.0,9,1
CUST12990,53.0,32,Standard,Monthly,683.8,15,6,232,103,16.9,9.7,3,1,33.1,2,5,48.0,6,1
CUST12991,60.0,2,Standard,Annual,674.54,13,12,241,169,19.5,19.4,2,0,28.6,2,10,58.0,7,0
CUST12992,37.0,10,Standard,Monthly,712.12,18,13,216,155,16.1,16.0,0,0,6.0,1,10,36.0,6,0
CUST12993,35.0,2,Standard,Monthly,731.34,15,10,250,142,16.9,15.6,2,1,7.4,0,0,60.0,4,0
CUST12994,60.0,2,Basic,Monthly,459.13,21,18,227,157,17.3,18.6,1,1,5.5,0,0,52.0,12,0
CUST12995,38.0,24,Premium,Quarterly,1240.58,14,9,227,144,20.9,22.5,6,1,12.2,1,0,70.0,7,0
CUST12996,21.0,17,Standard,Quarterly,671.64,17,6,237,102,23.4,17.6,5,2,23.8,0,10,29.0,8,1
CUST12997,50.0,32,Standard,Monthly,743.74,9,4,243,44,30.7,15.5,2,0,8.7,1,5,66.0,8,0
CUST12998,44.0,16,Basic,Monthly,404.04,12,8,230,215,21.9,18.9,3,1,28.2,0,0,-10.0,8,0
CUST12999,24.0,16,Basic,Quarterly,439.99,16,14,259,207,11.4,10.0,4,1,18.6,0,0,27.0,7,0
